customer_id,company_name,tenure_months,monthly_charges,contract_type,payment_method,has_tech_support,feature_adoption_rate,support_tickets_90d,late_payments_count,usage_trend_pct,nps_score,churn_probability_latent,churn
CUST-1000,Acro Analytics,37,478.75,Two-Year,Electronic Check,False,80.4,4,1,-42.5,5,0.4003,0
CUST-1001,IronClad Enterprises,23,88.66,Month-to-Month,Manual Invoice,False,70.4,5,0,-1.9,6,0.6687,1
CUST-1002,Pulse Group,24,69.88,One-Year,Credit Card,False,59.0,2,0,1.9,8,0.0861,0
CUST-1003,Acro Systems,28,317.77,Two-Year,Bank Transfer,False,64.5,7,0,-7.5,6,0.1247,0
CUST-1004,Skyline Logistics,49,590.64,Two-Year,Electronic Check,False,78.4,2,3,0.4,10,0.0159,0
CUST-1005,Cobalt Enterprises,10,233.64,Month-to-Month,Credit Card,False,71.3,2,0,8.7,8,0.1192,0
CUST-1006,Quantum Cloud,54,158.74,Two-Year,Manual Invoice,False,40.8,5,1,-9.7,6,0.1632,0
CUST-1007,Vanguard Networks,10,290.2,Month-to-Month,Bank Transfer,True,36.5,0,0,5.2,10,0.1447,0
CUST-1008,Apex Cloud,6,721.04,Month-to-Month,Electronic Check,False,78.9,0,0,38.7,10,0.0932,0
CUST-1009,Solace Global,51,55.29,Month-to-Month,Electronic Check,False,69.1,1,1,-9.7,9,0.0409,0
CUST-1010,Synthetix SaaS,16,89.84,Month-to-Month,Credit Card,False,51.3,2,1,-6.0,9,0.2847,0
CUST-1011,Nexus Ventures,8,934.87,Month-to-Month,Electronic Check,False,52.1,2,1,32.8,8,0.4132,0
CUST-1012,Solace Dynamics,5,711.2,Month-to-Month,Bank Transfer,False,51.2,1,0,10.1,8,0.5475,1
CUST-1013,Lumina Enterprises,19,91.7,Month-to-Month,Electronic Check,False,71.9,3,1,-10.7,10,0.4164,0
CUST-1014,Crest Healthcare,53,296.4,Two-Year,Electronic Check,False,48.7,4,2,-1.2,8,0.0458,0
CUST-1015,Omni Finance,35,54.89,Two-Year,Credit Card,False,66.0,6,0,-7.3,5,0.2451,0
CUST-1016,IronClad Global,11,136.41,Month-to-Month,Credit Card,True,63.2,5,2,-38.5,5,0.8944,1
CUST-1017,Skyline Ventures,37,665.25,Two-Year,Bank Transfer,True,74.0,2,0,5.1,10,0.0055,0
CUST-1018,DataCore Healthcare,54,101.4,Two-Year,Manual Invoice,False,75.7,2,1,-26.2,9,0.0134,0
CUST-1019,Vanguard Solutions,11,888.46,One-Year,Electronic Check,False,68.6,10,0,20.7,3,0.8931,1
CUST-1020,Skyline Logistics,2,81.51,Month-to-Month,Bank Transfer,False,44.1,2,1,-0.0,8,0.5415,1
CUST-1021,Stratum Logistics,13,316.41,One-Year,Electronic Check,True,40.1,3,0,-27.5,6,0.5215,1
CUST-1022,Aero Analytics,55,91.15,Two-Year,Credit Card,True,98.0,1,1,-12.8,7,0.004,0
CUST-1023,Veritas SaaS,33,194.94,One-Year,Electronic Check,True,58.9,12,1,-17.0,6,0.8107,1
CUST-1024,Stratum Systems,14,260.06,Month-to-Month,Electronic Check,False,55.5,7,0,-43.3,4,0.973,1
CUST-1025,Apex Analytics,50,243.25,Month-to-Month,Electronic Check,True,83.6,3,0,64.0,8,0.0137,0
CUST-1026,IronClad Ventures,18,73.46,One-Year,Electronic Check,True,92.3,2,1,-42.4,4,0.4949,0
CUST-1027,Acro Ventures,7,52.4,Month-to-Month,Bank Transfer,False,46.2,1,2,15.1,8,0.3689,0
CUST-1028,Pulse Finance,17,113.16,Month-to-Month,Bank Transfer,False,40.1,3,1,-21.2,5,0.8369,1
CUST-1029,Vanguard Global,1,125.05,Month-to-Month,Manual Invoice,True,30.5,0,0,-15.2,6,0.6069,1
CUST-1030,Lumina Analytics,49,338.68,Two-Year,Credit Card,False,98.0,4,2,-3.6,5,0.0393,0
CUST-1031,Aero Cloud,42,356.23,Two-Year,Electronic Check,False,46.8,2,1,-17.3,5,0.1572,0
CUST-1032,Quantum SaaS,11,259.32,Month-to-Month,Electronic Check,False,57.7,8,2,10.8,4,0.9618,1
CUST-1033,Synthetix Networks,36,241.82,Two-Year,Electronic Check,False,46.3,2,0,-36.0,7,0.1486,0
CUST-1034,Crest Analytics,18,65.54,Month-to-Month,Electronic Check,False,31.4,6,1,-3.9,2,0.9739,1
CUST-1035,Aero Systems,22,101.1,One-Year,Credit Card,True,55.8,1,1,-9.9,6,0.2441,0
CUST-1036,Solace SaaS,13,90.68,One-Year,Credit Card,True,40.1,2,1,1.4,7,0.1579,0
CUST-1037,Crest Global,61,736.1,Two-Year,Credit Card,False,59.5,3,1,3.9,9,0.0053,0
CUST-1038,Quantum Global,49,357.71,Two-Year,Electronic Check,False,98.0,1,2,-51.3,6,0.0853,0
CUST-1039,Omni Finance,6,95.12,Month-to-Month,Electronic Check,False,65.3,0,1,5.9,8,0.5839,1
CUST-1040,Pulse Global,41,64.03,Two-Year,Electronic Check,True,85.9,4,3,5.2,7,0.0707,0
CUST-1041,Pulse Solutions,5,627.44,Month-to-Month,Electronic Check,False,73.0,2,0,10.7,4,0.6687,1
CUST-1042,Omni Group,39,320.92,One-Year,Bank Transfer,True,64.7,4,1,-21.2,7,0.0724,0
CUST-1043,Aero Finance,27,342.5,One-Year,Electronic Check,False,54.3,2,0,-36.3,8,0.4235,0
CUST-1044,Krypton Dynamics,20,98.79,One-Year,Bank Transfer,True,66.0,1,0,14.7,10,0.0094,0
CUST-1045,IronClad Group,18,132.42,Month-to-Month,Credit Card,False,63.8,3,2,32.9,10,0.1598,0
CUST-1046,Nexus Dynamics,50,1044.3,Two-Year,Electronic Check,True,58.6,4,1,4.5,4,0.2455,0
CUST-1047,Acro Dynamics,7,306.46,Month-to-Month,Bank Transfer,True,59.7,4,0,21.9,4,0.5768,1
CUST-1048,Nexus Ventures,8,64.04,Month-to-Month,Credit Card,True,43.3,0,0,28.3,10,0.0375,0
CUST-1049,Pulse Cloud,23,514.2,One-Year,Electronic Check,False,58.5,1,2,-17.8,7,0.6137,1
CUST-1050,Cobalt Labs,10,256.76,Month-to-Month,Bank Transfer,True,51.3,5,0,-7.7,4,0.8328,1
CUST-1051,Lumina Cloud,31,103.83,Two-Year,Electronic Check,False,38.9,0,1,21.7,8,0.016,0
CUST-1052,Vanguard Labs,7,130.67,Month-to-Month,Electronic Check,False,10.1,0,2,-44.5,6,0.9771,1
CUST-1053,Nexus Enterprises,7,95.44,Month-to-Month,Bank Transfer,False,38.3,1,1,13.3,10,0.19,0
CUST-1054,Hyperion Systems,45,114.22,Two-Year,Bank Transfer,True,98.0,4,1,19.5,10,0.0014,0
CUST-1055,Acro Systems,22,265.28,One-Year,Electronic Check,False,55.4,0,0,3.7,5,0.1229,0
CUST-1056,Stratum Ventures,9,100.57,Month-to-Month,Electronic Check,False,73.2,6,1,2.4,3,0.9697,1
CUST-1057,Acro Dynamics,31,898.2,One-Year,Bank Transfer,False,21.8,2,0,-14.9,5,0.6495,1
CUST-1058,Pulse Ventures,23,393.67,Month-to-Month,Electronic Check,False,41.7,2,1,-5.0,6,0.6944,1
CUST-1059,Apex Technologies,21,74.66,One-Year,Electronic Check,False,34.2,3,0,-10.8,5,0.6867,1
CUST-1060,Omni Logistics,10,336.98,Month-to-Month,Credit Card,False,54.0,3,1,2.5,7,0.4293,0
CUST-1061,Hyperion Labs,55,799.4,Two-Year,Manual Invoice,False,98.0,2,1,-8.6,6,0.0289,0
CUST-1062,Solace Cloud,27,208.21,Two-Year,Electronic Check,False,72.3,3,0,-45.9,3,0.5194,1
CUST-1063,Vanguard Technologies,16,134.19,One-Year,Bank Transfer,True,93.7,6,1,-36.0,3,0.714,1
CUST-1064,Vanguard Solutions,19,75.86,Month-to-Month,Credit Card,True,55.6,3,0,44.6,10,0.0684,0
CUST-1065,IronClad Global,34,275.7,Two-Year,Credit Card,True,92.5,1,1,11.2,7,0.0116,0
CUST-1066,Vanguard Technologies,18,226.96,One-Year,Bank Transfer,True,98.0,5,0,-62.4,4,0.3366,0
CUST-1067,Hyperion Systems,21,775.76,One-Year,Manual Invoice,False,59.1,1,1,27.2,6,0.1612,0
CUST-1068,Veritas Logistics,4,97.66,Month-to-Month,Electronic Check,False,45.4,2,1,-34.8,5,0.9238,1
CUST-1069,Stratum Finance,44,870.72,Two-Year,Electronic Check,True,41.8,2,0,21.3,10,0.0109,0
CUST-1070,IronClad Systems,33,29.0,One-Year,Manual Invoice,True,58.7,4,0,25.3,9,0.039,0
CUST-1071,Crest Ventures,7,513.43,Month-to-Month,Credit Card,True,58.7,0,1,2.5,10,0.2315,0
CUST-1072,Krypton Labs,29,261.72,Month-to-Month,Credit Card,False,98.0,4,1,-36.9,3,0.8719,1
CUST-1073,Acro Technologies,24,314.33,Two-Year,Credit Card,False,36.3,2,0,-18.9,4,0.2997,0
CUST-1074,DataCore Group,4,309.35,Month-to-Month,Bank Transfer,True,57.4,9,0,-6.3,7,0.932,1
CUST-1075,Quantum Global,31,96.8,Two-Year,Bank Transfer,False,28.0,3,0,-32.4,8,0.1554,0
CUST-1076,Hyperion Logistics,10,75.41,One-Year,Manual Invoice,True,49.5,2,2,-25.5,6,0.4912,0
CUST-1077,Acro Group,15,76.81,One-Year,Credit Card,False,65.7,2,0,11.8,9,0.0559,0
CUST-1078,IronClad Enterprises,16,66.79,Month-to-Month,Electronic Check,False,70.1,4,2,-33.3,3,0.9325,1
CUST-1079,Quantum Group,5,104.2,Month-to-Month,Credit Card,True,68.3,2,0,34.5,6,0.2658,0
CUST-1080,Acro Enterprises,35,224.77,Two-Year,Credit Card,False,73.4,0,0,-21.0,4,0.032,0
CUST-1081,Skyline Networks,3,331.0,Month-to-Month,Credit Card,True,67.5,1,0,-80.2,6,0.8855,1
CUST-1082,Apex Systems,27,90.2,One-Year,Credit Card,True,64.0,1,0,-17.5,8,0.0369,0
CUST-1083,Krypton Global,8,741.89,Month-to-Month,Electronic Check,False,36.4,3,1,-1.2,6,0.9248,1
CUST-1084,Synthetix Ventures,39,240.6,Month-to-Month,Credit Card,False,29.7,1,0,23.6,7,0.0737,0
CUST-1085,Solace Ventures,7,506.0,Month-to-Month,Credit Card,False,46.2,4,1,-22.2,10,0.7217,1
CUST-1086,DataCore Global,13,241.14,One-Year,Bank Transfer,False,56.2,2,0,-7.9,7,0.137,0
CUST-1087,Cobalt Healthcare,53,76.75,Two-Year,Credit Card,False,96.0,4,1,-12.8,9,0.014,0
CUST-1088,Acro Global,2,137.86,Month-to-Month,Electronic Check,True,53.6,2,1,37.5,8,0.4429,0
CUST-1089,Nexus Technologies,1,268.16,Month-to-Month,Credit Card,True,51.4,0,0,14.5,8,0.3416,0
CUST-1090,DataCore Group,6,108.11,Month-to-Month,Bank Transfer,False,64.5,1,1,-15.3,10,0.3208,0
CUST-1091,Stratum Labs,22,99.18,One-Year,Credit Card,False,56.2,0,1,51.3,10,0.0239,0
CUST-1092,Acro Networks,21,72.59,Month-to-Month,Credit Card,True,77.5,3,0,-3.7,7,0.2546,0
CUST-1093,Pulse Enterprises,39,86.17,Two-Year,Credit Card,False,98.0,7,1,-72.9,5,0.2207,0
CUST-1094,Stratum Global,1,71.1,Month-to-Month,Electronic Check,False,98.0,1,1,-37.7,10,0.38,0
CUST-1095,Hyperion Technologies,12,288.93,Month-to-Month,Bank Transfer,False,60.5,1,1,11.0,7,0.3519,0
CUST-1096,Skyline Systems,7,123.5,Month-to-Month,Electronic Check,False,63.8,1,1,-47.4,7,0.4706,0
CUST-1097,Solace Cloud,72,338.11,Two-Year,Credit Card,True,98.0,9,0,-9.5,3,0.0314,0
CUST-1098,IronClad Enterprises,6,311.25,Month-to-Month,Electronic Check,False,53.8,5,0,-29.5,3,0.9862,1
CUST-1099,Stratum Analytics,5,72.68,Month-to-Month,Electronic Check,False,70.1,2,0,28.4,6,0.4019,0
CUST-1100,Lumina Global,28,103.75,One-Year,Credit Card,False,40.7,2,1,-1.8,10,0.0785,0
CUST-1101,Lumina Systems,32,42.83,One-Year,Credit Card,True,58.4,6,1,-58.9,0,0.7521,1
CUST-1102,DataCore Ventures,3,78.69,Month-to-Month,Bank Transfer,False,79.0,5,0,12.9,8,0.2465,0
CUST-1103,Acro SaaS,2,99.59,Month-to-Month,Bank Transfer,False,41.2,4,0,27.1,6,0.6817,1
CUST-1104,Vanguard Technologies,29,103.51,One-Year,Bank Transfer,True,61.1,0,2,-36.9,10,0.0385,0
CUST-1105,Hyperion Technologies,32,320.19,Month-to-Month,Credit Card,True,33.1,1,0,-18.1,7,0.2329,0
CUST-1106,Lumina Enterprises,52,297.69,Two-Year,Credit Card,False,98.0,1,0,14.6,8,0.0041,0
CUST-1107,Lumina SaaS,5,80.11,One-Year,Credit Card,False,81.8,6,2,-6.0,9,0.3188,0
CUST-1108,Apex Ventures,7,98.45,Month-to-Month,Credit Card,True,60.9,1,0,60.8,10,0.0236,0
CUST-1109,Hyperion Healthcare,2,222.83,Month-to-Month,Credit Card,True,65.8,1,1,19.3,9,0.2256,0
CUST-1110,Nexus Technologies,13,597.96,Month-to-Month,Manual Invoice,True,66.8,8,1,36.0,8,0.5187,1
CUST-1111,Skyline Global,11,283.7,One-Year,Electronic Check,True,86.0,4,1,-11.5,4,0.4104,0
CUST-1112,Apex Solutions,9,290.39,Month-to-Month,Manual Invoice,False,47.3,1,1,6.6,9,0.4018,0
CUST-1113,Solace Systems,23,39.36,Month-to-Month,Electronic Check,True,76.5,7,0,-30.2,4,0.7972,1
CUST-1114,Synthetix Healthcare,27,96.38,One-Year,Electronic Check,True,84.6,3,0,-17.1,7,0.0412,0
CUST-1115,Quantum Logistics,33,889.09,Two-Year,Electronic Check,False,89.2,1,0,5.7,9,0.0172,0
CUST-1116,Cobalt Cloud,12,83.07,Month-to-Month,Credit Card,True,13.4,4,2,-31.6,3,0.9855,1
CUST-1117,Lumina Finance,46,1177.4,Two-Year,Electronic Check,False,56.8,0,0,-59.1,8,0.0765,0
CUST-1118,Synthetix Cloud,17,239.02,Month-to-Month,Bank Transfer,False,39.7,3,0,-20.7,6,0.7443,1
CUST-1119,Hyperion Analytics,23,258.33,Month-to-Month,Bank Transfer,False,64.9,1,2,18.9,6,0.3116,0
CUST-1120,Apex Networks,14,75.12,Month-to-Month,Credit Card,False,18.9,2,1,-4.2,7,0.5598,1
CUST-1121,Cobalt Finance,3,275.43,Month-to-Month,Credit Card,False,15.0,0,0,7.0,8,0.6637,1
CUST-1122,Omni Healthcare,18,260.28,Month-to-Month,Manual Invoice,True,98.0,1,0,-17.1,8,0.1071,0
CUST-1123,Nexus Dynamics,16,49.83,Month-to-Month,Bank Transfer,False,72.2,0,1,8.3,4,0.3894,0
CUST-1124,Synthetix Healthcare,43,71.34,Two-Year,Credit Card,False,70.3,0,0,46.5,10,0.0011,0
CUST-1125,Vanguard Analytics,39,732.43,Two-Year,Bank Transfer,True,74.0,1,0,37.0,8,0.003,0
CUST-1126,Quantum Labs,38,353.71,One-Year,Credit Card,False,69.3,4,2,-7.9,8,0.1777,0
CUST-1127,Vanguard Finance,4,140.06,Month-to-Month,Credit Card,False,76.1,0,2,-26.3,7,0.6504,1
CUST-1128,Skyline Analytics,13,118.39,Month-to-Month,Electronic Check,True,46.3,7,0,28.2,6,0.8278,1
CUST-1129,Acro Analytics,35,233.48,Month-to-Month,Credit Card,False,69.2,2,0,25.5,8,0.0996,0
CUST-1130,Stratum Technologies,13,238.25,One-Year,Electronic Check,False,63.4,4,1,-49.0,6,0.8261,1
CUST-1131,Pulse Healthcare,28,270.44,Two-Year,Electronic Check,False,42.5,1,1,-46.9,8,0.3108,0
CUST-1132,Acro SaaS,28,387.07,Month-to-Month,Credit Card,False,88.9,1,0,-33.6,5,0.2317,0
CUST-1133,Pulse Technologies,5,80.86,Month-to-Month,Manual Invoice,False,47.6,10,0,-37.3,2,0.9959,1
CUST-1134,Cobalt Ventures,56,200.35,Month-to-Month,Manual Invoice,True,92.1,3,0,18.5,10,0.014,0
CUST-1135,Aero Logistics,14,72.47,Month-to-Month,Credit Card,True,61.5,2,0,20.9,7,0.2406,0
CUST-1136,Crest Labs,23,886.27,Month-to-Month,Credit Card,True,94.6,3,1,-0.5,8,0.3487,0
CUST-1137,Acro Ventures,43,321.4,One-Year,Electronic Check,False,47.1,3,1,-12.5,4,0.399,0
CUST-1138,Omni Systems,13,79.99,One-Year,Credit Card,False,37.2,5,2,39.3,4,0.7121,1
CUST-1139,Omni Dynamics,14,102.09,Month-to-Month,Electronic Check,False,41.1,3,1,-8.2,5,0.8098,1
CUST-1140,DataCore Ventures,17,340.83,Month-to-Month,Electronic Check,False,62.8,0,0,2.8,7,0.2027,0
CUST-1141,Lumina SaaS,61,87.6,Two-Year,Credit Card,False,98.0,2,0,-13.7,9,0.0029,0
CUST-1142,Nexus Healthcare,6,106.52,Month-to-Month,Electronic Check,False,88.7,3,0,51.3,10,0.0918,0
CUST-1143,Solace Solutions,2,230.03,Month-to-Month,Electronic Check,True,9.4,1,1,15.0,4,0.9009,1
CUST-1144,Hyperion Healthcare,2,64.09,Month-to-Month,Bank Transfer,False,60.6,1,0,-23.9,6,0.4883,0
CUST-1145,Stratum Dynamics,13,168.01,Month-to-Month,Electronic Check,False,5.0,2,1,-34.8,8,0.9203,1
CUST-1146,Vanguard Labs,11,124.75,Month-to-Month,Electronic Check,False,74.2,3,0,-46.0,5,0.8084,1
CUST-1147,Omni Healthcare,44,236.79,Two-Year,Electronic Check,True,90.6,4,0,-9.4,9,0.01,0
CUST-1148,Vanguard Analytics,8,91.03,Month-to-Month,Electronic Check,False,56.6,2,1,-43.5,7,0.8078,1
CUST-1149,Nexus Cloud,8,100.1,Month-to-Month,Electronic Check,False,59.1,11,0,-57.2,2,0.9946,1
CUST-1150,DataCore Enterprises,43,1022.17,One-Year,Bank Transfer,True,69.4,2,0,25.7,8,0.0136,0
CUST-1151,Lumina Cloud,1,270.77,Month-to-Month,Electronic Check,True,39.6,0,0,27.3,9,0.3692,0
CUST-1152,Quantum Networks,39,71.51,Two-Year,Bank Transfer,True,75.3,4,2,20.3,6,0.0228,0
CUST-1153,Pulse Analytics,53,89.33,Two-Year,Electronic Check,False,66.3,5,0,-46.8,7,0.0825,0
CUST-1154,Vanguard Healthcare,13,357.04,Month-to-Month,Credit Card,True,77.5,5,0,-35.1,7,0.6121,1
CUST-1155,Vanguard Dynamics,24,269.79,One-Year,Credit Card,False,59.9,2,0,-16.7,8,0.087,0
CUST-1156,Aero Healthcare,1,578.12,Month-to-Month,Credit Card,False,38.1,1,0,43.0,10,0.3617,0
CUST-1157,Veritas SaaS,58,472.66,Two-Year,Credit Card,False,41.7,2,1,-4.4,5,0.0356,0
CUST-1158,Apex Networks,2,206.72,Month-to-Month,Manual Invoice,False,18.3,12,0,14.6,5,0.9866,1
CUST-1159,Vanguard Healthcare,50,106.61,Two-Year,Electronic Check,True,96.3,1,0,17.7,9,0.001,0
CUST-1160,Stratum Analytics,26,260.76,One-Year,Credit Card,False,53.6,4,0,-9.8,10,0.1213,0
CUST-1161,Nexus Analytics,17,243.55,Month-to-Month,Bank Transfer,True,66.9,1,1,11.3,6,0.261,0
CUST-1162,Nexus Global,31,67.1,One-Year,Electronic Check,False,98.0,2,2,-54.2,4,0.597,1
CUST-1163,Omni Analytics,49,87.13,Two-Year,Electronic Check,True,58.4,1,1,-54.4,3,0.2196,0
CUST-1164,Pulse Logistics,62,79.01,Two-Year,Electronic Check,False,61.1,1,0,8.5,8,0.0052,0
CUST-1165,Vanguard Technologies,1,78.17,Month-to-Month,Credit Card,False,52.7,4,1,-11.6,3,0.9601,1
CUST-1166,Nexus Healthcare,38,118.73,One-Year,Electronic Check,False,67.0,2,0,47.3,10,0.0132,0
CUST-1167,Solace Enterprises,25,372.28,Month-to-Month,Electronic Check,False,98.0,0,2,-39.5,9,0.2371,0
CUST-1168,Skyline Networks,22,183.4,Month-to-Month,Credit Card,True,92.9,2,2,-1.7,7,0.3362,0
CUST-1169,Veritas Global,5,299.66,Month-to-Month,Credit Card,True,68.9,3,3,-1.6,5,0.8734,1
CUST-1170,Synthetix Networks,18,65.58,Month-to-Month,Electronic Check,False,89.4,1,0,10.6,5,0.3328,0
CUST-1171,Krypton Labs,37,78.79,Two-Year,Electronic Check,False,62.5,1,1,24.5,7,0.0186,0
CUST-1172,Pulse Enterprises,6,298.56,Month-to-Month,Credit Card,True,62.8,2,1,-21.8,8,0.4561,0
CUST-1173,Apex Solutions,38,79.68,Two-Year,Manual Invoice,True,60.4,10,1,-9.2,2,0.4677,0
CUST-1174,Nexus Ventures,8,293.83,Month-to-Month,Credit Card,False,31.6,8,1,-10.0,9,0.7029,1
CUST-1175,IronClad Healthcare,10,871.13,Month-to-Month,Bank Transfer,False,82.1,0,0,34.1,10,0.0433,0
CUST-1176,Nexus Solutions,10,92.36,Month-to-Month,Electronic Check,False,68.6,4,1,-24.8,6,0.9444,1
CUST-1177,Omni Labs,5,68.83,Month-to-Month,Electronic Check,False,56.9,4,0,-36.7,5,0.9391,1
CUST-1178,Quantum Labs,1,242.25,Month-to-Month,Credit Card,False,55.3,2,2,-26.7,5,0.9332,1
CUST-1179,Lumina Healthcare,14,490.85,Month-to-Month,Bank Transfer,True,29.1,2,0,-27.6,10,0.5037,1
CUST-1180,Lumina Ventures,10,228.76,One-Year,Credit Card,True,38.5,4,1,-26.1,5,0.6743,1
CUST-1181,Veritas Solutions,29,1103.17,Month-to-Month,Bank Transfer,False,70.4,1,0,-6.4,9,0.1373,0
CUST-1182,Synthetix Labs,20,65.2,Month-to-Month,Manual Invoice,False,50.4,2,1,-28.8,7,0.6095,1
CUST-1183,Stratum Solutions,28,535.19,Month-to-Month,Electronic Check,False,59.0,2,3,-15.8,8,0.6659,1
CUST-1184,Lumina Global,34,93.0,Two-Year,Electronic Check,False,63.1,0,0,-24.5,6,0.0363,0
CUST-1185,Vanguard Ventures,30,82.24,Two-Year,Electronic Check,False,50.4,1,0,0.2,7,0.0437,0
CUST-1186,Nexus Analytics,17,714.79,Month-to-Month,Credit Card,False,40.7,6,0,-25.4,5,0.9392,1
CUST-1187,Nexus Healthcare,4,1003.63,Month-to-Month,Electronic Check,False,24.0,0,0,2.0,7,0.8771,1
CUST-1188,Vanguard Healthcare,9,98.73,Month-to-Month,Bank Transfer,True,54.8,7,1,-11.2,8,0.8087,1
CUST-1189,Aero Dynamics,43,71.75,Two-Year,Electronic Check,False,80.3,8,1,-34.5,2,0.422,0
CUST-1190,Crest Finance,1,74.39,Month-to-Month,Electronic Check,False,22.4,1,1,-22.4,6,0.9051,1
CUST-1191,Vanguard Cloud,25,72.44,Month-to-Month,Electronic Check,True,62.0,1,0,-14.4,10,0.0767,0
CUST-1192,Veritas Cloud,2,106.87,Month-to-Month,Manual Invoice,False,61.2,3,3,6.6,10,0.3581,0
CUST-1193,Aero Healthcare,33,694.53,Month-to-Month,Credit Card,False,45.1,0,0,36.9,10,0.0601,0
CUST-1194,IronClad Networks,28,172.41,Month-to-Month,Manual Invoice,False,91.8,3,0,-16.9,3,0.5925,1
CUST-1195,Apex Finance,42,277.1,One-Year,Manual Invoice,True,59.9,1,1,-6.9,8,0.0362,0
CUST-1196,Crest SaaS,14,187.78,Month-to-Month,Credit Card,True,57.2,4,0,-49.6,5,0.8555,1
CUST-1197,Lumina Cloud,23,411.05,One-Year,Electronic Check,True,58.7,1,1,-7.5,6,0.1871,0
CUST-1198,Nexus Dynamics,23,222.06,Month-to-Month,Electronic Check,True,26.5,1,2,-44.3,7,0.7617,1
CUST-1199,Cobalt Networks,8,270.29,Month-to-Month,Electronic Check,False,77.6,3,1,-21.2,6,0.7716,1
CUST-1200,Omni Logistics,41,91.46,Two-Year,Bank Transfer,True,48.2,0,0,31.9,9,0.0038,0
CUST-1201,Crest Logistics,40,262.68,Month-to-Month,Electronic Check,False,62.3,3,0,-41.5,10,0.3109,0
CUST-1202,Vanguard SaaS,61,262.6,Two-Year,Electronic Check,True,85.3,0,0,-17.6,8,0.0015,0
CUST-1203,Krypton Ventures,1,825.93,One-Year,Credit Card,True,84.5,2,0,-23.4,7,0.2548,0
CUST-1204,Acro Dynamics,22,1024.72,Month-to-Month,Credit Card,False,40.0,1,0,-39.7,8,0.7818,1
CUST-1205,Quantum Group,30,104.19,Two-Year,Credit Card,False,55.1,4,1,9.6,7,0.1088,0
CUST-1206,DataCore Technologies,25,368.71,Month-to-Month,Electronic Check,False,90.1,1,0,8.9,6,0.3298,0
CUST-1207,Pulse Healthcare,28,58.83,Two-Year,Bank Transfer,False,72.7,3,1,36.2,5,0.0175,0
CUST-1208,Veritas Healthcare,9,299.04,Month-to-Month,Credit Card,False,71.1,3,2,-38.9,6,0.8879,1
CUST-1209,Veritas Ventures,46,88.88,Two-Year,Electronic Check,False,47.8,2,0,-45.3,6,0.0925,0
CUST-1210,Skyline Logistics,49,93.78,Month-to-Month,Bank Transfer,False,62.1,1,0,25.5,5,0.0898,0
CUST-1211,IronClad Ventures,20,119.41,Month-to-Month,Manual Invoice,True,57.6,3,0,-13.0,10,0.1394,0
CUST-1212,Apex SaaS,47,266.75,One-Year,Electronic Check,False,51.9,14,0,-48.7,1,0.9665,1
CUST-1213,Skyline Dynamics,38,74.86,Two-Year,Credit Card,True,32.9,1,0,39.0,10,0.0038,0
CUST-1214,Lumina Analytics,45,846.12,Two-Year,Credit Card,False,58.3,5,1,-10.8,1,0.4079,0
CUST-1215,Crest Networks,57,40.54,Two-Year,Electronic Check,True,98.0,1,2,14.6,10,0.0021,0
CUST-1216,IronClad Networks,36,707.37,Two-Year,Bank Transfer,False,67.0,3,1,-24.6,5,0.0669,0
CUST-1217,Cobalt Ventures,5,271.95,Month-to-Month,Electronic Check,False,84.0,0,0,-13.1,10,0.2973,0
CUST-1218,Hyperion Technologies,11,61.99,Month-to-Month,Bank Transfer,True,61.9,4,1,-21.1,6,0.3654,0
CUST-1219,Pulse Solutions,1,111.43,Month-to-Month,Credit Card,False,40.0,5,0,6.8,7,0.8509,1
CUST-1220,Solace Ventures,3,216.27,Month-to-Month,Credit Card,True,81.5,3,0,-2.7,8,0.2609,0
CUST-1221,Hyperion Logistics,24,271.85,Month-to-Month,Electronic Check,True,66.4,2,1,5.7,7,0.2141,0
CUST-1222,Quantum Networks,15,297.59,One-Year,Electronic Check,False,78.7,8,1,-85.0,1,0.9851,1
CUST-1223,Krypton Healthcare,2,118.84,Month-to-Month,Electronic Check,False,34.2,3,3,-66.0,4,0.9961,1
CUST-1224,DataCore Global,23,279.37,One-Year,Electronic Check,False,82.7,1,0,-51.8,3,0.5943,1
CUST-1225,IronClad Labs,11,918.51,Month-to-Month,Electronic Check,False,79.7,1,2,-17.5,6,0.8838,1
CUST-1226,Pulse Analytics,21,102.51,Month-to-Month,Bank Transfer,False,67.1,10,0,-59.9,1,0.9792,1
CUST-1227,Omni Group,9,88.09,Month-to-Month,Electronic Check,False,41.6,2,0,41.2,6,0.5203,1
CUST-1228,Aero Ventures,10,57.76,One-Year,Bank Transfer,False,57.1,4,1,-12.5,7,0.1984,0
CUST-1229,Crest Global,31,193.93,One-Year,Credit Card,True,76.5,2,1,-0.6,7,0.0571,0
CUST-1230,Skyline Technologies,38,286.39,One-Year,Bank Transfer,True,71.1,0,0,-22.2,8,0.0189,0
CUST-1231,Skyline Ventures,2,71.43,Month-to-Month,Manual Invoice,True,67.6,5,2,-48.0,6,0.9187,1
CUST-1232,Hyperion Systems,23,107.98,One-Year,Electronic Check,False,82.1,5,3,13.8,6,0.2649,0
CUST-1233,Stratum Ventures,8,103.65,Month-to-Month,Bank Transfer,True,44.4,6,1,26.6,5,0.7048,1
CUST-1234,Nexus Systems,20,80.38,Month-to-Month,Credit Card,True,37.9,14,1,-31.6,2,0.9983,1
CUST-1235,Nexus Finance,13,56.06,Month-to-Month,Bank Transfer,False,58.1,3,1,-59.8,0,0.9774,1
CUST-1236,Apex Healthcare,7,841.93,Month-to-Month,Credit Card,True,50.5,3,0,-14.6,6,0.7309,1
CUST-1237,Omni Dynamics,3,218.92,Month-to-Month,Credit Card,False,71.6,0,1,7.8,10,0.188,0
CUST-1238,Pulse Group,29,66.04,Two-Year,Electronic Check,True,42.2,0,0,-0.7,10,0.0135,0
CUST-1239,Nexus Healthcare,48,573.71,Two-Year,Electronic Check,True,89.8,7,2,-79.0,2,0.5854,1
CUST-1240,Acro Healthcare,8,271.69,Month-to-Month,Credit Card,True,84.5,6,1,28.2,2,0.6944,1
CUST-1241,Hyperion Networks,11,350.21,Month-to-Month,Manual Invoice,True,58.3,1,1,-23.9,2,0.8164,1
CUST-1242,Vanguard Ventures,3,84.87,Month-to-Month,Bank Transfer,False,57.1,4,0,-40.5,7,0.7362,1
CUST-1243,Omni Labs,16,73.92,Month-to-Month,Electronic Check,True,44.4,4,1,-12.8,6,0.9001,1
CUST-1244,Hyperion Networks,26,475.39,Two-Year,Bank Transfer,True,51.9,1,0,31.6,10,0.005,0
CUST-1245,Veritas Ventures,27,313.13,Month-to-Month,Bank Transfer,False,54.9,6,0,-0.2,3,0.7567,1
CUST-1246,Hyperion Finance,25,65.49,One-Year,Electronic Check,False,91.4,1,0,-30.9,8,0.0658,0
CUST-1247,Lumina Global,52,287.05,Month-to-Month,Electronic Check,False,69.2,0,1,-37.0,10,0.0449,0
CUST-1248,Veritas Global,23,686.24,Two-Year,Electronic Check,False,35.5,0,0,-49.8,7,0.1832,0
CUST-1249,DataCore Solutions,6,105.95,Month-to-Month,Bank Transfer,False,61.9,3,0,-11.3,3,0.7387,1
CUST-1250,Solace Healthcare,17,270.57,One-Year,Bank Transfer,True,76.6,2,1,-17.8,10,0.0296,0
CUST-1251,Omni Solutions,14,739.39,Month-to-Month,Electronic Check,False,58.7,2,0,11.8,10,0.4452,0
CUST-1252,Acro Analytics,27,97.14,One-Year,Electronic Check,False,92.5,5,2,-37.1,5,0.6555,1
CUST-1253,Nexus Global,2,406.42,Month-to-Month,Bank Transfer,True,71.2,1,1,21.3,10,0.0796,0
CUST-1254,Hyperion Logistics,45,333.31,Month-to-Month,Manual Invoice,True,47.5,2,1,10.4,9,0.061,0
CUST-1255,Crest Networks,55,274.68,Two-Year,Bank Transfer,True,60.5,13,0,-52.2,3,0.4685,0
CUST-1256,Hyperion Analytics,52,85.08,Two-Year,Credit Card,True,75.1,4,0,2.8,4,0.0224,0
CUST-1257,Apex Analytics,52,71.88,Two-Year,Electronic Check,True,37.3,2,0,32.2,9,0.0059,0
CUST-1258,Crest Systems,42,223.0,One-Year,Credit Card,True,74.3,0,0,-19.0,10,0.0096,0
CUST-1259,Skyline Systems,57,71.18,Two-Year,Electronic Check,False,36.9,1,0,-3.3,9,0.0068,0
CUST-1260,Nexus Cloud,44,65.7,Month-to-Month,Bank Transfer,False,88.7,7,2,-31.8,5,0.6714,1
CUST-1261,Hyperion Group,10,101.33,Month-to-Month,Credit Card,False,76.1,3,0,-12.9,6,0.5467,1
CUST-1262,Quantum Healthcare,38,58.22,Month-to-Month,Bank Transfer,False,76.5,4,0,13.0,5,0.3051,0
CUST-1263,Omni Logistics,24,989.98,One-Year,Credit Card,True,48.7,4,0,15.0,4,0.4708,0
CUST-1264,Apex Technologies,13,103.8,Month-to-Month,Bank Transfer,False,62.3,11,1,-22.8,5,0.9374,1
CUST-1265,DataCore Cloud,11,753.69,Month-to-Month,Electronic Check,False,48.0,6,0,-4.0,5,0.8651,1
CUST-1266,Solace SaaS,11,85.01,One-Year,Credit Card,True,37.7,3,0,-18.1,4,0.5172,1
CUST-1267,Vanguard Ventures,41,246.56,Two-Year,Credit Card,True,60.5,4,1,-3.7,8,0.0247,0
CUST-1268,Nexus Technologies,1,91.75,Month-to-Month,Electronic Check,True,69.3,1,0,-30.1,6,0.5289,1
CUST-1269,Skyline Enterprises,4,345.29,Month-to-Month,Manual Invoice,True,57.1,8,0,43.0,5,0.7114,1
CUST-1270,Hyperion Ventures,10,237.81,Month-to-Month,Credit Card,True,87.0,5,0,23.8,6,0.4164,0
CUST-1271,Vanguard Technologies,7,46.67,Month-to-Month,Credit Card,True,72.4,3,2,9.9,7,0.3539,0
CUST-1272,Nexus Cloud,9,876.58,Month-to-Month,Bank Transfer,True,70.9,5,0,0.2,7,0.7486,1
CUST-1273,Crest Enterprises,15,93.11,One-Year,Bank Transfer,True,27.3,2,1,4.2,6,0.2013,0
CUST-1274,Solace Group,24,212.79,One-Year,Credit Card,False,56.5,1,0,-40.3,9,0.1393,0
CUST-1275,Krypton Ventures,41,617.99,One-Year,Manual Invoice,True,46.0,2,3,-47.5,7,0.3643,0
CUST-1276,Veritas SaaS,3,595.36,Month-to-Month,Electronic Check,True,52.2,1,0,-26.3,6,0.6275,1
CUST-1277,Skyline SaaS,48,619.58,Two-Year,Electronic Check,False,55.5,5,1,-13.5,5,0.2422,0
CUST-1278,Vanguard Logistics,12,76.91,Month-to-Month,Credit Card,False,51.0,4,0,-14.0,5,0.6879,1
CUST-1279,Lumina Systems,5,78.34,Month-to-Month,Electronic Check,True,77.7,0,0,25.3,9,0.0958,0
CUST-1280,Pulse Group,39,68.73,Two-Year,Credit Card,False,76.2,0,0,-19.1,10,0.0049,0
CUST-1281,Crest Systems,2,234.51,Month-to-Month,Electronic Check,True,75.7,0,0,30.7,8,0.1079,0
CUST-1282,Apex Labs,60,266.27,Month-to-Month,Credit Card,True,41.0,1,0,-18.5,8,0.0804,0
CUST-1283,Stratum Logistics,34,89.19,Two-Year,Bank Transfer,True,66.4,2,0,-11.4,6,0.0329,0
CUST-1284,Quantum Systems,6,261.02,Month-to-Month,Credit Card,False,76.1,6,0,9.4,7,0.6225,1
CUST-1285,Aero Group,23,113.97,One-Year,Manual Invoice,True,92.0,3,0,8.6,8,0.0189,0
CUST-1286,Cobalt Group,13,97.7,Month-to-Month,Bank Transfer,False,27.9,3,0,-35.3,9,0.6665,1
CUST-1287,Quantum Dynamics,22,184.55,One-Year,Electronic Check,True,54.6,0,0,31.6,7,0.0446,0
CUST-1288,Quantum Systems,1,311.42,Month-to-Month,Electronic Check,False,76.0,3,0,-1.8,8,0.5313,1
CUST-1289,Hyperion Dynamics,28,859.0,Month-to-Month,Electronic Check,True,59.6,5,0,-63.6,7,0.9125,1
CUST-1290,Vanguard Technologies,22,74.13,One-Year,Bank Transfer,False,43.4,3,0,-25.1,5,0.3256,0
CUST-1291,Vanguard Healthcare,15,190.29,Month-to-Month,Electronic Check,False,28.5,1,1,-13.2,7,0.8635,1
CUST-1292,Quantum SaaS,8,85.2,Month-to-Month,Electronic Check,False,38.4,0,0,-24.2,8,0.514,1
CUST-1293,Lumina Logistics,5,84.81,Month-to-Month,Manual Invoice,True,22.7,3,1,24.6,7,0.7402,1
CUST-1294,Hyperion Ventures,4,212.7,Month-to-Month,Credit Card,False,57.4,0,2,-14.4,8,0.597,1
CUST-1295,Lumina Logistics,15,488.78,Month-to-Month,Electronic Check,False,77.4,8,1,-12.5,6,0.9294,1
CUST-1296,Krypton Logistics,8,82.81,Month-to-Month,Electronic Check,True,32.2,6,0,-7.8,5,0.8132,1
CUST-1297,Vanguard Dynamics,43,79.17,Two-Year,Bank Transfer,False,73.1,2,2,6.6,7,0.0537,0
CUST-1298,Lumina Technologies,3,254.96,Month-to-Month,Bank Transfer,False,72.8,0,0,46.8,10,0.0543,0
CUST-1299,DataCore Healthcare,17,82.91,Month-to-Month,Electronic Check,False,60.0,2,0,15.9,7,0.4648,0
CUST-1300,Krypton Enterprises,12,551.5,Month-to-Month,Credit Card,True,26.4,1,0,45.6,8,0.1441,0
CUST-1301,Skyline Technologies,28,253.91,Month-to-Month,Bank Transfer,False,71.1,2,0,16.6,6,0.1821,0
CUST-1302,Quantum Ventures,47,98.33,Two-Year,Bank Transfer,True,68.0,0,0,8.3,8,0.0021,0
CUST-1303,Stratum Labs,16,259.0,Month-to-Month,Bank Transfer,False,56.7,2,0,7.0,9,0.1301,0
CUST-1304,Solace Dynamics,39,179.68,Two-Year,Credit Card,True,55.8,2,2,-76.6,5,0.4495,0
CUST-1305,Acro Ventures,2,73.18,Month-to-Month,Manual Invoice,False,57.3,5,0,-21.4,4,0.9222,1
CUST-1306,Veritas Finance,20,215.79,One-Year,Electronic Check,True,71.2,4,0,-10.6,6,0.2282,0
CUST-1307,DataCore Labs,44,91.68,One-Year,Electronic Check,False,98.0,2,1,5.0,8,0.0306,0
CUST-1308,IronClad Healthcare,28,299.13,Two-Year,Bank Transfer,True,65.6,8,0,-19.6,5,0.1688,0
CUST-1309,Hyperion Labs,41,43.53,One-Year,Credit Card,False,97.5,2,1,2.3,10,0.0111,0
CUST-1310,Solace Dynamics,24,886.62,One-Year,Bank Transfer,False,69.4,0,0,-28.1,6,0.1497,0
CUST-1311,DataCore Enterprises,46,57.2,Month-to-Month,Electronic Check,False,66.8,5,1,-54.5,4,0.8538,1
CUST-1312,Quantum Solutions,33,123.98,Month-to-Month,Bank Transfer,True,67.9,1,2,-37.6,8,0.3558,0
CUST-1313,Omni Dynamics,47,741.22,Two-Year,Electronic Check,True,44.7,1,1,36.3,7,0.0162,0
CUST-1314,Acro Group,5,53.84,Month-to-Month,Credit Card,True,62.6,0,1,-31.7,10,0.239,0
CUST-1315,Crest Systems,23,56.45,Month-to-Month,Electronic Check,False,22.1,4,2,-36.7,6,0.9381,1
CUST-1316,Acro Global,34,93.7,One-Year,Credit Card,True,47.9,7,1,-18.4,6,0.3722,0
CUST-1317,Hyperion Labs,5,75.22,Month-to-Month,Bank Transfer,False,58.7,3,0,-43.8,6,0.8491,1
CUST-1318,Cobalt Enterprises,11,732.6,Two-Year,Electronic Check,False,82.2,0,0,-16.8,10,0.0324,0
CUST-1319,Aero Finance,21,376.77,One-Year,Electronic Check,True,89.9,7,0,0.9,3,0.6057,1
CUST-1320,Solace Dynamics,8,67.52,One-Year,Credit Card,True,52.7,6,2,-34.0,8,0.6892,1
CUST-1321,Crest Systems,45,283.6,Two-Year,Bank Transfer,True,71.6,1,0,44.1,10,0.0006,0
CUST-1322,Solace Technologies,18,365.19,Month-to-Month,Electronic Check,True,80.1,0,1,-42.5,8,0.2417,0
CUST-1323,Synthetix Logistics,2,798.69,Month-to-Month,Electronic Check,False,29.0,1,1,-11.6,6,0.866,1
CUST-1324,Veritas Group,15,44.83,Month-to-Month,Electronic Check,False,67.6,5,0,-20.9,6,0.6984,1
CUST-1325,Pulse Systems,15,310.32,Month-to-Month,Manual Invoice,False,42.9,1,1,-3.2,6,0.754,1
CUST-1326,Stratum SaaS,25,210.22,One-Year,Electronic Check,True,59.1,2,0,-31.7,9,0.1692,0
CUST-1327,Apex Solutions,45,364.41,Two-Year,Electronic Check,False,59.3,3,1,-23.5,4,0.2284,0
CUST-1328,Hyperion Networks,38,230.63,Month-to-Month,Bank Transfer,True,75.1,0,2,14.7,9,0.0624,0
CUST-1329,Skyline Cloud,18,159.24,Month-to-Month,Credit Card,True,71.4,7,1,-27.7,4,0.8701,1
CUST-1330,Omni Group,42,368.04,Two-Year,Electronic Check,False,85.4,2,1,-32.7,3,0.1402,0
CUST-1331,Nexus Networks,21,232.2,Month-to-Month,Manual Invoice,False,68.3,2,1,46.0,7,0.2531,0
CUST-1332,DataCore Technologies,2,753.6,Month-to-Month,Credit Card,True,59.0,6,0,-11.8,6,0.8821,1
CUST-1333,Acro Dynamics,11,103.84,Month-to-Month,Credit Card,False,95.4,1,1,12.3,6,0.3436,0
CUST-1334,Krypton Analytics,36,327.02,Two-Year,Credit Card,False,35.3,3,0,15.1,6,0.0724,0
CUST-1335,Quantum Networks,20,829.62,One-Year,Bank Transfer,False,94.9,7,0,-17.8,6,0.3282,0
CUST-1336,Skyline Group,22,355.13,One-Year,Electronic Check,True,55.8,1,1,-22.7,9,0.1225,0
CUST-1337,Solace Networks,47,727.87,Two-Year,Electronic Check,False,80.5,7,0,-11.0,6,0.1551,0
CUST-1338,Acro Enterprises,9,683.99,Month-to-Month,Electronic Check,False,51.2,3,0,-21.5,6,0.8801,1
CUST-1339,Crest Systems,40,76.33,Month-to-Month,Bank Transfer,False,52.9,3,0,5.3,8,0.0881,0
CUST-1340,Skyline Logistics,44,331.5,Two-Year,Credit Card,False,77.9,10,0,-29.1,4,0.383,0
CUST-1341,Vanguard Group,3,94.13,Month-to-Month,Credit Card,False,76.7,7,1,4.7,3,0.8771,1
CUST-1342,Krypton SaaS,27,297.48,One-Year,Electronic Check,False,72.6,3,0,-32.5,7,0.2052,0
CUST-1343,DataCore Ventures,35,104.88,Two-Year,Credit Card,True,54.7,0,2,13.0,6,0.0199,0
CUST-1344,Pulse Group,8,156.94,One-Year,Bank Transfer,False,98.0,1,2,7.3,9,0.0136,0
CUST-1345,Stratum Logistics,14,298.6,One-Year,Electronic Check,True,83.2,5,0,-16.0,6,0.5586,1
CUST-1346,Nexus Labs,32,90.46,Two-Year,Bank Transfer,True,83.3,2,2,7.3,3,0.044,0
CUST-1347,Krypton Ventures,53,126.72,Two-Year,Electronic Check,False,63.8,0,0,15.5,10,0.0016,0
CUST-1348,Lumina Dynamics,5,474.85,Month-to-Month,Bank Transfer,True,44.0,1,1,13.7,7,0.635,1
CUST-1349,Nexus Networks,3,123.93,Month-to-Month,Electronic Check,False,50.3,0,0,20.1,8,0.2327,0
CUST-1350,Synthetix Systems,15,86.89,Month-to-Month,Credit Card,False,81.1,6,0,-11.7,7,0.4234,0
CUST-1351,Solace Group,27,97.22,One-Year,Manual Invoice,False,43.3,3,0,-18.9,6,0.2599,0
CUST-1352,Krypton Group,18,1051.67,Month-to-Month,Manual Invoice,False,39.0,4,1,-27.2,7,0.8851,1
CUST-1353,IronClad Solutions,14,850.94,One-Year,Electronic Check,True,70.0,5,1,-20.4,4,0.7134,1
CUST-1354,Omni Networks,5,304.02,Month-to-Month,Credit Card,False,62.9,1,1,18.1,10,0.1743,0
CUST-1355,Cobalt Ventures,37,793.61,One-Year,Electronic Check,False,50.7,4,0,8.8,7,0.1953,0
CUST-1356,Hyperion Analytics,44,72.91,Month-to-Month,Bank Transfer,True,46.4,4,1,13.1,8,0.2605,0
CUST-1357,Vanguard Labs,25,744.87,One-Year,Credit Card,True,91.3,0,2,22.7,9,0.0111,0
CUST-1358,DataCore Dynamics,33,67.11,One-Year,Credit Card,True,72.0,3,0,-9.4,10,0.03,0
CUST-1359,Aero Finance,27,83.89,Month-to-Month,Electronic Check,False,35.8,1,0,51.1,10,0.1459,0
CUST-1360,Stratum Technologies,9,29.0,Month-to-Month,Manual Invoice,False,31.8,5,0,-12.6,1,0.96,1
CUST-1361,Veritas Finance,14,305.74,One-Year,Credit Card,True,52.0,7,1,-33.3,6,0.775,1
CUST-1362,Nexus Solutions,8,272.7,Month-to-Month,Electronic Check,False,72.1,7,3,-22.7,3,0.9888,1
CUST-1363,Vanguard Healthcare,11,76.59,Month-to-Month,Electronic Check,True,70.2,1,0,14.1,9,0.0664,0
CUST-1364,Cobalt Ventures,40,789.56,Two-Year,Electronic Check,False,89.6,13,0,-52.5,0,0.9666,1
CUST-1365,Crest Healthcare,25,49.16,One-Year,Credit Card,False,32.7,6,1,-22.0,6,0.6763,1
CUST-1366,Omni Cloud,39,133.23,Two-Year,Manual Invoice,True,71.2,1,1,-14.2,6,0.0206,0
CUST-1367,Synthetix Ventures,22,273.83,Month-to-Month,Bank Transfer,False,90.1,0,1,3.5,7,0.0694,0
CUST-1368,Pulse Systems,16,271.25,Month-to-Month,Credit Card,False,86.5,4,1,7.9,6,0.5806,1
CUST-1369,Quantum Systems,52,576.23,Two-Year,Bank Transfer,False,77.8,0,0,-1.6,7,0.0056,0
CUST-1370,Pulse Systems,28,281.44,One-Year,Credit Card,True,98.0,1,0,16.3,7,0.018,0
CUST-1371,Aero Ventures,26,363.22,One-Year,Electronic Check,True,75.0,2,1,-40.7,5,0.4209,0
CUST-1372,Hyperion Dynamics,22,110.9,Month-to-Month,Manual Invoice,True,82.5,2,2,11.2,7,0.186,0
CUST-1373,Quantum Healthcare,11,331.27,Month-to-Month,Electronic Check,False,59.2,3,1,-20.3,7,0.4695,0
CUST-1374,Lumina Dynamics,6,848.35,Month-to-Month,Electronic Check,False,41.2,7,0,-27.8,8,0.9512,1
CUST-1375,Nexus Solutions,3,76.04,Month-to-Month,Manual Invoice,True,38.4,4,2,-7.0,4,0.9346,1
CUST-1376,DataCore Group,31,488.97,Month-to-Month,Electronic Check,False,67.9,3,2,-2.7,7,0.6369,1
CUST-1377,Omni Group,9,267.94,Month-to-Month,Bank Transfer,True,53.5,7,0,-18.8,6,0.8992,1
CUST-1378,Krypton Global,39,79.1,Two-Year,Manual Invoice,True,31.3,0,0,-17.2,6,0.0336,0
CUST-1379,Vanguard Group,30,938.78,Month-to-Month,Credit Card,False,43.5,3,0,-16.0,2,0.9211,1
CUST-1380,Synthetix SaaS,43,298.56,One-Year,Electronic Check,True,61.5,4,0,-4.6,3,0.2844,0
CUST-1381,Skyline Healthcare,54,125.31,Two-Year,Electronic Check,True,85.7,3,1,3.2,3,0.0218,0
CUST-1382,Hyperion Finance,31,114.94,One-Year,Electronic Check,True,64.0,3,1,-29.6,9,0.0729,0
CUST-1383,Apex Systems,8,73.59,Month-to-Month,Credit Card,False,56.0,0,0,-11.0,9,0.3682,0
CUST-1384,Aero Enterprises,36,426.88,One-Year,Bank Transfer,False,46.1,2,0,5.6,9,0.0256,0
CUST-1385,Krypton Solutions,40,363.13,One-Year,Credit Card,False,67.5,1,0,-0.1,10,0.0177,0
CUST-1386,Nexus Networks,26,994.69,One-Year,Credit Card,False,89.2,4,2,-13.3,5,0.3959,0
CUST-1387,Nexus SaaS,12,50.84,One-Year,Credit Card,False,61.7,0,1,-65.4,10,0.2522,0
CUST-1388,IronClad Technologies,25,122.73,Two-Year,Credit Card,True,32.4,1,2,-15.4,8,0.1104,0
CUST-1389,Cobalt Solutions,28,94.55,One-Year,Bank Transfer,False,38.4,0,2,16.3,9,0.048,0
CUST-1390,Lumina Group,8,289.64,Month-to-Month,Electronic Check,False,69.2,0,0,-10.4,10,0.2891,0
CUST-1391,Nexus SaaS,18,1040.66,One-Year,Bank Transfer,False,55.9,0,0,17.2,10,0.0389,0
CUST-1392,Stratum Labs,8,360.68,Month-to-Month,Credit Card,False,55.9,4,3,-52.2,8,0.9272,1
CUST-1393,Nexus Solutions,38,101.28,Two-Year,Electronic Check,False,54.1,1,2,-47.1,9,0.0989,0
CUST-1394,Omni Logistics,13,835.18,Month-to-Month,Electronic Check,True,69.0,2,0,9.4,7,0.5006,1
CUST-1395,Synthetix Ventures,21,316.98,Month-to-Month,Electronic Check,False,55.3,2,1,-7.4,8,0.6609,1
CUST-1396,Lumina Solutions,46,75.0,Two-Year,Credit Card,True,65.1,1,1,-11.4,6,0.0188,0
CUST-1397,Hyperion Networks,22,740.08,One-Year,Electronic Check,False,44.6,3,0,17.2,4,0.6797,1
CUST-1398,Vanguard Solutions,32,62.44,Month-to-Month,Manual Invoice,True,83.0,1,3,-20.8,9,0.1528,0
CUST-1399,Hyperion Solutions,15,76.67,Month-to-Month,Credit Card,True,55.1,0,1,-15.8,10,0.0985,0
CUST-1400,Hyperion Systems,48,75.83,Two-Year,Manual Invoice,False,81.6,8,1,-42.5,0,0.4827,0
CUST-1401,Crest Labs,30,241.88,Month-to-Month,Electronic Check,True,40.1,11,1,-56.8,1,0.996,1
CUST-1402,Lumina Solutions,72,88.42,Two-Year,Electronic Check,False,98.0,2,2,0.7,8,0.005,0
CUST-1403,Veritas Dynamics,36,76.9,Month-to-Month,Electronic Check,False,91.3,0,0,-2.8,8,0.0658,0
CUST-1404,Veritas Technologies,15,97.56,One-Year,Electronic Check,False,21.3,3,0,24.6,10,0.1139,0
CUST-1405,Skyline Group,42,182.66,Two-Year,Bank Transfer,True,51.6,1,0,-71.8,4,0.2549,0
CUST-1406,Krypton Analytics,5,729.6,Month-to-Month,Electronic Check,True,66.1,4,0,16.1,7,0.758,1
CUST-1407,Nexus Technologies,7,287.89,Month-to-Month,Credit Card,True,30.7,3,1,-0.0,8,0.5604,1
CUST-1408,Pulse Healthcare,7,77.23,Month-to-Month,Electronic Check,False,54.5,0,1,-2.3,7,0.557,1
CUST-1409,Apex Ventures,35,80.69,One-Year,Credit Card,False,74.0,1,0,-30.3,6,0.0846,0
CUST-1410,Pulse Logistics,15,45.37,One-Year,Bank Transfer,False,55.8,0,0,-36.5,6,0.2293,0
CUST-1411,Apex Networks,16,93.91,One-Year,Credit Card,False,70.6,4,0,11.8,7,0.0727,0
CUST-1412,Vanguard Enterprises,28,318.86,Month-to-Month,Bank Transfer,False,49.5,2,1,0.1,7,0.2199,0
CUST-1413,Aero Ventures,2,309.61,Month-to-Month,Electronic Check,False,10.7,1,1,2.6,9,0.6823,1
CUST-1414,Nexus Networks,16,342.32,Month-to-Month,Manual Invoice,True,79.4,0,2,-7.6,9,0.3347,0
CUST-1415,Solace Solutions,3,292.09,Month-to-Month,Bank Transfer,True,75.4,2,1,15.2,2,0.6306,1
CUST-1416,Lumina Healthcare,20,96.97,One-Year,Credit Card,True,98.0,2,0,-15.6,3,0.1923,0
CUST-1417,IronClad Logistics,41,88.9,Two-Year,Credit Card,True,23.2,4,2,-25.4,5,0.3941,0
CUST-1418,IronClad Solutions,34,321.25,One-Year,Manual Invoice,False,80.2,4,0,-11.4,8,0.068,0
CUST-1419,Veritas SaaS,31,45.57,Month-to-Month,Credit Card,False,24.9,5,1,-20.3,4,0.9363,1
CUST-1420,Cobalt Labs,34,62.66,Two-Year,Bank Transfer,False,98.0,8,1,9.4,6,0.0415,0
CUST-1421,Acro Networks,24,124.67,One-Year,Credit Card,False,72.0,8,1,-55.4,5,0.7767,1
CUST-1422,Apex Networks,25,29.0,Two-Year,Electronic Check,False,43.5,0,1,-48.9,8,0.0578,0
CUST-1423,Aero SaaS,36,81.5,One-Year,Bank Transfer,False,81.4,0,0,-31.4,6,0.0413,0
CUST-1424,Aero Global,21,961.01,Month-to-Month,Credit Card,True,50.2,1,0,19.1,6,0.2753,0
CUST-1425,IronClad Enterprises,11,733.21,Month-to-Month,Credit Card,True,64.3,5,0,-12.5,3,0.9554,1
CUST-1426,Skyline Finance,25,74.87,One-Year,Credit Card,True,66.6,2,0,-41.0,10,0.0516,0
CUST-1427,Apex Analytics,16,88.24,Month-to-Month,Electronic Check,True,94.7,4,0,-4.5,7,0.3919,0
CUST-1428,Synthetix Technologies,27,258.81,Month-to-Month,Bank Transfer,False,98.0,3,0,-12.1,10,0.093,0
CUST-1429,IronClad Ventures,25,85.77,One-Year,Manual Invoice,False,50.6,4,0,7.0,5,0.2572,0
CUST-1430,Crest Labs,25,67.92,One-Year,Bank Transfer,True,83.7,5,1,4.9,9,0.0676,0
CUST-1431,Lumina Solutions,28,112.72,One-Year,Electronic Check,False,70.5,9,0,41.0,5,0.3499,0
CUST-1432,Quantum Systems,11,120.58,Month-to-Month,Credit Card,False,30.0,8,1,-53.6,3,0.9948,1
CUST-1433,Lumina Systems,11,272.0,Month-to-Month,Bank Transfer,True,44.4,2,0,-47.6,5,0.9056,1
CUST-1434,Lumina Ventures,30,500.43,One-Year,Credit Card,True,98.0,2,1,8.7,6,0.0529,0
CUST-1435,DataCore Cloud,47,71.9,Two-Year,Credit Card,False,76.3,2,1,18.7,6,0.0116,0
CUST-1436,Hyperion SaaS,4,80.4,One-Year,Manual Invoice,False,76.2,0,0,-26.9,7,0.1133,0
CUST-1437,Synthetix Solutions,32,97.64,Two-Year,Credit Card,True,60.4,6,1,-49.9,3,0.5096,1
CUST-1438,Apex Group,44,59.8,One-Year,Credit Card,True,57.4,5,0,-1.4,6,0.0933,0
CUST-1439,Cobalt Enterprises,33,611.55,One-Year,Electronic Check,True,65.4,9,0,20.9,4,0.514,1
CUST-1440,Omni Enterprises,3,310.64,Month-to-Month,Electronic Check,True,50.6,1,0,-19.9,9,0.311,0
CUST-1441,Skyline Finance,30,336.33,One-Year,Electronic Check,False,34.1,1,0,4.2,7,0.0615,0
CUST-1442,Omni Finance,3,242.7,One-Year,Manual Invoice,True,35.8,6,0,-60.5,7,0.7368,1
CUST-1443,Cobalt Networks,14,510.02,One-Year,Credit Card,True,73.4,3,1,-14.0,6,0.3052,0
CUST-1444,Omni Cloud,17,1341.14,Month-to-Month,Credit Card,True,52.5,3,1,-11.8,6,0.8225,1
CUST-1445,Quantum Cloud,33,104.58,One-Year,Bank Transfer,False,65.4,5,2,16.7,10,0.078,0
CUST-1446,Quantum Cloud,30,78.32,Month-to-Month,Credit Card,True,68.7,4,1,-29.7,5,0.6597,1
CUST-1447,Vanguard Healthcare,8,332.14,Month-to-Month,Credit Card,True,63.7,1,1,14.2,7,0.2986,0
CUST-1448,Vanguard Enterprises,34,81.89,Month-to-Month,Electronic Check,False,88.1,1,1,-22.3,6,0.2322,0
CUST-1449,Aero Group,28,906.09,Two-Year,Bank Transfer,True,41.4,4,1,-9.7,7,0.1959,0
CUST-1450,Skyline Labs,70,289.56,Month-to-Month,Electronic Check,True,87.4,0,2,46.9,8,0.0114,0
CUST-1451,Hyperion SaaS,2,766.43,Month-to-Month,Electronic Check,True,70.7,0,0,49.8,10,0.0572,0
CUST-1452,Crest Group,4,82.16,Month-to-Month,Electronic Check,False,75.9,2,0,48.0,9,0.1859,0
CUST-1453,Synthetix Technologies,26,489.47,One-Year,Electronic Check,False,34.5,4,0,2.9,8,0.3932,0
CUST-1454,Hyperion Dynamics,27,133.45,Month-to-Month,Electronic Check,True,68.2,2,2,-16.3,8,0.5077,1
CUST-1455,Solace Systems,1,580.52,Month-to-Month,Credit Card,True,89.6,5,1,-7.9,5,0.8718,1
CUST-1456,Veritas SaaS,12,51.0,One-Year,Electronic Check,True,56.6,2,0,10.7,6,0.1227,0
CUST-1457,Lumina Global,13,267.23,Month-to-Month,Credit Card,False,68.6,0,0,14.7,8,0.2131,0
CUST-1458,Krypton Enterprises,52,222.31,Two-Year,Electronic Check,False,86.2,1,1,-20.8,7,0.0178,0
CUST-1459,Stratum Systems,38,83.71,Two-Year,Electronic Check,False,45.9,2,0,-19.8,7,0.1565,0
CUST-1460,IronClad Dynamics,5,321.27,Month-to-Month,Credit Card,False,93.2,3,0,-18.9,7,0.5987,1
CUST-1461,IronClad Cloud,17,929.15,Month-to-Month,Manual Invoice,False,70.1,4,1,14.8,7,0.669,1
CUST-1462,Cobalt Finance,15,105.37,One-Year,Bank Transfer,False,69.9,1,2,21.5,7,0.1871,0
CUST-1463,Omni Group,1,261.66,Month-to-Month,Manual Invoice,False,22.1,7,1,58.6,6,0.8659,1
CUST-1464,Lumina Systems,8,86.24,Month-to-Month,Credit Card,False,73.3,5,2,-9.4,7,0.8417,1
CUST-1465,Quantum Technologies,5,823.42,Month-to-Month,Credit Card,True,66.6,3,1,-28.7,5,0.9515,1
CUST-1466,Pulse Technologies,52,174.53,Two-Year,Credit Card,False,98.0,3,0,-16.0,8,0.0102,0
CUST-1467,Vanguard Group,24,99.26,Month-to-Month,Credit Card,False,56.0,2,0,-4.9,8,0.28,0
CUST-1468,DataCore Finance,23,48.57,One-Year,Electronic Check,False,42.1,0,1,37.7,10,0.0302,0
CUST-1469,IronClad Finance,39,402.42,One-Year,Credit Card,True,53.1,2,0,17.3,7,0.0235,0
CUST-1470,Veritas Systems,14,74.89,Month-to-Month,Credit Card,False,49.1,1,3,-46.7,6,0.8899,1
CUST-1471,Veritas Cloud,13,80.38,Month-to-Month,Credit Card,False,36.5,4,2,-18.4,1,0.973,1
CUST-1472,Apex Group,40,233.82,Two-Year,Credit Card,False,92.8,2,1,-42.8,4,0.0924,0
CUST-1473,Veritas Enterprises,5,69.25,Month-to-Month,Electronic Check,True,83.1,0,1,14.8,7,0.2346,0
CUST-1474,Skyline Logistics,38,141.85,One-Year,Electronic Check,False,62.5,1,1,-20.7,8,0.1408,0
CUST-1475,Vanguard Finance,5,336.42,Month-to-Month,Electronic Check,True,48.6,1,1,-18.3,10,0.4521,0
CUST-1476,Veritas Enterprises,11,46.27,Month-to-Month,Manual Invoice,False,22.0,2,0,-48.0,7,0.7989,1
CUST-1477,IronClad Ventures,9,122.61,Month-to-Month,Electronic Check,False,71.6,3,0,14.9,9,0.3928,0
CUST-1478,Krypton SaaS,9,114.83,Month-to-Month,Electronic Check,True,90.8,3,1,21.2,6,0.466,0
CUST-1479,Synthetix Labs,2,263.13,Month-to-Month,Bank Transfer,True,42.9,6,1,-35.3,2,0.9778,1
CUST-1480,Skyline Finance,33,298.4,Two-Year,Credit Card,False,62.6,5,0,-14.1,5,0.2058,0
CUST-1481,Hyperion Ventures,4,279.1,Month-to-Month,Electronic Check,True,64.9,0,1,-12.0,7,0.5017,1
CUST-1482,Crest Logistics,8,134.31,Month-to-Month,Credit Card,False,91.9,2,1,-11.5,5,0.5737,1
CUST-1483,Lumina Logistics,4,65.09,Month-to-Month,Electronic Check,False,60.2,1,0,-18.5,8,0.6949,1
CUST-1484,Solace Dynamics,32,88.65,One-Year,Electronic Check,True,68.5,2,0,-28.5,4,0.2048,0
CUST-1485,Lumina Group,13,74.3,Month-to-Month,Electronic Check,False,62.5,2,0,33.2,10,0.118,0
CUST-1486,DataCore Dynamics,17,492.05,One-Year,Credit Card,True,31.6,3,1,-75.0,4,0.8846,1
CUST-1487,Quantum Systems,11,139.79,Month-to-Month,Bank Transfer,False,29.4,0,1,12.6,8,0.1963,0
CUST-1488,Vanguard Dynamics,4,55.46,Month-to-Month,Credit Card,True,40.0,5,0,-2.9,6,0.7708,1
CUST-1489,Krypton SaaS,3,90.5,Month-to-Month,Credit Card,False,76.2,0,1,41.3,9,0.1288,0
CUST-1490,IronClad Analytics,18,175.56,Two-Year,Electronic Check,False,53.7,0,1,-5.9,10,0.0902,0
CUST-1491,IronClad Networks,30,256.06,Month-to-Month,Electronic Check,False,53.4,5,1,-24.3,2,0.9496,1
CUST-1492,Apex Finance,8,305.32,Month-to-Month,Bank Transfer,True,46.5,7,0,-36.2,7,0.8824,1
CUST-1493,Pulse Cloud,8,601.55,Month-to-Month,Electronic Check,True,54.6,1,0,10.9,7,0.4856,0
CUST-1494,Lumina Ventures,43,315.21,Two-Year,Bank Transfer,False,98.0,0,0,-12.7,10,0.0052,0
CUST-1495,Skyline Systems,12,78.27,Month-to-Month,Credit Card,False,55.6,4,2,-45.2,6,0.9507,1
CUST-1496,Stratum Solutions,12,114.0,Month-to-Month,Bank Transfer,True,42.9,0,0,-13.4,9,0.1016,0
CUST-1497,Synthetix Analytics,18,361.71,Month-to-Month,Electronic Check,True,60.9,2,0,-24.7,6,0.7157,1
CUST-1498,Apex Enterprises,3,244.8,Month-to-Month,Electronic Check,True,91.0,3,1,-34.1,6,0.6706,1
CUST-1499,Krypton Networks,20,284.6,One-Year,Bank Transfer,False,50.9,3,2,-11.9,9,0.1843,0
CUST-1500,Hyperion Dynamics,33,291.01,One-Year,Bank Transfer,True,41.3,2,2,-15.9,7,0.1121,0
CUST-1501,Nexus Solutions,42,317.16,Month-to-Month,Electronic Check,True,57.6,1,0,15.7,10,0.0918,0
CUST-1502,Synthetix Networks,3,752.59,Month-to-Month,Manual Invoice,True,58.5,5,0,-6.3,7,0.8477,1
CUST-1503,Omni Analytics,10,291.41,Month-to-Month,Electronic Check,True,71.8,1,0,-28.1,5,0.7446,1
CUST-1504,Cobalt Global,4,265.4,Month-to-Month,Electronic Check,True,76.3,5,0,-63.1,4,0.9654,1
CUST-1505,Stratum Logistics,1,87.88,Month-to-Month,Credit Card,False,34.4,0,0,-21.4,9,0.5859,1
CUST-1506,Vanguard Labs,20,357.88,One-Year,Bank Transfer,True,42.0,11,0,-8.9,1,0.9152,1
CUST-1507,Pulse Solutions,33,866.29,Two-Year,Manual Invoice,False,58.4,1,1,15.5,10,0.02,0
CUST-1508,Quantum Cloud,38,102.53,Two-Year,Credit Card,False,80.1,10,0,-0.4,3,0.2821,0
CUST-1509,Synthetix SaaS,47,323.38,Two-Year,Electronic Check,True,43.9,5,2,0.9,4,0.213,0
CUST-1510,DataCore Ventures,44,270.77,One-Year,Credit Card,True,56.1,3,1,18.2,8,0.0267,0
CUST-1511,Cobalt Analytics,21,92.97,One-Year,Electronic Check,False,49.4,0,3,0.2,7,0.584,1
CUST-1512,IronClad Networks,14,214.89,Month-to-Month,Credit Card,False,78.0,1,1,42.1,8,0.1134,0
CUST-1513,Lumina Global,30,116.72,One-Year,Credit Card,False,74.6,9,0,-14.7,3,0.7581,1
CUST-1514,Synthetix Labs,6,249.07,Month-to-Month,Electronic Check,True,74.9,1,2,42.0,9,0.4007,0
CUST-1515,Apex Finance,13,734.31,Month-to-Month,Credit Card,False,85.7,2,1,-21.7,6,0.7424,1
CUST-1516,Cobalt Cloud,20,113.52,One-Year,Credit Card,False,54.9,4,2,-33.3,6,0.5563,1
CUST-1517,Skyline Group,4,50.9,Month-to-Month,Bank Transfer,False,32.5,1,1,-7.8,10,0.354,0
CUST-1518,Solace Solutions,3,303.99,Month-to-Month,Credit Card,False,32.3,4,2,-17.9,7,0.9431,1
CUST-1519,Synthetix Systems,40,67.98,Two-Year,Electronic Check,False,30.2,1,1,-11.0,10,0.0925,0
CUST-1520,Quantum Labs,8,75.78,Month-to-Month,Electronic Check,True,48.2,5,0,3.5,10,0.6199,1
CUST-1521,DataCore Technologies,16,336.76,Month-to-Month,Electronic Check,True,52.1,0,0,2.4,8,0.2902,0
CUST-1522,DataCore Technologies,72,89.95,Two-Year,Electronic Check,False,92.4,3,0,-19.2,4,0.0154,0
CUST-1523,Solace Finance,30,34.14,One-Year,Credit Card,False,64.3,6,1,-27.9,4,0.6535,1
CUST-1524,Nexus Systems,26,574.24,One-Year,Manual Invoice,True,53.0,6,1,12.4,6,0.3815,0
CUST-1525,Veritas Healthcare,9,925.56,Month-to-Month,Credit Card,False,55.4,4,1,-4.1,10,0.6842,1
CUST-1526,Synthetix Solutions,12,306.94,Month-to-Month,Credit Card,False,37.8,10,2,-76.9,1,0.9988,1
CUST-1527,Cobalt Finance,49,1064.66,Two-Year,Credit Card,True,90.2,5,0,27.8,8,0.006,0
CUST-1528,Quantum Group,14,127.07,One-Year,Electronic Check,True,43.5,3,1,1.8,6,0.436,0
CUST-1529,Cobalt Labs,5,76.44,Month-to-Month,Manual Invoice,False,33.7,0,0,21.0,8,0.2192,0
CUST-1530,Nexus Networks,10,147.58,Month-to-Month,Manual Invoice,True,74.4,6,0,10.2,4,0.6416,1
CUST-1531,Aero Cloud,20,281.47,Month-to-Month,Credit Card,True,72.5,5,0,14.5,4,0.5516,1
CUST-1532,Crest Solutions,34,576.72,Two-Year,Electronic Check,True,30.7,5,2,-43.0,8,0.5072,1
CUST-1533,Crest Ventures,10,241.98,Month-to-Month,Bank Transfer,True,75.1,1,0,-24.8,9,0.2486,0
CUST-1534,Apex Group,27,343.79,One-Year,Electronic Check,False,48.3,3,0,55.9,8,0.0329,0
CUST-1535,Pulse SaaS,23,376.42,Month-to-Month,Bank Transfer,False,54.4,3,2,-31.5,8,0.549,1
CUST-1536,DataCore Technologies,23,124.87,One-Year,Bank Transfer,True,65.6,0,2,4.5,6,0.1328,0
CUST-1537,Hyperion Dynamics,55,59.61,Two-Year,Electronic Check,False,83.2,3,1,31.8,8,0.0135,0
CUST-1538,Lumina Dynamics,13,79.3,One-Year,Manual Invoice,False,67.8,3,0,-15.1,7,0.1389,0
CUST-1539,Cobalt Finance,8,87.39,Month-to-Month,Manual Invoice,True,56.4,1,0,-7.0,10,0.1228,0
CUST-1540,Synthetix Logistics,45,222.38,One-Year,Manual Invoice,True,60.0,2,0,22.2,8,0.017,0
CUST-1541,Vanguard Global,28,41.12,One-Year,Credit Card,False,71.6,1,2,-2.7,9,0.0626,0
CUST-1542,Lumina Solutions,31,267.38,Month-to-Month,Electronic Check,False,61.9,2,1,6.4,7,0.3908,0
CUST-1543,Solace SaaS,20,260.74,Two-Year,Credit Card,True,97.1,3,0,-6.0,7,0.017,0
CUST-1544,Veritas Solutions,25,75.29,One-Year,Credit Card,True,74.2,3,1,-22.2,9,0.1027,0
CUST-1545,Cobalt Dynamics,34,293.36,Two-Year,Electronic Check,False,46.7,0,0,-3.3,5,0.065,0
CUST-1546,Apex Ventures,33,365.77,One-Year,Credit Card,True,55.3,1,0,31.8,10,0.0083,0
CUST-1547,Vanguard Labs,7,77.42,Month-to-Month,Credit Card,False,58.1,5,1,-22.4,5,0.8591,1
CUST-1548,Nexus Cloud,29,780.68,Month-to-Month,Electronic Check,True,89.7,1,1,7.7,5,0.407,0
CUST-1549,Pulse Enterprises,19,323.61,Month-to-Month,Electronic Check,True,88.9,8,1,-48.2,3,0.9543,1
CUST-1550,Stratum Solutions,27,313.25,Two-Year,Electronic Check,False,55.2,4,1,39.0,10,0.0316,0
CUST-1551,Veritas Ventures,21,639.4,One-Year,Bank Transfer,False,42.6,1,1,5.0,7,0.2783,0
CUST-1552,Vanguard Solutions,12,767.35,One-Year,Credit Card,False,37.4,1,1,5.5,9,0.158,0
CUST-1553,Hyperion Solutions,3,848.56,Month-to-Month,Electronic Check,True,60.9,8,0,4.2,2,0.9763,1
CUST-1554,Skyline Enterprises,20,56.79,Month-to-Month,Manual Invoice,False,98.0,0,1,-12.0,4,0.2156,0
CUST-1555,Veritas Systems,17,116.59,One-Year,Electronic Check,False,70.9,4,2,12.8,5,0.435,0
CUST-1556,Quantum Dynamics,5,120.79,Month-to-Month,Credit Card,True,24.6,2,2,-48.9,8,0.9366,1
CUST-1557,Krypton Systems,9,66.93,Month-to-Month,Bank Transfer,True,43.2,3,1,-24.4,6,0.5895,1
CUST-1558,Aero Cloud,27,784.86,One-Year,Bank Transfer,True,50.6,15,0,-60.0,3,0.9828,1
CUST-1559,Pulse Logistics,7,318.54,Month-to-Month,Electronic Check,False,40.7,0,1,-47.0,9,0.8674,1
CUST-1560,Pulse Global,2,71.36,Month-to-Month,Manual Invoice,False,47.8,2,1,-19.2,5,0.8939,1
CUST-1561,Skyline Group,2,97.04,Month-to-Month,Manual Invoice,True,63.0,7,0,-17.3,8,0.6922,1
CUST-1562,Synthetix Technologies,13,89.08,Month-to-Month,Credit Card,True,72.5,1,0,-25.2,6,0.2627,0
CUST-1563,IronClad Technologies,43,191.92,Two-Year,Credit Card,True,89.7,11,2,-68.9,4,0.5009,1
CUST-1564,Lumina Technologies,13,307.55,Month-to-Month,Electronic Check,False,69.4,4,2,-16.0,8,0.8881,1
CUST-1565,IronClad Logistics,8,551.97,Month-to-Month,Credit Card,True,18.3,0,2,-7.0,8,0.6918,1
CUST-1566,Apex Global,8,919.06,Month-to-Month,Credit Card,True,36.3,7,1,-27.6,5,0.9505,1
CUST-1567,Pulse Cloud,26,68.22,One-Year,Bank Transfer,False,59.6,3,0,-35.7,7,0.1141,0
CUST-1568,Skyline Logistics,10,80.97,Month-to-Month,Credit Card,False,60.9,0,1,-9.9,8,0.2679,0
CUST-1569,Skyline Networks,19,119.31,One-Year,Credit Card,True,77.9,0,0,-11.7,7,0.0328,0
CUST-1570,Synthetix Labs,3,97.41,Month-to-Month,Electronic Check,False,56.8,5,2,-17.9,5,0.9869,1
CUST-1571,Acro Labs,2,555.69,Month-to-Month,Electronic Check,True,56.6,0,0,-9.0,7,0.6325,1
CUST-1572,Pulse Systems,2,219.11,Month-to-Month,Electronic Check,False,60.4,6,1,-19.0,8,0.9177,1
CUST-1573,DataCore Finance,46,244.04,Two-Year,Electronic Check,False,63.7,3,1,-41.8,3,0.4381,0
CUST-1574,IronClad Group,33,303.68,Two-Year,Credit Card,False,66.6,5,2,-54.9,4,0.7731,1
CUST-1575,Nexus Analytics,4,93.96,Month-to-Month,Bank Transfer,False,78.7,0,4,-1.1,8,0.601,1
CUST-1576,Acro Enterprises,18,63.92,One-Year,Credit Card,True,58.7,5,0,9.1,6,0.3169,0
CUST-1577,Quantum Group,37,209.97,Two-Year,Credit Card,False,65.5,1,0,-7.8,8,0.0115,0
CUST-1578,Synthetix Dynamics,45,296.9,Month-to-Month,Credit Card,True,67.8,9,3,-36.3,1,0.9664,1
CUST-1579,Nexus Group,39,80.45,Two-Year,Electronic Check,True,92.7,4,1,-23.2,8,0.0194,0
CUST-1580,Hyperion Enterprises,6,409.43,Month-to-Month,Electronic Check,False,34.6,7,1,6.4,7,0.9518,1
CUST-1581,Nexus Global,50,756.59,Two-Year,Electronic Check,False,98.0,3,1,-14.1,8,0.0081,0
CUST-1582,Quantum Networks,25,130.36,One-Year,Bank Transfer,False,39.0,2,1,-18.5,6,0.4323,0
CUST-1583,Apex Systems,26,209.78,Two-Year,Electronic Check,True,49.7,2,0,23.2,7,0.0259,0
CUST-1584,Hyperion Enterprises,35,45.67,One-Year,Electronic Check,False,80.4,11,2,-57.4,1,0.9825,1
CUST-1585,Crest Technologies,3,212.79,Month-to-Month,Credit Card,True,76.5,2,1,-2.1,7,0.3084,0
CUST-1586,Synthetix Group,44,351.35,Two-Year,Manual Invoice,False,40.1,1,1,-29.2,8,0.0904,0
CUST-1587,IronClad Analytics,23,1066.1,Month-to-Month,Credit Card,True,40.0,3,0,12.6,7,0.6554,1
CUST-1588,Krypton Cloud,22,65.45,Month-to-Month,Bank Transfer,True,67.2,1,1,17.4,9,0.0742,0
CUST-1589,DataCore Cloud,23,73.49,One-Year,Credit Card,True,98.0,0,0,-27.2,7,0.0356,0
CUST-1590,IronClad Group,16,55.78,One-Year,Credit Card,False,84.7,5,2,-56.1,5,0.6478,1
CUST-1591,Pulse Solutions,37,39.71,Two-Year,Bank Transfer,True,61.1,3,2,-6.8,6,0.0578,0
CUST-1592,IronClad Analytics,5,323.1,Month-to-Month,Bank Transfer,False,8.1,3,0,44.5,9,0.5571,1
CUST-1593,Solace Group,18,790.14,One-Year,Electronic Check,True,62.0,4,0,15.1,4,0.3831,0
CUST-1594,Apex Enterprises,4,85.26,One-Year,Electronic Check,True,63.4,1,1,-8.3,9,0.2502,0
CUST-1595,Skyline Labs,42,50.0,Month-to-Month,Electronic Check,True,59.9,2,1,-27.4,8,0.1339,0
CUST-1596,Quantum Analytics,2,126.0,Month-to-Month,Credit Card,False,38.6,1,2,-38.4,8,0.8379,1
CUST-1597,Cobalt Enterprises,51,249.8,Month-to-Month,Bank Transfer,True,73.5,5,0,7.9,4,0.0936,0
CUST-1598,Hyperion Analytics,4,98.34,Month-to-Month,Electronic Check,True,37.4,0,3,13.1,7,0.7609,1
CUST-1599,Cobalt Global,60,48.64,Two-Year,Electronic Check,False,98.0,2,2,-26.8,5,0.0346,0
CUST-1600,Crest Cloud,19,268.57,One-Year,Bank Transfer,True,91.0,1,0,-4.2,8,0.0189,0
CUST-1601,Synthetix Networks,37,92.28,One-Year,Credit Card,False,79.3,6,1,-16.8,7,0.259,0
CUST-1602,Pulse Logistics,56,299.62,Two-Year,Credit Card,True,73.6,7,2,19.3,5,0.0611,0
CUST-1603,IronClad Systems,12,289.28,Month-to-Month,Bank Transfer,False,45.4,1,1,-1.4,10,0.5891,1
CUST-1604,Veritas Enterprises,28,97.36,Two-Year,Credit Card,True,63.0,1,0,-22.5,10,0.0157,0
CUST-1605,Solace Systems,9,212.17,Month-to-Month,Credit Card,False,90.5,3,2,-42.9,6,0.8263,1
CUST-1606,Krypton Cloud,65,291.84,Two-Year,Electronic Check,False,91.9,4,0,-29.8,6,0.0179,0
CUST-1607,Aero Dynamics,2,286.83,Month-to-Month,Electronic Check,False,59.7,1,1,28.6,5,0.591,1
CUST-1608,Nexus Finance,43,90.79,Two-Year,Credit Card,False,86.4,5,1,-2.2,5,0.0796,0
CUST-1609,Pulse Ventures,16,86.81,Month-to-Month,Credit Card,False,70.7,1,1,-11.6,5,0.5026,1
CUST-1610,Cobalt Ventures,32,520.82,Month-to-Month,Manual Invoice,True,72.5,1,1,-76.1,4,0.834,1
CUST-1611,Solace Analytics,21,200.93,One-Year,Manual Invoice,True,80.9,2,0,-22.3,8,0.0561,0
CUST-1612,Omni Analytics,8,29.64,Month-to-Month,Bank Transfer,False,67.7,4,1,-3.4,8,0.5001,1
CUST-1613,Hyperion Cloud,43,105.44,One-Year,Electronic Check,False,85.1,4,0,1.8,8,0.042,0
CUST-1614,Hyperion Cloud,3,105.69,Month-to-Month,Manual Invoice,True,59.1,1,0,10.6,9,0.1752,0
CUST-1615,Crest Technologies,15,106.09,One-Year,Credit Card,False,54.4,2,0,-34.7,7,0.3075,0
CUST-1616,Stratum Networks,10,298.41,Month-to-Month,Credit Card,True,47.0,14,0,-32.6,0,0.9991,1
CUST-1617,Skyline Group,21,31.67,Month-to-Month,Bank Transfer,False,48.0,2,0,-25.4,4,0.7196,1
CUST-1618,Veritas Cloud,5,59.33,Month-to-Month,Electronic Check,False,24.4,2,0,-1.0,7,0.7982,1
CUST-1619,Stratum Networks,10,290.22,Month-to-Month,Electronic Check,False,39.8,6,0,-32.2,6,0.9623,1
CUST-1620,Cobalt Logistics,68,88.39,Month-to-Month,Bank Transfer,True,56.6,2,0,25.8,7,0.016,0
CUST-1621,Nexus Global,17,266.64,Month-to-Month,Credit Card,False,50.0,2,0,7.4,5,0.4605,0
CUST-1622,Hyperion Solutions,26,302.14,Month-to-Month,Electronic Check,False,94.0,8,1,-27.6,3,0.7909,1
CUST-1623,Veritas Analytics,8,85.29,Month-to-Month,Credit Card,True,54.2,3,1,25.5,6,0.293,0
CUST-1624,Nexus Finance,26,287.25,One-Year,Manual Invoice,False,67.6,0,0,-4.3,5,0.1337,0
CUST-1625,Skyline Cloud,40,241.66,Two-Year,Credit Card,False,72.5,6,1,-53.4,9,0.1482,0
CUST-1626,IronClad Solutions,8,109.55,Month-to-Month,Credit Card,True,89.2,4,0,19.4,10,0.1001,0
CUST-1627,IronClad Dynamics,22,74.23,One-Year,Electronic Check,True,50.1,5,0,-3.7,2,0.8322,1
CUST-1628,Stratum Systems,21,200.16,One-Year,Electronic Check,True,56.8,4,0,-15.0,2,0.6153,1
CUST-1629,DataCore Dynamics,15,611.22,Month-to-Month,Manual Invoice,False,57.4,1,1,-19.1,6,0.4567,0
CUST-1630,Stratum Labs,35,259.09,One-Year,Credit Card,False,88.2,5,0,2.8,3,0.2836,0
CUST-1631,DataCore Dynamics,18,109.85,Month-to-Month,Credit Card,False,87.3,7,1,-0.7,10,0.5308,1
CUST-1632,Cobalt Networks,13,277.46,Month-to-Month,Credit Card,True,68.4,3,0,-23.2,5,0.7071,1
CUST-1633,Apex Logistics,7,80.35,Month-to-Month,Bank Transfer,False,81.8,5,0,4.1,7,0.5703,1
CUST-1634,Aero Enterprises,7,205.08,One-Year,Credit Card,False,60.7,1,0,8.3,7,0.0646,0
CUST-1635,Apex Enterprises,34,327.13,One-Year,Credit Card,False,61.7,4,0,-27.7,3,0.4828,0
CUST-1636,Lumina Healthcare,2,240.88,Month-to-Month,Credit Card,True,79.2,5,2,-19.9,8,0.6915,1
CUST-1637,Cobalt Enterprises,70,731.99,Month-to-Month,Electronic Check,False,85.8,0,0,-8.7,9,0.0284,0
CUST-1638,Solace Enterprises,39,368.81,Two-Year,Manual Invoice,False,52.0,3,1,22.0,8,0.0601,0
CUST-1639,Skyline Networks,15,310.53,Month-to-Month,Manual Invoice,True,79.4,0,1,-16.2,10,0.11,0
CUST-1640,Acro Analytics,6,44.29,Month-to-Month,Manual Invoice,False,52.6,2,0,36.7,9,0.249,0
CUST-1641,Synthetix Solutions,52,431.49,Two-Year,Manual Invoice,False,64.0,3,0,-0.7,6,0.0185,0
CUST-1642,Nexus Technologies,11,738.42,One-Year,Bank Transfer,True,76.2,2,1,-49.6,10,0.1563,0
CUST-1643,Cobalt Networks,19,54.68,One-Year,Credit Card,False,58.9,2,2,-65.3,6,0.5966,1
CUST-1644,Aero Solutions,16,318.91,One-Year,Bank Transfer,True,67.6,2,0,-6.2,10,0.068,0
CUST-1645,Lumina Logistics,22,86.06,Two-Year,Credit Card,False,74.8,1,0,35.3,9,0.0038,0
CUST-1646,Lumina Analytics,18,289.92,Month-to-Month,Electronic Check,True,44.7,4,1,18.8,1,0.9176,1
CUST-1647,Stratum Technologies,11,237.6,Month-to-Month,Credit Card,True,66.0,5,1,-10.8,3,0.9352,1
CUST-1648,DataCore Networks,41,128.53,Month-to-Month,Manual Invoice,False,94.3,4,0,-25.4,8,0.0707,0
CUST-1649,Pulse Technologies,44,1261.67,Two-Year,Electronic Check,False,49.1,5,3,-35.4,4,0.8422,1
CUST-1650,Acro Technologies,20,78.04,One-Year,Bank Transfer,False,70.0,6,0,-7.8,6,0.2737,0
CUST-1651,Krypton Global,13,301.18,Month-to-Month,Electronic Check,False,42.3,2,0,26.2,10,0.2151,0
CUST-1652,Skyline Enterprises,57,285.85,Two-Year,Electronic Check,False,92.5,3,0,10.2,8,0.0098,0
CUST-1653,Skyline Global,4,78.51,Month-to-Month,Electronic Check,False,76.4,3,1,15.2,6,0.8039,1
CUST-1654,Lumina Group,30,64.2,Month-to-Month,Electronic Check,False,56.9,2,2,5.1,8,0.4982,0
CUST-1655,Omni Cloud,28,57.88,One-Year,Electronic Check,True,98.0,1,1,20.5,9,0.0108,0
CUST-1656,Skyline SaaS,1,211.86,Month-to-Month,Electronic Check,True,77.4,5,0,-66.5,3,0.9353,1
CUST-1657,Nexus Global,46,304.31,Two-Year,Bank Transfer,True,82.9,0,3,-32.3,4,0.0655,0
CUST-1658,Skyline Finance,15,72.01,Month-to-Month,Electronic Check,False,72.5,9,1,-54.6,2,0.9906,1
CUST-1659,Aero SaaS,45,29.0,Two-Year,Electronic Check,True,88.2,2,1,-36.0,6,0.0343,0
CUST-1660,Lumina SaaS,20,96.12,One-Year,Electronic Check,True,41.1,3,0,-3.9,4,0.3662,0
CUST-1661,Synthetix Labs,36,277.7,Month-to-Month,Credit Card,True,69.7,10,1,-66.2,0,0.985,1
CUST-1662,Quantum Technologies,43,360.8,Two-Year,Credit Card,False,75.6,0,0,-18.6,6,0.0188,0
CUST-1663,Pulse Group,9,94.33,Month-to-Month,Credit Card,True,49.7,5,0,-12.5,2,0.8568,1
CUST-1664,Acro Labs,1,191.28,Month-to-Month,Electronic Check,True,64.6,3,1,-49.1,6,0.9334,1
CUST-1665,Crest Systems,17,29.26,Month-to-Month,Electronic Check,False,84.7,3,3,-31.2,7,0.7434,1
CUST-1666,Skyline Global,31,620.49,Two-Year,Bank Transfer,False,55.9,2,0,15.0,7,0.03,0
CUST-1667,Apex Ventures,4,637.48,Month-to-Month,Bank Transfer,True,55.1,1,0,-28.6,4,0.7341,1
CUST-1668,Nexus Logistics,1,336.59,Month-to-Month,Electronic Check,False,38.9,0,1,19.9,10,0.4966,0
CUST-1669,Aero Logistics,12,748.4,Month-to-Month,Credit Card,True,22.9,9,2,-52.2,4,0.9973,1
CUST-1670,Pulse Technologies,14,954.06,Month-to-Month,Electronic Check,False,74.8,8,1,-17.2,5,0.9731,1
CUST-1671,Vanguard Cloud,25,511.53,One-Year,Electronic Check,True,62.0,1,0,-25.7,7,0.0906,0
CUST-1672,Pulse Networks,10,337.92,Month-to-Month,Bank Transfer,False,59.0,0,0,16.3,10,0.0895,0
CUST-1673,IronClad Solutions,24,103.02,Month-to-Month,Credit Card,False,42.5,1,0,-5.6,7,0.526,1
CUST-1674,Vanguard Labs,28,34.54,Month-to-Month,Electronic Check,False,59.7,2,2,0.7,6,0.5685,1
CUST-1675,Nexus Ventures,14,118.07,Month-to-Month,Electronic Check,True,81.1,0,1,-13.6,8,0.3381,0
CUST-1676,IronClad Cloud,62,285.61,Two-Year,Manual Invoice,False,73.6,1,1,10.9,7,0.0062,0
CUST-1677,Apex Labs,15,94.8,Month-to-Month,Bank Transfer,True,60.1,2,0,20.2,8,0.1086,0
CUST-1678,Veritas Healthcare,20,63.38,Two-Year,Bank Transfer,False,65.2,5,2,-17.0,7,0.2348,0
CUST-1679,Veritas Enterprises,7,356.51,Month-to-Month,Credit Card,False,32.4,3,0,-16.0,4,0.8784,1
CUST-1680,Omni Analytics,35,55.35,Month-to-Month,Credit Card,False,78.0,1,2,-13.8,8,0.2948,0
CUST-1681,DataCore Solutions,48,329.93,Two-Year,Electronic Check,False,44.3,5,0,-41.6,2,0.4298,0
CUST-1682,Veritas Finance,1,897.71,Month-to-Month,Electronic Check,False,36.5,0,0,10.1,7,0.7645,1
CUST-1683,Omni SaaS,17,221.55,One-Year,Credit Card,False,39.1,0,0,20.6,10,0.0572,0
CUST-1684,Acro Systems,40,399.0,Two-Year,Credit Card,True,63.5,2,0,38.2,9,0.0047,0
CUST-1685,Acro Technologies,7,293.89,Month-to-Month,Electronic Check,False,50.1,4,0,25.7,8,0.509,1
CUST-1686,Skyline Healthcare,4,319.23,Month-to-Month,Bank Transfer,False,56.2,3,0,-28.4,3,0.9037,1
CUST-1687,Skyline Analytics,19,46.82,One-Year,Electronic Check,False,42.6,0,0,10.3,8,0.0618,0
CUST-1688,Aero SaaS,13,1131.19,Month-to-Month,Electronic Check,False,79.0,2,1,-9.3,3,0.8942,1
CUST-1689,Nexus Finance,9,54.39,Month-to-Month,Electronic Check,False,74.4,3,1,21.4,8,0.3618,0
CUST-1690,Hyperion Analytics,1,110.62,Month-to-Month,Credit Card,False,51.8,2,1,-23.7,4,0.8741,1
CUST-1691,Cobalt Systems,6,220.31,Month-to-Month,Electronic Check,False,47.2,8,0,3.0,6,0.9475,1
CUST-1692,Apex Labs,31,69.53,One-Year,Electronic Check,True,52.7,4,2,-41.7,6,0.6645,1
CUST-1693,Solace Analytics,19,104.72,Month-to-Month,Credit Card,False,54.5,2,0,-3.6,5,0.6591,1
CUST-1694,Hyperion Solutions,17,110.69,Month-to-Month,Credit Card,False,32.1,0,0,-17.1,8,0.432,0
CUST-1695,Synthetix Healthcare,35,53.22,One-Year,Credit Card,True,46.3,1,0,-47.1,10,0.0845,0
CUST-1696,Stratum SaaS,6,112.26,Month-to-Month,Electronic Check,True,74.0,4,0,-29.6,5,0.7439,1
CUST-1697,Solace Labs,2,111.12,Month-to-Month,Credit Card,False,61.6,0,0,-1.4,10,0.299,0
CUST-1698,DataCore Systems,33,223.72,One-Year,Credit Card,True,97.6,1,0,37.7,5,0.0188,0
CUST-1699,Solace Cloud,56,1037.76,Month-to-Month,Electronic Check,False,65.8,5,0,-37.2,6,0.6483,1
CUST-1700,Lumina Systems,20,48.58,One-Year,Bank Transfer,False,53.8,2,2,-26.1,5,0.4896,0
CUST-1701,Veritas Logistics,40,637.54,Two-Year,Credit Card,False,58.8,4,2,-53.0,4,0.6665,1
CUST-1702,Lumina SaaS,3,96.98,Month-to-Month,Electronic Check,False,49.5,2,0,27.9,9,0.4253,0
CUST-1703,Skyline Technologies,25,63.66,One-Year,Manual Invoice,False,49.3,5,0,-21.5,5,0.5035,1
CUST-1704,Veritas Dynamics,6,91.6,Month-to-Month,Bank Transfer,False,62.2,4,1,-20.5,3,0.8896,1
CUST-1705,Pulse SaaS,13,294.46,Month-to-Month,Manual Invoice,True,59.5,1,0,-6.7,10,0.1048,0
CUST-1706,Krypton Dynamics,52,80.32,Two-Year,Credit Card,False,60.4,4,0,-55.8,2,0.279,0
CUST-1707,Acro Dynamics,41,329.94,Two-Year,Electronic Check,False,92.3,0,1,-36.7,5,0.035,0
CUST-1708,Cobalt Global,22,266.3,Month-to-Month,Electronic Check,False,98.0,1,0,-21.8,7,0.3213,0
CUST-1709,Quantum Systems,31,293.89,One-Year,Credit Card,False,87.6,7,0,-0.6,6,0.1029,0
CUST-1710,Krypton SaaS,61,348.79,Two-Year,Manual Invoice,True,84.5,0,0,-57.5,7,0.0087,0
CUST-1711,Hyperion Enterprises,61,892.32,Two-Year,Credit Card,False,88.5,0,0,18.5,9,0.0014,0
CUST-1712,Synthetix SaaS,14,104.65,Month-to-Month,Bank Transfer,False,96.3,3,0,4.6,9,0.0901,0
CUST-1713,Crest Analytics,12,56.27,Month-to-Month,Electronic Check,True,73.8,2,0,-46.4,7,0.5266,1
CUST-1714,Stratum Networks,61,311.49,Month-to-Month,Credit Card,False,61.6,0,0,-2.9,6,0.0197,0
CUST-1715,Apex Technologies,60,227.29,Two-Year,Manual Invoice,False,80.8,7,0,13.1,1,0.0907,0
CUST-1716,Hyperion Dynamics,19,52.96,Month-to-Month,Bank Transfer,False,73.2,4,0,-33.8,6,0.4727,0
CUST-1717,Synthetix Systems,30,83.21,One-Year,Manual Invoice,False,44.1,2,0,-14.8,10,0.0409,0
CUST-1718,Solace Logistics,4,225.74,Month-to-Month,Bank Transfer,True,50.5,0,0,74.0,8,0.1876,0
CUST-1719,Crest Networks,2,104.77,Month-to-Month,Credit Card,False,77.6,6,0,-4.9,4,0.7715,1
CUST-1720,Synthetix Enterprises,10,105.36,Month-to-Month,Credit Card,True,21.5,2,0,-7.4,8,0.5788,1
CUST-1721,Pulse SaaS,47,407.53,Two-Year,Manual Invoice,False,44.1,3,0,-15.9,7,0.0384,0
CUST-1722,Solace Group,11,230.3,Month-to-Month,Credit Card,False,54.8,2,2,-1.7,10,0.3743,0
CUST-1723,Acro Systems,23,192.41,One-Year,Electronic Check,False,69.0,6,0,4.1,9,0.0978,0
CUST-1724,Krypton Technologies,12,252.24,Month-to-Month,Credit Card,False,31.4,9,2,-85.0,3,0.9991,1
CUST-1725,Veritas Healthcare,11,831.93,Month-to-Month,Credit Card,True,55.8,8,2,-84.8,1,0.999,1
CUST-1726,Apex Ventures,1,78.94,Month-to-Month,Electronic Check,False,78.4,5,0,-35.0,3,0.9321,1
CUST-1727,Cobalt Technologies,14,70.26,Month-to-Month,Bank Transfer,False,60.6,8,0,-22.8,3,0.9562,1
CUST-1728,Skyline Solutions,25,358.01,Month-to-Month,Electronic Check,False,81.3,3,1,-7.1,9,0.2421,0
CUST-1729,Quantum Labs,3,141.71,Month-to-Month,Credit Card,True,44.1,2,0,-43.6,5,0.8168,1
CUST-1730,Cobalt Cloud,13,115.92,Month-to-Month,Bank Transfer,False,42.7,1,0,-3.1,10,0.2449,0
CUST-1731,Cobalt Healthcare,13,652.03,Month-to-Month,Credit Card,False,75.9,0,1,-1.8,5,0.4398,0
CUST-1732,Quantum Technologies,59,275.31,Two-Year,Bank Transfer,False,80.1,2,1,-27.2,7,0.0097,0
CUST-1733,Acro Cloud,43,71.82,Two-Year,Electronic Check,False,44.2,0,0,-8.4,6,0.0364,0
CUST-1734,Vanguard Networks,4,123.57,Month-to-Month,Manual Invoice,True,40.2,0,0,-13.2,9,0.3145,0
CUST-1735,Apex Logistics,28,54.23,One-Year,Electronic Check,False,94.7,0,1,11.6,8,0.0155,0
CUST-1736,IronClad Cloud,50,280.7,Two-Year,Electronic Check,False,51.5,4,2,-16.8,8,0.2595,0
CUST-1737,Hyperion Cloud,14,844.94,Month-to-Month,Bank Transfer,True,77.9,3,1,-37.6,5,0.6934,1
CUST-1738,Nexus Systems,32,44.72,Two-Year,Bank Transfer,False,55.0,4,1,11.9,7,0.0757,0
CUST-1739,Quantum Finance,35,584.42,Two-Year,Electronic Check,False,65.4,1,1,-37.2,8,0.1135,0
CUST-1740,DataCore Labs,32,723.33,Month-to-Month,Manual Invoice,True,70.5,4,3,-64.8,4,0.9248,1
CUST-1741,Vanguard Analytics,7,226.8,Month-to-Month,Credit Card,True,15.1,3,0,-10.1,7,0.8021,1
CUST-1742,Cobalt Technologies,46,231.06,Two-Year,Manual Invoice,True,39.5,1,0,-4.3,9,0.0062,0
CUST-1743,Krypton Enterprises,22,76.25,One-Year,Credit Card,True,63.3,3,1,-7.2,7,0.1492,0
CUST-1744,Apex Dynamics,7,318.97,Month-to-Month,Credit Card,True,42.6,1,1,-32.5,4,0.9081,1
CUST-1745,Apex Solutions,28,76.43,Month-to-Month,Credit Card,True,83.3,0,0,27.3,8,0.0216,0
CUST-1746,Stratum Dynamics,38,344.71,Month-to-Month,Electronic Check,True,34.3,13,1,3.9,0,0.9941,1
CUST-1747,Pulse Technologies,6,60.06,One-Year,Credit Card,False,68.1,8,0,-19.5,4,0.7568,1
CUST-1748,Nexus Dynamics,33,524.65,One-Year,Credit Card,False,37.4,3,2,-6.1,8,0.3369,0
CUST-1749,Cobalt Cloud,39,1096.74,Two-Year,Electronic Check,True,59.7,8,0,-71.9,3,0.8277,1
CUST-1750,Crest Dynamics,22,68.55,Month-to-Month,Electronic Check,False,40.3,1,3,-23.9,10,0.6173,1
CUST-1751,Acro Labs,9,52.23,One-Year,Electronic Check,False,95.7,1,1,-20.4,10,0.0349,0
CUST-1752,Vanguard SaaS,31,175.48,One-Year,Bank Transfer,False,37.5,0,1,-21.5,8,0.1361,0
CUST-1753,Hyperion Ventures,25,344.51,Month-to-Month,Credit Card,False,60.1,3,1,-25.4,1,0.9662,1
CUST-1754,Solace Labs,1,76.47,Month-to-Month,Bank Transfer,True,20.8,2,0,-14.9,8,0.6146,1
CUST-1755,Synthetix SaaS,21,264.78,Two-Year,Manual Invoice,True,93.3,2,0,-37.4,5,0.0532,0
CUST-1756,Solace Labs,53,81.02,Two-Year,Credit Card,True,78.9,12,1,-48.2,4,0.5178,1
CUST-1757,Hyperion Ventures,6,110.32,Month-to-Month,Manual Invoice,False,59.5,2,1,-32.0,7,0.8321,1
CUST-1758,Lumina Group,35,80.51,One-Year,Electronic Check,False,95.0,0,0,24.7,10,0.0084,0
CUST-1759,Lumina Systems,14,143.6,Month-to-Month,Electronic Check,False,62.1,3,2,-5.7,8,0.7821,1
CUST-1760,Lumina Finance,29,288.03,One-Year,Credit Card,True,68.1,3,2,-5.7,10,0.0846,0
CUST-1761,Solace Global,21,941.12,One-Year,Credit Card,False,63.9,0,1,24.4,10,0.0551,0
CUST-1762,Omni Cloud,11,105.13,Month-to-Month,Bank Transfer,False,69.6,2,0,-21.7,4,0.6547,1
CUST-1763,Skyline Cloud,52,277.81,Two-Year,Credit Card,False,60.8,3,1,-2.3,9,0.0107,0
CUST-1764,Lumina Logistics,23,70.33,One-Year,Electronic Check,True,57.6,2,1,20.8,7,0.0834,0
CUST-1765,Hyperion Networks,12,299.92,Month-to-Month,Bank Transfer,False,74.8,7,0,-38.4,7,0.7737,1
CUST-1766,Omni Networks,25,97.75,One-Year,Credit Card,False,68.0,3,0,-54.7,8,0.2312,0
CUST-1767,Pulse Dynamics,16,245.64,Month-to-Month,Electronic Check,False,57.5,4,1,-29.3,7,0.7005,1
CUST-1768,Aero Dynamics,13,779.94,Month-to-Month,Credit Card,False,30.9,4,0,16.9,5,0.8727,1
CUST-1769,Solace Finance,19,115.91,Month-to-Month,Manual Invoice,True,90.7,3,2,-37.8,5,0.479,0
CUST-1770,Stratum Group,12,404.2,Month-to-Month,Bank Transfer,False,45.4,0,0,-6.6,10,0.2242,0
CUST-1771,IronClad Healthcare,10,106.36,One-Year,Credit Card,True,77.7,1,0,-17.5,10,0.0581,0
CUST-1772,Crest Healthcare,2,131.57,Month-to-Month,Electronic Check,False,59.1,5,2,-24.8,6,0.9706,1
CUST-1773,Acro Technologies,32,69.27,One-Year,Electronic Check,True,38.7,0,2,-31.2,7,0.1782,0
CUST-1774,Acro Global,42,102.55,One-Year,Credit Card,False,92.6,2,1,-43.1,4,0.2255,0
CUST-1775,IronClad Solutions,6,118.46,Month-to-Month,Bank Transfer,False,61.9,5,2,-31.0,3,0.9733,1
CUST-1776,Acro Dynamics,19,62.59,Two-Year,Electronic Check,False,87.4,1,0,-4.8,8,0.049,0
CUST-1777,Skyline Healthcare,18,72.86,Month-to-Month,Electronic Check,False,56.8,9,0,5.9,6,0.8902,1
CUST-1778,Pulse SaaS,15,128.45,Month-to-Month,Manual Invoice,False,73.6,4,1,-10.3,3,0.8972,1
CUST-1779,Aero Finance,6,221.49,Month-to-Month,Bank Transfer,False,21.5,0,0,-24.3,9,0.452,0
CUST-1780,DataCore Logistics,20,508.6,Month-to-Month,Credit Card,True,51.0,3,0,-22.3,9,0.3056,0
CUST-1781,Vanguard SaaS,15,123.2,Month-to-Month,Electronic Check,True,34.0,5,2,-2.2,7,0.9089,1
CUST-1782,Crest Logistics,34,114.92,One-Year,Electronic Check,False,57.7,3,1,-19.6,10,0.1565,0
CUST-1783,Lumina Global,1,95.8,Month-to-Month,Electronic Check,True,64.7,3,2,-41.3,6,0.8896,1
CUST-1784,Vanguard Ventures,17,741.77,Month-to-Month,Credit Card,False,48.0,1,0,4.1,9,0.2096,0
CUST-1785,Krypton SaaS,68,253.69,Two-Year,Electronic Check,True,92.7,0,0,-14.7,8,0.0018,0
CUST-1786,Vanguard Solutions,31,296.92,One-Year,Bank Transfer,False,47.2,9,1,-15.0,7,0.592,1
CUST-1787,Cobalt Cloud,42,124.5,Two-Year,Manual Invoice,False,85.3,2,1,3.1,9,0.0092,0
CUST-1788,Solace Logistics,24,90.96,Month-to-Month,Electronic Check,False,88.4,5,1,-43.7,4,0.9124,1
CUST-1789,IronClad Cloud,10,139.17,One-Year,Credit Card,True,78.3,10,1,14.6,5,0.7361,1
CUST-1790,Lumina Analytics,50,588.37,Two-Year,Bank Transfer,True,63.1,0,0,1.9,9,0.0027,0
CUST-1791,Krypton SaaS,20,746.46,One-Year,Manual Invoice,True,18.5,1,0,-64.6,5,0.603,1
CUST-1792,Nexus Healthcare,14,75.67,One-Year,Bank Transfer,True,70.8,2,2,-1.5,9,0.0561,0
CUST-1793,Krypton Systems,10,214.89,Month-to-Month,Electronic Check,False,55.5,2,0,-66.0,6,0.8567,1
CUST-1794,Solace Global,5,81.17,Month-to-Month,Electronic Check,False,36.9,5,0,16.0,8,0.7274,1
CUST-1795,Apex Logistics,11,95.43,Month-to-Month,Bank Transfer,True,47.2,7,1,-19.6,6,0.8417,1
CUST-1796,Vanguard Systems,3,844.36,Month-to-Month,Credit Card,True,84.6,0,2,-8.7,6,0.5907,1
CUST-1797,Apex Global,65,410.23,Two-Year,Electronic Check,True,51.8,2,0,-3.1,5,0.0219,0
CUST-1798,Krypton Group,9,96.61,Month-to-Month,Credit Card,True,67.1,5,0,2.5,5,0.5819,1
CUST-1799,Aero Healthcare,46,113.75,Two-Year,Bank Transfer,False,73.2,2,0,-15.1,7,0.0143,0
CUST-1800,Vanguard Enterprises,26,761.9,Two-Year,Electronic Check,True,55.7,0,1,-2.4,10,0.0574,0
CUST-1801,Acro Global,6,380.68,Month-to-Month,Bank Transfer,True,69.7,1,0,2.8,8,0.1759,0
CUST-1802,DataCore Group,13,423.91,Month-to-Month,Electronic Check,False,91.5,1,1,-77.1,6,0.7852,1
CUST-1803,Lumina Group,58,98.28,Two-Year,Bank Transfer,True,66.5,2,0,11.7,9,0.0019,0
CUST-1804,Solace Dynamics,72,60.18,Two-Year,Credit Card,False,71.7,6,2,-6.0,5,0.0411,0
CUST-1805,Omni Cloud,5,651.22,Month-to-Month,Electronic Check,False,68.9,5,1,-5.8,5,0.9252,1
CUST-1806,Solace Finance,7,296.92,Month-to-Month,Bank Transfer,True,75.5,4,2,-9.6,8,0.4952,0
CUST-1807,Crest Global,25,96.41,One-Year,Bank Transfer,False,59.9,1,0,39.8,10,0.0055,0
CUST-1808,Acro Analytics,23,321.91,One-Year,Manual Invoice,False,55.8,2,0,-4.2,6,0.1295,0
CUST-1809,Hyperion Technologies,2,307.61,Month-to-Month,Electronic Check,False,11.2,2,2,-13.4,6,0.9545,1
CUST-1810,Lumina Labs,24,85.17,One-Year,Credit Card,False,46.6,2,1,-24.4,7,0.1964,0
CUST-1811,Krypton Global,24,69.1,Month-to-Month,Credit Card,False,39.4,2,2,-61.0,6,0.9386,1
CUST-1812,Aero Analytics,1,304.07,Month-to-Month,Credit Card,False,69.0,2,1,3.3,10,0.4218,0
CUST-1813,Aero Global,16,391.3,Month-to-Month,Bank Transfer,False,54.9,0,0,-10.7,9,0.265,0
CUST-1814,Hyperion Dynamics,5,341.2,Month-to-Month,Electronic Check,False,50.8,1,1,-53.2,4,0.9181,1
CUST-1815,Omni Technologies,29,846.25,Month-to-Month,Electronic Check,True,63.5,2,0,-5.0,6,0.4091,0
CUST-1816,Veritas Finance,10,110.74,Month-to-Month,Credit Card,False,40.6,2,1,-10.7,8,0.6852,1
CUST-1817,Stratum Finance,6,75.72,Month-to-Month,Electronic Check,True,87.9,3,0,-11.9,7,0.6055,1
CUST-1818,Lumina Dynamics,11,658.51,Month-to-Month,Manual Invoice,True,84.3,1,1,-1.7,6,0.3347,0
CUST-1819,Quantum Ventures,7,66.31,Month-to-Month,Credit Card,False,89.5,1,1,-44.1,9,0.2733,0
CUST-1820,Hyperion Group,32,272.48,Two-Year,Credit Card,False,78.3,8,1,-1.3,0,0.6693,1
CUST-1821,Hyperion Enterprises,72,254.68,Month-to-Month,Bank Transfer,True,76.0,2,0,7.7,8,0.0079,0
CUST-1822,Synthetix Logistics,8,352.5,Month-to-Month,Credit Card,False,89.7,1,0,30.9,6,0.356,0
CUST-1823,Veritas Cloud,27,73.12,One-Year,Credit Card,False,49.5,2,0,-17.0,9,0.1028,0
CUST-1824,Cobalt Global,59,231.84,Two-Year,Electronic Check,False,55.3,1,1,5.6,7,0.015,0
CUST-1825,Krypton SaaS,7,1099.66,Month-to-Month,Electronic Check,True,45.1,5,1,-63.8,6,0.9796,1
CUST-1826,Acro Analytics,16,252.92,One-Year,Electronic Check,True,70.3,3,0,-27.0,5,0.3502,0
CUST-1827,Quantum Enterprises,24,289.21,One-Year,Credit Card,True,47.0,8,3,-70.4,6,0.8704,1
CUST-1828,Pulse Analytics,38,96.28,One-Year,Credit Card,False,63.3,3,1,-4.6,3,0.3025,0
CUST-1829,Skyline Group,18,56.58,Month-to-Month,Electronic Check,True,28.4,1,0,-27.7,9,0.3883,0
CUST-1830,Veritas Systems,17,115.89,One-Year,Credit Card,True,69.7,1,0,-11.1,6,0.1196,0
CUST-1831,Cobalt SaaS,3,100.93,Month-to-Month,Electronic Check,False,25.6,4,1,-14.2,7,0.8979,1
CUST-1832,Stratum Technologies,32,1030.51,One-Year,Manual Invoice,False,46.0,2,2,-23.3,8,0.4711,0
CUST-1833,Vanguard Cloud,23,239.25,One-Year,Electronic Check,False,86.2,4,0,-42.0,3,0.6479,1
CUST-1834,Synthetix Solutions,1,285.95,Month-to-Month,Bank Transfer,True,78.9,4,0,32.0,10,0.1278,0
CUST-1835,Hyperion Networks,24,282.36,Two-Year,Credit Card,True,69.7,1,0,2.8,9,0.0177,0
CUST-1836,IronClad Logistics,8,91.6,Month-to-Month,Credit Card,False,62.9,4,0,32.3,8,0.1711,0
CUST-1837,Lumina Dynamics,50,488.17,Two-Year,Electronic Check,False,59.4,0,0,-22.9,8,0.0225,0
CUST-1838,Vanguard Analytics,11,87.77,Month-to-Month,Manual Invoice,False,42.8,0,0,-6.5,8,0.3426,0
CUST-1839,Lumina Group,24,49.34,Month-to-Month,Electronic Check,True,55.0,2,3,-15.9,9,0.5401,1
CUST-1840,Crest Labs,12,301.5,Month-to-Month,Credit Card,False,28.3,9,2,4.2,4,0.9798,1
CUST-1841,Aero SaaS,45,366.84,Two-Year,Manual Invoice,True,73.5,0,2,34.1,10,0.0014,0
CUST-1842,Lumina Cloud,1,416.71,Month-to-Month,Bank Transfer,True,56.3,1,2,-21.0,8,0.72,1
CUST-1843,Vanguard Healthcare,6,105.46,Month-to-Month,Credit Card,True,38.1,3,0,-24.4,6,0.8254,1
CUST-1844,Vanguard Networks,12,651.57,Month-to-Month,Manual Invoice,False,90.0,2,0,-3.3,10,0.3215,0
CUST-1845,Krypton Cloud,18,60.3,One-Year,Bank Transfer,False,72.5,3,2,13.9,8,0.2338,0
CUST-1846,IronClad Dynamics,19,116.77,One-Year,Electronic Check,False,74.5,4,1,-10.7,7,0.1861,0
CUST-1847,Stratum Analytics,4,808.97,Month-to-Month,Credit Card,False,46.5,1,1,2.8,9,0.5753,1
CUST-1848,Veritas Solutions,36,906.98,Month-to-Month,Electronic Check,True,65.8,4,0,20.7,7,0.316,0
CUST-1849,Apex Enterprises,27,270.03,Month-to-Month,Electronic Check,False,75.6,8,2,-5.4,7,0.8996,1
CUST-1850,Stratum Cloud,21,440.78,Month-to-Month,Bank Transfer,False,64.4,1,0,26.6,9,0.1461,0
CUST-1851,Vanguard Enterprises,7,641.19,Month-to-Month,Credit Card,False,89.1,4,0,8.6,8,0.3011,0
CUST-1852,Stratum Labs,1,384.67,One-Year,Electronic Check,False,51.2,1,1,30.8,7,0.2372,0
CUST-1853,Apex Ventures,5,738.95,Month-to-Month,Bank Transfer,True,46.4,3,0,-34.4,2,0.9664,1
CUST-1854,Crest Dynamics,10,180.73,Month-to-Month,Electronic Check,False,70.7,3,0,52.2,9,0.0844,0
CUST-1855,IronClad Cloud,1,836.91,Month-to-Month,Manual Invoice,False,30.0,3,1,17.5,7,0.7917,1
CUST-1856,Hyperion Enterprises,48,806.66,Two-Year,Manual Invoice,False,87.9,0,0,1.0,8,0.0066,0
CUST-1857,Apex Cloud,38,58.72,Two-Year,Manual Invoice,False,40.4,1,1,24.7,4,0.1465,0
CUST-1858,IronClad Networks,62,584.0,Two-Year,Bank Transfer,False,86.4,5,0,-18.7,9,0.004,0
CUST-1859,Pulse Enterprises,11,278.52,Month-to-Month,Electronic Check,True,45.3,2,1,5.9,8,0.543,1
CUST-1860,Hyperion Healthcare,7,93.74,Month-to-Month,Credit Card,False,66.6,0,0,19.8,10,0.118,0
CUST-1861,Aero Networks,19,131.76,Month-to-Month,Electronic Check,False,78.8,2,0,20.6,5,0.5196,1
CUST-1862,Hyperion Ventures,22,111.33,Month-to-Month,Electronic Check,True,64.7,1,0,-9.5,8,0.239,0
CUST-1863,Omni Group,21,250.33,Month-to-Month,Credit Card,True,37.3,2,0,21.1,9,0.0824,0
CUST-1864,Hyperion Group,17,510.29,One-Year,Electronic Check,False,42.2,1,1,-14.0,8,0.2258,0
CUST-1865,Lumina SaaS,51,108.53,Two-Year,Manual Invoice,True,55.7,3,0,14.3,8,0.0129,0
CUST-1866,Pulse Group,39,84.41,Two-Year,Manual Invoice,True,28.8,1,0,1.6,5,0.0529,0
CUST-1867,Skyline Systems,6,968.91,Month-to-Month,Credit Card,False,79.3,6,0,-58.6,5,0.9349,1
CUST-1868,Vanguard Cloud,5,95.95,One-Year,Credit Card,False,58.7,4,0,-25.4,4,0.7181,1
CUST-1869,Pulse SaaS,20,84.96,Month-to-Month,Credit Card,True,38.3,6,0,8.2,5,0.7555,1
CUST-1870,Pulse Enterprises,6,81.18,Month-to-Month,Bank Transfer,False,85.9,0,1,-7.6,8,0.0803,0
CUST-1871,Krypton Group,23,308.96,One-Year,Credit Card,False,47.9,0,3,20.3,8,0.0656,0
CUST-1872,Nexus Networks,55,255.19,Month-to-Month,Electronic Check,False,76.5,2,1,-36.3,6,0.3717,0
CUST-1873,Skyline Healthcare,4,596.54,Month-to-Month,Credit Card,False,39.7,4,0,10.4,9,0.8193,1
CUST-1874,Pulse Ventures,14,316.59,Month-to-Month,Credit Card,False,18.8,3,0,-5.2,7,0.7801,1
CUST-1875,Nexus Enterprises,15,723.99,One-Year,Manual Invoice,True,32.2,3,1,-15.2,6,0.3168,0
CUST-1876,Omni Dynamics,18,282.01,One-Year,Electronic Check,False,51.4,3,1,-38.5,6,0.4755,0
CUST-1877,Krypton Enterprises,10,112.23,Month-to-Month,Electronic Check,True,76.0,3,1,-3.7,5,0.7355,1
CUST-1878,Krypton Dynamics,42,273.17,Two-Year,Bank Transfer,True,74.5,2,1,-31.2,7,0.0333,0
CUST-1879,Crest Analytics,17,280.9,Month-to-Month,Bank Transfer,False,62.9,3,0,-19.9,8,0.377,0
CUST-1880,Synthetix Ventures,11,244.02,Month-to-Month,Bank Transfer,True,18.1,1,1,-6.5,8,0.4808,0
CUST-1881,Acro Solutions,22,95.77,One-Year,Credit Card,False,87.0,3,0,-13.1,7,0.1287,0
CUST-1882,Cobalt Group,32,93.75,One-Year,Credit Card,False,69.1,2,1,19.7,9,0.0489,0
CUST-1883,Skyline Finance,58,107.52,Two-Year,Credit Card,True,70.0,8,0,-83.8,1,0.6182,1
CUST-1884,Crest Systems,22,70.52,Month-to-Month,Electronic Check,True,84.2,1,0,-2.5,8,0.0785,0
CUST-1885,Cobalt Solutions,7,252.53,One-Year,Credit Card,False,82.0,2,1,-15.1,10,0.1563,0
CUST-1886,Acro Finance,37,104.8,One-Year,Electronic Check,False,89.2,0,1,-0.2,8,0.022,0
CUST-1887,Aero Analytics,32,295.13,Two-Year,Electronic Check,False,59.7,9,0,-35.6,5,0.5414,1
CUST-1888,Apex Global,3,62.34,Month-to-Month,Manual Invoice,False,35.8,2,0,24.6,9,0.2995,0
CUST-1889,Krypton Group,18,117.66,One-Year,Electronic Check,True,80.2,4,1,-18.4,5,0.3878,0
CUST-1890,Solace Logistics,21,178.09,One-Year,Manual Invoice,True,34.0,3,0,-0.7,8,0.1721,0
CUST-1891,Apex Healthcare,24,104.61,Month-to-Month,Electronic Check,False,98.0,0,0,27.3,8,0.0201,0
CUST-1892,Krypton Global,4,522.26,Month-to-Month,Electronic Check,True,56.8,3,3,-17.7,7,0.8868,1
CUST-1893,Lumina Dynamics,18,132.14,Month-to-Month,Credit Card,False,39.2,5,1,-46.7,4,0.9519,1
CUST-1894,Lumina Cloud,26,46.39,One-Year,Bank Transfer,False,38.2,6,1,-28.7,6,0.7005,1
CUST-1895,Apex Ventures,52,957.41,Two-Year,Credit Card,False,45.0,0,1,-3.1,8,0.0171,0
CUST-1896,Krypton Labs,5,275.1,One-Year,Bank Transfer,False,59.3,6,2,-64.2,4,0.9374,1
CUST-1897,Omni Networks,47,75.83,One-Year,Electronic Check,False,69.0,6,1,-35.8,5,0.5455,1
CUST-1898,Skyline Global,6,89.63,Month-to-Month,Manual Invoice,False,32.1,1,1,-4.7,7,0.709,1
CUST-1899,Acro Systems,10,317.91,Month-to-Month,Electronic Check,False,50.9,2,0,49.3,7,0.5218,1
CUST-1900,Stratum Healthcare,13,587.21,Month-to-Month,Bank Transfer,False,31.5,3,1,0.3,7,0.7414,1
CUST-1901,Apex Finance,60,603.16,Month-to-Month,Credit Card,False,84.8,2,1,-2.1,10,0.0868,0
CUST-1902,IronClad Global,39,101.24,Month-to-Month,Bank Transfer,False,65.6,8,0,23.3,7,0.5204,1
CUST-1903,Hyperion Group,28,442.68,Month-to-Month,Credit Card,False,55.8,2,1,8.7,9,0.294,0
CUST-1904,Quantum Analytics,31,70.39,Month-to-Month,Electronic Check,False,38.5,3,0,14.2,6,0.5311,1
CUST-1905,Quantum SaaS,9,161.02,Month-to-Month,Manual Invoice,True,51.7,4,1,-22.2,6,0.8457,1
CUST-1906,Quantum Enterprises,15,575.76,Month-to-Month,Electronic Check,True,51.2,4,0,-38.6,4,0.9423,1
CUST-1907,Lumina Ventures,32,113.7,Month-to-Month,Electronic Check,True,71.0,1,0,8.5,7,0.1207,0
CUST-1908,Lumina Systems,7,70.35,Month-to-Month,Bank Transfer,True,60.4,2,1,39.6,9,0.1972,0
CUST-1909,Nexus Networks,42,97.73,Two-Year,Electronic Check,False,83.4,2,1,31.8,5,0.0284,0
CUST-1910,Aero SaaS,49,101.36,Two-Year,Electronic Check,True,60.0,1,0,18.4,10,0.005,0
CUST-1911,Veritas Healthcare,41,347.74,One-Year,Credit Card,False,30.1,9,0,-39.2,1,0.8828,1
CUST-1912,IronClad Group,43,267.98,Month-to-Month,Bank Transfer,False,87.7,0,0,-33.8,10,0.0358,0
CUST-1913,Solace Analytics,33,134.72,One-Year,Electronic Check,True,46.2,3,3,-39.6,4,0.83,1
CUST-1914,Vanguard Analytics,53,244.64,Two-Year,Credit Card,True,48.8,6,0,-7.6,4,0.0644,0
CUST-1915,Solace Logistics,17,792.16,One-Year,Bank Transfer,False,59.2,4,1,-23.8,5,0.6695,1
CUST-1916,Cobalt Technologies,11,794.15,Month-to-Month,Bank Transfer,False,64.3,5,3,0.1,5,0.9495,1
CUST-1917,Synthetix Finance,34,56.95,One-Year,Manual Invoice,False,54.6,5,1,-52.2,3,0.8695,1
CUST-1918,IronClad Healthcare,35,698.54,Two-Year,Bank Transfer,False,54.7,3,1,-12.2,6,0.1074,0
CUST-1919,Skyline Enterprises,45,289.69,One-Year,Credit Card,False,60.7,2,1,-25.2,7,0.1233,0
CUST-1920,Apex Global,32,74.2,One-Year,Credit Card,True,92.9,2,0,23.8,6,0.0133,0
CUST-1921,Apex Group,6,146.02,Month-to-Month,Electronic Check,True,56.7,0,0,18.6,10,0.1178,0
CUST-1922,Quantum Technologies,49,64.03,One-Year,Bank Transfer,False,50.3,4,2,-37.8,8,0.3184,0
CUST-1923,Vanguard Group,8,350.77,Month-to-Month,Manual Invoice,True,38.2,1,1,18.4,4,0.7063,1
CUST-1924,Stratum Logistics,22,106.41,One-Year,Bank Transfer,False,56.6,2,0,-41.6,10,0.061,0
CUST-1925,IronClad Logistics,4,279.17,Month-to-Month,Electronic Check,False,61.0,1,0,-42.7,8,0.6738,1
CUST-1926,Cobalt Analytics,46,63.37,Month-to-Month,Credit Card,False,78.5,3,0,-26.1,7,0.1467,0
CUST-1927,Apex Finance,11,611.71,Month-to-Month,Credit Card,True,60.8,4,0,-56.6,4,0.9039,1
CUST-1928,Veritas Analytics,20,72.05,One-Year,Credit Card,False,44.2,12,2,-43.8,2,0.9869,1
CUST-1929,Cobalt Enterprises,7,428.57,Month-to-Month,Bank Transfer,False,48.6,6,0,-15.0,7,0.7921,1
CUST-1930,Vanguard Technologies,41,569.38,One-Year,Credit Card,False,82.0,2,0,-11.1,10,0.0117,0
CUST-1931,Solace Cloud,9,47.94,One-Year,Electronic Check,True,34.8,2,0,12.5,10,0.0962,0
CUST-1932,IronClad Healthcare,11,360.75,Month-to-Month,Manual Invoice,False,49.0,2,0,-19.1,4,0.7518,1
CUST-1933,Hyperion Enterprises,11,100.46,Month-to-Month,Credit Card,False,70.2,4,1,-44.4,5,0.929,1
CUST-1934,DataCore Networks,10,891.48,Month-to-Month,Electronic Check,False,75.5,3,0,-23.9,6,0.7877,1
CUST-1935,Skyline Dynamics,24,315.33,Two-Year,Electronic Check,False,58.3,3,0,-34.5,9,0.1243,0
CUST-1936,Hyperion Labs,25,89.17,One-Year,Manual Invoice,False,54.3,1,1,-18.3,7,0.1972,0
CUST-1937,Nexus Systems,3,121.52,Month-to-Month,Bank Transfer,True,29.5,1,1,11.9,7,0.3114,0
CUST-1938,Synthetix Finance,2,69.73,Month-to-Month,Credit Card,True,66.1,1,0,-41.9,7,0.5088,1
CUST-1939,Apex Group,14,769.2,One-Year,Electronic Check,False,85.6,9,1,-35.5,3,0.9756,1
CUST-1940,Vanguard Healthcare,45,324.82,Two-Year,Electronic Check,False,98.0,1,1,20.9,10,0.0023,0
CUST-1941,Lumina Dynamics,51,512.18,Two-Year,Electronic Check,True,78.0,7,0,10.8,10,0.0369,0
CUST-1942,Solace SaaS,15,162.41,One-Year,Credit Card,False,58.5,5,2,-37.1,7,0.7395,1
CUST-1943,IronClad Ventures,34,85.71,Month-to-Month,Credit Card,False,46.8,8,1,31.3,8,0.58,1
CUST-1944,Omni Enterprises,15,775.56,Month-to-Month,Credit Card,True,21.9,9,2,-58.3,5,0.9959,1
CUST-1945,Pulse Ventures,21,116.42,Month-to-Month,Bank Transfer,False,64.8,7,0,-21.7,6,0.817,1
CUST-1946,Veritas Dynamics,7,914.69,Month-to-Month,Electronic Check,True,98.0,3,0,-33.3,5,0.8409,1
CUST-1947,Lumina Group,46,85.95,Month-to-Month,Electronic Check,True,94.2,1,1,7.8,7,0.0565,0
CUST-1948,Pulse Finance,25,88.25,Month-to-Month,Electronic Check,False,84.8,10,0,45.0,8,0.3804,0
CUST-1949,Veritas SaaS,27,189.75,Month-to-Month,Electronic Check,False,68.0,9,1,19.1,6,0.7017,1
CUST-1950,DataCore Logistics,64,649.84,Two-Year,Electronic Check,True,81.4,10,0,-3.8,2,0.3197,0
CUST-1951,Vanguard Group,20,843.1,One-Year,Credit Card,True,12.5,0,0,-10.2,10,0.1241,0
CUST-1952,Solace Solutions,34,96.1,Two-Year,Bank Transfer,True,80.5,6,0,-17.2,4,0.0637,0
CUST-1953,Vanguard Analytics,16,115.53,One-Year,Bank Transfer,True,48.2,6,1,9.9,4,0.4424,0
CUST-1954,Veritas Finance,28,272.77,Month-to-Month,Bank Transfer,True,49.4,0,0,23.7,7,0.0766,0
CUST-1955,Veritas Logistics,16,196.76,One-Year,Credit Card,True,53.3,0,0,7.1,9,0.021,0
CUST-1956,Lumina Global,1,343.4,Month-to-Month,Bank Transfer,True,48.2,10,0,-21.5,6,0.9516,1
CUST-1957,Solace Analytics,24,120.9,One-Year,Electronic Check,False,47.8,0,0,31.4,10,0.0108,0
CUST-1958,Quantum Dynamics,4,911.68,Month-to-Month,Manual Invoice,False,56.5,1,0,34.6,8,0.2965,0
CUST-1959,Synthetix Healthcare,39,270.18,Two-Year,Electronic Check,True,55.5,0,0,-32.5,6,0.026,0
CUST-1960,Apex Cloud,4,937.99,Month-to-Month,Electronic Check,True,58.2,5,0,-4.3,8,0.7974,1
CUST-1961,Pulse Enterprises,23,485.73,Month-to-Month,Electronic Check,True,32.2,3,1,5.5,7,0.5665,1
CUST-1962,Krypton Technologies,42,87.88,Two-Year,Manual Invoice,False,63.3,7,1,-34.3,5,0.2671,0
CUST-1963,Pulse Solutions,8,513.89,Month-to-Month,Manual Invoice,True,35.5,2,2,21.0,8,0.8174,1
CUST-1964,Aero Global,26,244.82,One-Year,Bank Transfer,True,50.0,0,0,-2.2,9,0.0312,0
CUST-1965,Aero Global,16,862.59,One-Year,Credit Card,True,62.7,5,0,22.7,8,0.189,0
CUST-1966,IronClad Finance,41,461.14,Two-Year,Credit Card,False,35.2,1,1,-12.2,10,0.0525,0
CUST-1967,Synthetix Healthcare,58,290.16,Two-Year,Manual Invoice,True,56.0,1,0,8.5,9,0.0035,0
CUST-1968,Cobalt Group,56,302.82,Two-Year,Credit Card,False,83.2,0,2,0.9,7,0.0051,0
CUST-1969,Nexus Ventures,18,123.38,Month-to-Month,Manual Invoice,True,32.1,0,0,46.6,10,0.0307,0
CUST-1970,Synthetix Dynamics,52,117.75,Two-Year,Electronic Check,True,98.0,3,0,14.5,6,0.0019,0
CUST-1971,Pulse Enterprises,44,106.61,One-Year,Electronic Check,False,92.3,13,0,-45.4,0,0.9431,1
CUST-1972,Skyline Cloud,25,30.93,One-Year,Bank Transfer,False,52.6,1,1,-9.8,10,0.0288,0
CUST-1973,Stratum Technologies,13,108.03,Month-to-Month,Electronic Check,False,43.2,4,1,-18.9,7,0.8235,1
CUST-1974,Solace Dynamics,32,102.64,One-Year,Manual Invoice,True,68.6,5,0,-9.5,8,0.0667,0
CUST-1975,Veritas Healthcare,53,91.4,Two-Year,Credit Card,False,42.0,4,1,-35.6,2,0.301,0
CUST-1976,IronClad Healthcare,43,41.74,Two-Year,Manual Invoice,True,27.9,0,0,3.0,6,0.0194,0
CUST-1977,DataCore Technologies,2,65.58,Month-to-Month,Electronic Check,False,46.4,15,0,-5.8,3,0.9966,1
CUST-1978,Crest Cloud,10,55.83,Month-to-Month,Bank Transfer,False,55.3,1,1,30.1,7,0.2401,0
CUST-1979,Aero Ventures,17,159.1,Month-to-Month,Credit Card,True,62.0,0,1,-39.1,4,0.5065,1
CUST-1980,Nexus SaaS,48,279.83,Two-Year,Credit Card,False,57.1,2,2,-54.1,4,0.309,0
CUST-1981,Nexus Technologies,39,65.05,One-Year,Credit Card,False,92.2,2,1,-20.8,6,0.1749,0
CUST-1982,Stratum Group,34,437.52,Month-to-Month,Manual Invoice,True,35.3,8,3,-78.5,3,0.995,1
CUST-1983,Nexus Group,40,719.62,Month-to-Month,Credit Card,False,44.2,2,0,-32.6,10,0.5122,1
CUST-1984,DataCore Systems,1,117.34,Month-to-Month,Electronic Check,False,65.0,2,0,7.8,6,0.5662,1
CUST-1985,Acro SaaS,8,185.85,Month-to-Month,Manual Invoice,True,34.2,0,1,-0.9,6,0.5621,1
CUST-1986,Synthetix Logistics,54,654.58,Two-Year,Electronic Check,False,47.2,1,0,-41.0,4,0.1464,0
CUST-1987,Veritas Systems,26,767.44,One-Year,Electronic Check,False,65.3,5,2,9.3,8,0.3895,0
CUST-1988,Aero Finance,27,62.3,Month-to-Month,Electronic Check,False,42.0,1,1,-13.5,8,0.6001,1
CUST-1989,Apex Systems,34,254.67,One-Year,Bank Transfer,False,62.5,2,0,-14.0,5,0.0485,0
CUST-1990,Solace Technologies,5,79.55,Month-to-Month,Electronic Check,False,42.5,1,1,22.4,7,0.5495,1
CUST-1991,Pulse Enterprises,72,265.97,Two-Year,Electronic Check,True,59.4,0,1,10.3,8,0.0062,0
CUST-1992,Vanguard Enterprises,33,1083.92,Month-to-Month,Manual Invoice,False,22.9,0,1,-1.1,8,0.4453,0
CUST-1993,Synthetix Dynamics,37,302.69,Month-to-Month,Bank Transfer,True,68.9,13,2,-56.4,0,0.9964,1
CUST-1994,Synthetix Dynamics,8,836.31,Month-to-Month,Electronic Check,True,32.5,0,0,19.2,9,0.4246,0
CUST-1995,Acro Finance,23,98.49,One-Year,Bank Transfer,True,58.5,7,0,-26.8,2,0.6656,1
CUST-1996,Stratum SaaS,34,860.27,One-Year,Manual Invoice,False,55.0,1,1,-8.7,8,0.1439,0
CUST-1997,Solace Cloud,24,275.03,One-Year,Electronic Check,False,58.1,1,1,-32.4,6,0.3663,0
CUST-1998,Pulse SaaS,2,76.98,Month-to-Month,Bank Transfer,True,52.6,2,1,22.6,9,0.1103,0
CUST-1999,DataCore Global,37,290.01,Month-to-Month,Credit Card,False,70.0,5,1,23.8,9,0.2228,0
CUST-2000,IronClad Enterprises,9,113.92,Month-to-Month,Credit Card,True,43.1,5,1,-9.7,5,0.8422,1
CUST-2001,Acro Enterprises,43,113.16,One-Year,Credit Card,False,92.8,2,0,-13.2,7,0.0142,0
CUST-2002,DataCore Healthcare,19,706.73,Month-to-Month,Credit Card,False,23.8,5,1,8.4,2,0.9733,1
CUST-2003,Quantum Networks,25,104.2,One-Year,Electronic Check,True,58.0,1,0,16.7,10,0.0229,0
CUST-2004,Vanguard Finance,43,268.32,Two-Year,Bank Transfer,True,84.6,0,1,-11.1,4,0.0266,0
CUST-2005,Stratum Ventures,43,85.85,Two-Year,Electronic Check,True,77.4,2,0,27.8,8,0.0041,0
CUST-2006,Crest Global,17,73.16,Month-to-Month,Credit Card,True,40.6,2,1,-16.6,2,0.9072,1
CUST-2007,Cobalt SaaS,6,717.3,Month-to-Month,Electronic Check,False,40.6,5,1,-47.2,3,0.9923,1
CUST-2008,Solace Logistics,17,118.53,Month-to-Month,Bank Transfer,True,40.0,3,0,-5.6,10,0.2366,0
CUST-2009,Solace Group,16,285.55,One-Year,Electronic Check,False,71.8,2,0,26.1,10,0.0462,0
CUST-2010,Krypton Labs,56,288.12,Two-Year,Credit Card,False,57.0,5,0,-7.4,8,0.0143,0
CUST-2011,Skyline Logistics,10,193.17,Month-to-Month,Credit Card,False,63.1,5,0,-39.3,5,0.9039,1
CUST-2012,Veritas Analytics,35,694.34,Month-to-Month,Bank Transfer,True,70.8,5,0,-20.1,9,0.2314,0
CUST-2013,Krypton Cloud,56,265.52,Two-Year,Credit Card,False,98.0,7,2,3.9,6,0.05,0
CUST-2014,Skyline Ventures,8,64.27,Two-Year,Bank Transfer,False,63.7,0,0,11.8,10,0.0107,0
CUST-2015,Aero Networks,4,753.9,Month-to-Month,Electronic Check,False,40.0,3,0,-4.5,10,0.8743,1
CUST-2016,Aero Labs,19,74.27,One-Year,Electronic Check,False,31.5,0,0,1.7,10,0.0322,0
CUST-2017,Hyperion Healthcare,6,284.8,Month-to-Month,Credit Card,True,51.3,0,1,27.0,9,0.1783,0
CUST-2018,Stratum Enterprises,1,771.87,Month-to-Month,Manual Invoice,True,52.9,3,1,16.4,9,0.6329,1
CUST-2019,Vanguard Ventures,28,222.65,Two-Year,Electronic Check,False,19.2,4,1,-47.0,8,0.3433,0
CUST-2020,Crest Labs,52,678.23,Two-Year,Electronic Check,False,56.3,7,0,7.5,7,0.1138,0
CUST-2021,Vanguard Group,36,284.64,One-Year,Electronic Check,False,71.7,2,0,11.9,9,0.0339,0
CUST-2022,IronClad Technologies,6,963.17,Month-to-Month,Credit Card,True,46.2,2,1,33.8,10,0.1942,0
CUST-2023,Acro Ventures,35,796.21,Two-Year,Credit Card,False,84.9,1,0,0.3,10,0.0057,0
CUST-2024,Lumina Global,4,68.45,Month-to-Month,Bank Transfer,True,25.0,0,1,28.4,7,0.5542,1
CUST-2025,DataCore Solutions,3,94.98,Month-to-Month,Electronic Check,True,69.4,3,1,2.7,8,0.3522,0
CUST-2026,Quantum Ventures,21,382.45,One-Year,Electronic Check,False,79.6,0,1,-27.8,8,0.1146,0
CUST-2027,Solace Global,9,335.0,Month-to-Month,Electronic Check,True,76.8,2,0,24.5,7,0.246,0
CUST-2028,DataCore Ventures,29,98.69,One-Year,Credit Card,False,32.4,1,0,22.2,7,0.0723,0
CUST-2029,Aero Technologies,45,103.14,One-Year,Credit Card,False,74.8,11,0,-44.2,6,0.516,1
CUST-2030,Skyline Healthcare,15,121.0,Month-to-Month,Electronic Check,False,46.1,2,2,-3.8,5,0.8676,1
CUST-2031,Stratum Analytics,24,943.61,Month-to-Month,Manual Invoice,False,34.1,2,0,51.7,6,0.3987,0
CUST-2032,Apex Healthcare,1,314.01,Month-to-Month,Electronic Check,False,47.0,3,0,-16.1,5,0.9292,1
CUST-2033,Quantum SaaS,5,111.72,Month-to-Month,Bank Transfer,True,38.4,1,0,20.2,5,0.525,1
CUST-2034,IronClad SaaS,26,57.96,One-Year,Credit Card,False,81.2,2,1,-33.4,5,0.293,0
CUST-2035,Quantum Networks,35,47.44,Two-Year,Electronic Check,False,75.8,2,1,-20.3,5,0.1152,0
CUST-2036,Acro Systems,5,88.93,Month-to-Month,Bank Transfer,False,33.5,4,0,13.3,7,0.4682,0
CUST-2037,Skyline Labs,6,86.72,Month-to-Month,Bank Transfer,False,42.3,2,2,-4.6,10,0.5337,1
CUST-2038,Solace Labs,21,652.1,One-Year,Credit Card,True,53.7,4,0,-12.0,5,0.5124,1
CUST-2039,Krypton SaaS,69,898.65,Two-Year,Credit Card,True,74.3,2,1,36.6,10,0.0007,0
CUST-2040,Pulse Solutions,7,38.43,Month-to-Month,Electronic Check,True,77.2,1,1,-26.0,9,0.2396,0
CUST-2041,IronClad Technologies,18,71.63,Month-to-Month,Credit Card,False,74.2,3,0,-7.6,2,0.8469,1
CUST-2042,Vanguard Systems,28,72.88,One-Year,Electronic Check,False,64.4,4,0,5.3,6,0.1069,0
CUST-2043,Pulse Analytics,6,181.82,Month-to-Month,Bank Transfer,False,51.6,3,1,-30.8,5,0.8684,1
CUST-2044,Omni Global,5,122.37,Month-to-Month,Electronic Check,False,21.0,0,2,7.7,9,0.6411,1
CUST-2045,Crest Ventures,21,51.02,One-Year,Electronic Check,False,87.1,0,3,16.9,10,0.0848,0
CUST-2046,Veritas Global,26,70.29,One-Year,Electronic Check,True,53.9,3,1,-11.9,7,0.2436,0
CUST-2047,Apex Logistics,24,334.48,One-Year,Electronic Check,True,93.3,2,1,-23.1,5,0.2708,0
CUST-2048,Hyperion Solutions,18,318.76,One-Year,Credit Card,False,64.3,0,1,-7.8,7,0.1387,0
CUST-2049,Synthetix Group,26,213.51,One-Year,Electronic Check,False,98.0,6,0,-80.0,0,0.9596,1
CUST-2050,Stratum Global,2,102.06,Month-to-Month,Bank Transfer,True,67.7,7,0,9.2,6,0.5943,1
CUST-2051,IronClad Global,27,802.16,Month-to-Month,Electronic Check,False,34.5,2,0,5.6,7,0.6331,1
CUST-2052,Acro Dynamics,19,1169.95,Month-to-Month,Bank Transfer,True,48.4,6,2,-27.4,6,0.9637,1
CUST-2053,DataCore SaaS,14,95.1,Month-to-Month,Credit Card,False,55.8,1,1,-44.7,8,0.7599,1
CUST-2054,Acro Networks,27,81.47,One-Year,Manual Invoice,True,45.6,6,0,14.7,6,0.191,0
CUST-2055,Lumina Enterprises,39,228.61,Two-Year,Manual Invoice,False,59.2,1,0,-8.9,8,0.0069,0
CUST-2056,Apex Labs,58,66.39,Two-Year,Bank Transfer,True,45.1,5,0,4.1,6,0.0165,0
CUST-2057,Hyperion Solutions,26,64.36,One-Year,Bank Transfer,False,62.9,1,2,-8.3,5,0.3743,0
CUST-2058,Nexus Cloud,12,362.27,Month-to-Month,Credit Card,True,63.3,10,2,-75.4,0,0.9977,1
CUST-2059,Solace Cloud,11,281.08,Month-to-Month,Bank Transfer,False,38.2,0,0,36.7,5,0.3725,0
CUST-2060,Quantum Group,25,99.13,Two-Year,Manual Invoice,False,98.0,3,2,13.0,7,0.0342,0
CUST-2061,IronClad Finance,32,370.85,One-Year,Electronic Check,True,65.9,0,0,24.1,8,0.0174,0
CUST-2062,Cobalt Systems,26,325.48,One-Year,Credit Card,True,46.5,0,1,7.9,6,0.1686,0
CUST-2063,Vanguard Networks,23,116.97,One-Year,Electronic Check,False,29.3,1,1,-32.9,8,0.4048,0
CUST-2064,Veritas Healthcare,21,283.32,One-Year,Credit Card,False,62.5,5,0,11.7,8,0.2996,0
CUST-2065,Crest Group,58,95.88,Two-Year,Credit Card,True,67.2,7,1,34.1,8,0.0181,0
CUST-2066,Crest Ventures,10,64.29,Month-to-Month,Credit Card,False,73.7,1,0,4.9,9,0.1666,0
CUST-2067,Stratum Technologies,25,234.69,One-Year,Credit Card,True,59.6,3,0,-0.6,7,0.089,0
CUST-2068,Hyperion Analytics,36,97.22,Two-Year,Manual Invoice,True,41.9,4,1,-39.5,5,0.2847,0
CUST-2069,Pulse Enterprises,5,144.61,Month-to-Month,Credit Card,False,89.9,2,2,-62.8,7,0.7251,1
CUST-2070,Solace Technologies,30,110.08,One-Year,Bank Transfer,False,72.7,1,0,-7.0,9,0.0125,0
CUST-2071,DataCore Ventures,19,355.93,Month-to-Month,Electronic Check,False,55.6,8,1,13.0,7,0.8979,1
CUST-2072,Cobalt Solutions,38,268.48,Two-Year,Credit Card,False,69.7,1,0,35.6,9,0.0059,0
CUST-2073,IronClad Solutions,5,69.99,Month-to-Month,Credit Card,False,66.0,0,0,3.4,6,0.2443,0
CUST-2074,Solace Solutions,15,233.15,One-Year,Electronic Check,True,30.9,3,0,6.8,8,0.2965,0
CUST-2075,Lumina Technologies,7,72.79,Month-to-Month,Electronic Check,False,60.3,0,1,-30.5,6,0.7286,1
CUST-2076,Solace Cloud,16,156.83,One-Year,Credit Card,False,50.8,4,2,-14.2,7,0.4462,0
CUST-2077,IronClad Finance,12,66.88,Month-to-Month,Credit Card,True,68.7,7,2,-39.1,5,0.9343,1
CUST-2078,Synthetix Ventures,2,246.38,Month-to-Month,Credit Card,True,40.8,3,1,-7.6,7,0.8298,1
CUST-2079,DataCore SaaS,23,718.44,Month-to-Month,Electronic Check,False,49.8,1,0,-4.9,7,0.5858,1
CUST-2080,Veritas SaaS,61,773.72,Two-Year,Electronic Check,False,98.0,1,2,-15.3,9,0.0124,0
CUST-2081,Stratum Finance,7,94.06,Month-to-Month,Credit Card,True,81.7,6,1,6.9,8,0.5464,1
CUST-2082,Hyperion Analytics,15,747.31,Month-to-Month,Electronic Check,True,5.0,2,1,43.1,8,0.5041,1
CUST-2083,Nexus Logistics,17,70.46,One-Year,Electronic Check,True,83.2,5,2,-24.2,3,0.7703,1
CUST-2084,Vanguard Networks,31,396.6,Month-to-Month,Electronic Check,True,62.8,0,2,30.5,9,0.0933,0
CUST-2085,Hyperion Solutions,52,70.62,Two-Year,Electronic Check,False,56.4,5,2,-51.0,7,0.4571,0
CUST-2086,Hyperion Technologies,14,60.69,Month-to-Month,Electronic Check,False,39.1,5,0,-12.3,3,0.9315,1
CUST-2087,Lumina Labs,13,96.65,One-Year,Electronic Check,False,39.9,1,0,-30.4,8,0.5413,1
CUST-2088,Veritas Ventures,40,107.73,Month-to-Month,Electronic Check,True,53.4,3,0,-11.8,5,0.4033,0
CUST-2089,Crest Analytics,20,336.31,Month-to-Month,Credit Card,False,38.5,6,0,4.9,4,0.8739,1
CUST-2090,Aero Cloud,23,886.25,One-Year,Electronic Check,True,34.8,4,0,21.0,9,0.1584,0
CUST-2091,Cobalt Global,19,271.99,One-Year,Credit Card,True,39.9,0,4,-34.5,8,0.338,0
CUST-2092,Apex Dynamics,14,248.68,One-Year,Manual Invoice,False,65.7,1,1,8.5,8,0.1731,0
CUST-2093,Aero Group,24,235.17,Month-to-Month,Bank Transfer,True,63.2,7,1,9.7,7,0.5271,1
CUST-2094,Acro Finance,17,47.31,Month-to-Month,Electronic Check,True,71.2,2,0,26.2,10,0.0987,0
CUST-2095,IronClad Enterprises,21,109.8,Month-to-Month,Manual Invoice,False,60.0,0,0,11.5,6,0.3721,0
CUST-2096,Aero Logistics,64,80.63,Two-Year,Electronic Check,True,48.1,4,2,-31.7,6,0.0954,0
CUST-2097,Solace Networks,7,53.84,Month-to-Month,Electronic Check,False,67.0,2,1,-23.2,10,0.4904,0
CUST-2098,DataCore Logistics,4,64.34,Month-to-Month,Manual Invoice,True,36.1,4,0,-28.1,7,0.8041,1
CUST-2099,Krypton Analytics,15,63.33,Month-to-Month,Bank Transfer,True,72.4,3,1,-9.8,1,0.68,1
CUST-2100,Omni SaaS,21,86.08,One-Year,Credit Card,False,38.0,1,0,-18.6,5,0.1638,0
CUST-2101,Crest Ventures,53,111.69,Month-to-Month,Credit Card,False,57.2,1,0,19.0,10,0.0114,0
CUST-2102,Pulse SaaS,39,687.36,Two-Year,Credit Card,True,59.5,0,1,5.7,7,0.0333,0
CUST-2103,Nexus Logistics,16,29.0,Month-to-Month,Electronic Check,False,73.3,10,0,-20.4,6,0.9074,1
CUST-2104,Pulse Group,21,268.65,Two-Year,Electronic Check,False,64.8,4,1,-58.0,9,0.3541,0
CUST-2105,Synthetix Solutions,11,270.63,Month-to-Month,Credit Card,False,58.7,2,0,-0.3,7,0.4364,0
CUST-2106,IronClad Networks,30,266.5,One-Year,Manual Invoice,True,98.0,3,2,-25.5,5,0.1125,0
CUST-2107,IronClad SaaS,51,69.31,Two-Year,Electronic Check,False,33.6,2,0,53.2,7,0.0161,0
CUST-2108,Nexus Logistics,1,90.44,Month-to-Month,Bank Transfer,False,34.5,0,1,-32.0,9,0.5047,1
CUST-2109,Cobalt Systems,48,86.65,Two-Year,Electronic Check,False,47.8,2,2,-16.1,6,0.1544,0
CUST-2110,Aero SaaS,28,84.38,Month-to-Month,Credit Card,False,28.0,9,0,-12.4,3,0.9743,1
CUST-2111,Lumina Systems,54,95.32,Two-Year,Credit Card,True,56.8,4,0,-31.3,3,0.0941,0
CUST-2112,Pulse Finance,22,254.21,One-Year,Credit Card,False,75.4,0,1,48.2,9,0.0177,0
CUST-2113,Pulse Technologies,30,250.8,Month-to-Month,Electronic Check,False,52.2,8,1,24.7,4,0.8025,1
CUST-2114,Solace Enterprises,4,362.81,Month-to-Month,Credit Card,False,49.5,2,0,-22.5,3,0.9725,1
CUST-2115,Pulse Dynamics,2,98.98,Month-to-Month,Credit Card,False,21.1,1,2,-22.8,5,0.9535,1
CUST-2116,Veritas Analytics,22,105.67,Month-to-Month,Electronic Check,False,45.7,4,1,41.7,9,0.4271,0
CUST-2117,Nexus Technologies,26,970.7,Month-to-Month,Electronic Check,False,53.6,1,2,26.9,10,0.4268,0
CUST-2118,Skyline Finance,3,98.15,Month-to-Month,Credit Card,False,68.7,4,2,-26.2,6,0.8928,1
CUST-2119,Omni Global,27,335.7,Month-to-Month,Credit Card,False,29.6,1,1,7.8,8,0.4078,0
CUST-2120,Omni Solutions,18,185.24,One-Year,Electronic Check,False,51.3,3,0,-38.7,6,0.6446,1
CUST-2121,Stratum Systems,17,90.1,Month-to-Month,Credit Card,False,81.8,1,0,56.9,10,0.022,0
CUST-2122,Apex SaaS,11,80.43,Month-to-Month,Manual Invoice,False,49.4,2,1,-4.2,5,0.7846,1
CUST-2123,Synthetix Finance,23,380.66,One-Year,Electronic Check,True,19.6,8,0,-4.4,2,0.9287,1
CUST-2124,Stratum Technologies,4,108.19,Month-to-Month,Credit Card,False,81.8,2,0,-24.4,7,0.4177,0
CUST-2125,Stratum Dynamics,5,69.24,Month-to-Month,Electronic Check,False,71.2,3,0,-32.4,7,0.7673,1
CUST-2126,Omni Group,10,94.32,Month-to-Month,Electronic Check,False,75.4,1,1,8.3,8,0.1971,0
CUST-2127,Stratum Solutions,58,89.19,Two-Year,Electronic Check,False,37.5,3,1,38.9,5,0.0574,0
CUST-2128,Krypton Finance,60,307.26,Two-Year,Credit Card,True,98.0,1,3,-26.5,9,0.015,0
CUST-2129,Stratum Enterprises,22,566.61,Month-to-Month,Bank Transfer,True,46.1,6,1,-42.5,4,0.9562,1
CUST-2130,Quantum SaaS,27,94.0,One-Year,Electronic Check,True,52.9,9,0,-14.4,5,0.7906,1
CUST-2131,Synthetix Global,40,708.93,One-Year,Credit Card,False,52.9,0,0,45.9,10,0.0056,0
CUST-2132,Quantum Networks,30,800.84,One-Year,Credit Card,True,82.9,3,0,-20.0,3,0.2625,0
CUST-2133,Skyline Networks,34,619.61,One-Year,Electronic Check,False,61.6,1,0,-4.2,4,0.2413,0
CUST-2134,Apex SaaS,15,644.69,One-Year,Credit Card,True,69.1,4,1,8.9,8,0.1847,0
CUST-2135,Krypton Dynamics,8,114.35,Month-to-Month,Bank Transfer,False,58.9,0,1,23.6,5,0.3482,0
CUST-2136,Skyline Group,30,58.71,Month-to-Month,Bank Transfer,True,62.1,5,1,-22.1,5,0.5124,1
CUST-2137,Cobalt Technologies,5,221.33,Month-to-Month,Bank Transfer,True,37.6,6,1,9.4,5,0.9366,1
CUST-2138,Acro Dynamics,21,276.91,Two-Year,Electronic Check,False,97.5,2,2,2.2,8,0.0372,0
CUST-2139,IronClad Technologies,37,611.06,One-Year,Bank Transfer,True,36.8,7,0,-15.6,4,0.7114,1
CUST-2140,Solace Systems,56,590.69,Two-Year,Electronic Check,False,80.0,3,0,18.6,9,0.0078,0
CUST-2141,Acro Finance,45,286.3,Two-Year,Bank Transfer,True,76.0,4,0,12.1,5,0.0185,0
CUST-2142,Skyline Ventures,35,47.37,Month-to-Month,Manual Invoice,True,88.6,3,0,-30.2,4,0.4005,0
CUST-2143,Nexus Technologies,23,59.8,One-Year,Electronic Check,False,89.7,2,1,31.1,8,0.076,0
CUST-2144,Lumina Labs,8,136.35,One-Year,Credit Card,True,54.7,4,0,1.6,7,0.0813,0
CUST-2145,Solace Networks,51,307.57,Two-Year,Credit Card,True,80.9,3,0,30.4,9,0.0026,0
CUST-2146,Cobalt Labs,44,235.21,Two-Year,Bank Transfer,True,98.0,2,0,0.3,10,0.0016,0
CUST-2147,Pulse Global,18,825.28,One-Year,Electronic Check,False,59.1,0,1,6.2,10,0.1043,0
CUST-2148,Veritas Systems,1,314.04,Month-to-Month,Manual Invoice,True,34.0,2,0,9.0,9,0.5353,1
CUST-2149,Apex Global,40,928.99,One-Year,Credit Card,False,59.3,3,1,4.7,9,0.0706,0
CUST-2150,Stratum Labs,1,272.37,Month-to-Month,Electronic Check,False,29.2,2,0,37.2,9,0.3581,0
CUST-2151,Pulse Healthcare,17,925.77,One-Year,Electronic Check,False,67.5,1,2,3.7,10,0.1038,0
CUST-2152,Apex Networks,7,34.04,Two-Year,Bank Transfer,True,78.4,5,2,-20.7,6,0.1914,0
CUST-2153,Solace Solutions,1,559.86,Month-to-Month,Electronic Check,True,52.9,1,0,27.2,8,0.4357,0
CUST-2154,Apex Healthcare,14,289.83,One-Year,Electronic Check,True,26.8,1,1,7.8,7,0.3447,0
CUST-2155,Hyperion Finance,12,93.24,Month-to-Month,Credit Card,False,79.0,4,0,66.9,10,0.0899,0
CUST-2156,Solace Analytics,6,62.21,Month-to-Month,Credit Card,True,21.3,1,1,4.3,8,0.4989,0
CUST-2157,IronClad Enterprises,3,796.7,Month-to-Month,Credit Card,False,25.0,0,1,30.9,10,0.3871,0
CUST-2158,Omni Logistics,36,69.4,One-Year,Credit Card,False,62.2,0,1,22.1,7,0.0617,0
CUST-2159,Synthetix Global,26,263.38,Two-Year,Bank Transfer,True,67.8,5,1,-66.2,7,0.321,0
CUST-2160,Aero Ventures,38,110.62,Two-Year,Manual Invoice,False,74.8,4,1,-30.4,5,0.1924,0
CUST-2161,Cobalt Group,11,334.54,Month-to-Month,Electronic Check,True,57.0,0,1,-11.0,9,0.1929,0
CUST-2162,Cobalt Logistics,44,570.53,Two-Year,Bank Transfer,True,98.0,3,2,-51.5,3,0.3101,0
CUST-2163,Omni Finance,11,58.57,One-Year,Manual Invoice,True,59.6,6,0,-22.9,1,0.8044,1
CUST-2164,IronClad Dynamics,3,74.72,Month-to-Month,Credit Card,True,76.6,0,0,-29.3,10,0.1697,0
CUST-2165,Quantum Enterprises,16,745.19,Month-to-Month,Credit Card,False,75.5,1,2,-35.7,6,0.8199,1
CUST-2166,Skyline Finance,20,240.53,Month-to-Month,Electronic Check,False,35.1,2,2,-5.0,9,0.6919,1
CUST-2167,Quantum Solutions,43,937.32,Two-Year,Credit Card,True,64.5,18,0,-1.0,0,0.9462,1
CUST-2168,Krypton Networks,16,93.68,One-Year,Credit Card,False,98.0,4,3,-56.1,7,0.5901,1
CUST-2169,Skyline SaaS,27,95.15,One-Year,Bank Transfer,False,53.0,4,0,-37.4,5,0.449,0
CUST-2170,Veritas Group,5,53.34,Month-to-Month,Manual Invoice,True,43.0,9,1,-40.3,1,0.9961,1
CUST-2171,Quantum Healthcare,19,350.04,One-Year,Electronic Check,True,64.1,0,0,1.3,10,0.0485,0
CUST-2172,DataCore Global,11,29.0,Month-to-Month,Electronic Check,False,48.9,4,0,-45.6,7,0.79,1
CUST-2173,IronClad Ventures,11,105.85,Month-to-Month,Electronic Check,False,42.4,1,0,-15.5,9,0.4146,0
CUST-2174,Vanguard Cloud,26,108.36,One-Year,Bank Transfer,False,53.1,3,1,-28.8,6,0.4029,0
CUST-2175,Omni Systems,13,74.19,Month-to-Month,Electronic Check,False,87.5,5,0,-2.0,3,0.6669,1
CUST-2176,Quantum Global,53,979.12,Two-Year,Credit Card,False,68.2,5,1,-4.4,4,0.1843,0
CUST-2177,Aero SaaS,8,83.42,Month-to-Month,Electronic Check,False,30.8,1,0,-1.8,6,0.6485,1
CUST-2178,Lumina Group,33,283.75,One-Year,Credit Card,False,34.7,1,1,-12.4,7,0.2342,0
CUST-2179,Quantum Systems,8,811.12,Month-to-Month,Electronic Check,False,98.0,6,1,-35.7,7,0.8537,1
CUST-2180,Cobalt Logistics,21,164.66,One-Year,Bank Transfer,True,56.8,1,1,-1.7,8,0.0494,0
CUST-2181,Solace Systems,25,360.67,Month-to-Month,Credit Card,False,71.2,4,0,-31.4,1,0.8833,1
CUST-2182,Acro Group,25,876.2,Month-to-Month,Manual Invoice,True,47.1,2,0,37.7,3,0.5399,1
CUST-2183,Acro Finance,51,585.7,Two-Year,Credit Card,False,76.7,5,1,-52.4,3,0.4527,0
CUST-2184,Lumina Systems,5,88.59,Month-to-Month,Electronic Check,False,85.7,3,0,-20.4,5,0.8156,1
CUST-2185,Crest Cloud,32,64.67,Two-Year,Electronic Check,False,51.6,7,0,5.7,6,0.2242,0
CUST-2186,Quantum Analytics,31,105.55,Two-Year,Manual Invoice,True,73.5,10,0,-35.0,0,0.6462,1
CUST-2187,Quantum Networks,19,288.43,Month-to-Month,Bank Transfer,False,32.6,3,0,12.8,5,0.8402,1
CUST-2188,Acro Networks,4,212.53,Month-to-Month,Electronic Check,False,96.7,1,0,44.9,10,0.0604,0
CUST-2189,Nexus Ventures,15,284.87,One-Year,Bank Transfer,False,64.9,0,1,20.8,10,0.0286,0
CUST-2190,Krypton Systems,36,63.76,Two-Year,Credit Card,False,57.5,8,0,-49.1,0,0.818,1
CUST-2191,IronClad Enterprises,27,88.78,Two-Year,Electronic Check,False,57.1,4,1,-40.9,4,0.5517,1
CUST-2192,Krypton Logistics,10,228.46,Month-to-Month,Electronic Check,True,47.8,5,1,-19.7,8,0.7521,1
CUST-2193,Stratum Systems,16,281.65,One-Year,Bank Transfer,False,50.6,5,2,-8.9,8,0.5009,1
CUST-2194,Stratum Finance,6,325.03,Month-to-Month,Electronic Check,False,7.9,0,0,35.2,7,0.7734,1
CUST-2195,Crest Cloud,58,83.67,Two-Year,Electronic Check,True,70.4,1,0,-17.6,10,0.0012,0
CUST-2196,Crest Cloud,69,75.23,Two-Year,Electronic Check,True,72.9,6,1,-30.1,5,0.0672,0
CUST-2197,Omni Technologies,3,90.08,Month-to-Month,Electronic Check,True,65.7,1,2,-14.3,9,0.4096,0
CUST-2198,Hyperion Analytics,3,102.43,Month-to-Month,Credit Card,False,45.4,3,1,-15.8,5,0.9292,1
CUST-2199,Aero Cloud,28,57.32,Month-to-Month,Electronic Check,False,48.0,0,1,37.4,10,0.1366,0
CUST-2200,Skyline Analytics,5,91.52,Month-to-Month,Electronic Check,False,56.3,0,0,2.4,6,0.5101,1
CUST-2201,Acro Systems,33,117.94,Two-Year,Manual Invoice,False,32.7,2,0,2.8,6,0.0743,0
CUST-2202,Aero Labs,7,99.34,Month-to-Month,Electronic Check,True,60.0,2,1,16.8,7,0.3772,0
CUST-2203,Quantum Systems,29,86.44,Month-to-Month,Electronic Check,False,26.5,2,3,23.8,8,0.3768,0
CUST-2204,Nexus Logistics,16,318.38,Month-to-Month,Credit Card,True,82.2,3,0,-4.9,10,0.1177,0
CUST-2205,Aero Solutions,59,96.31,Two-Year,Credit Card,True,86.4,1,0,33.5,10,0.0004,0
CUST-2206,IronClad Technologies,14,325.22,One-Year,Bank Transfer,False,40.7,4,0,38.7,7,0.1532,0
CUST-2207,Vanguard Ventures,1,158.56,Month-to-Month,Electronic Check,True,68.5,10,0,-27.8,6,0.8342,1
CUST-2208,Apex Technologies,19,186.79,Month-to-Month,Bank Transfer,False,62.9,0,1,-14.1,6,0.2254,0
CUST-2209,Lumina Networks,60,930.87,Two-Year,Bank Transfer,False,52.8,2,1,48.7,10,0.0016,0
CUST-2210,Omni Solutions,43,47.37,Two-Year,Bank Transfer,False,27.4,5,2,8.0,5,0.2243,0
CUST-2211,IronClad Labs,44,304.09,Month-to-Month,Electronic Check,True,74.5,3,0,-3.7,6,0.2489,0
CUST-2212,Acro Healthcare,37,686.63,Month-to-Month,Electronic Check,False,50.2,4,2,-0.8,10,0.395,0
CUST-2213,Cobalt Systems,34,570.69,Month-to-Month,Credit Card,False,87.1,1,2,-34.1,6,0.4788,0
CUST-2214,Stratum Global,11,93.74,Month-to-Month,Bank Transfer,False,58.6,1,2,19.7,7,0.341,0
CUST-2215,Krypton Group,20,90.03,One-Year,Credit Card,False,47.0,3,1,-54.0,3,0.9137,1
CUST-2216,Apex Healthcare,18,137.76,Two-Year,Electronic Check,False,96.4,2,1,20.8,6,0.0384,0
CUST-2217,Vanguard Logistics,17,242.51,Month-to-Month,Electronic Check,False,71.6,2,0,-19.0,4,0.6846,1
CUST-2218,Aero Labs,41,366.41,Two-Year,Credit Card,False,5.0,3,1,-50.3,6,0.3805,0
CUST-2219,Crest Networks,36,93.81,Month-to-Month,Bank Transfer,False,56.1,6,2,-73.0,4,0.8893,1
CUST-2220,Acro Dynamics,28,240.34,One-Year,Electronic Check,False,35.7,3,0,-15.9,7,0.3919,0
CUST-2221,Lumina Enterprises,22,327.95,One-Year,Electronic Check,False,45.6,3,0,13.8,7,0.1961,0
CUST-2222,Acro Cloud,2,99.14,Month-to-Month,Credit Card,False,52.7,2,0,-35.7,5,0.8209,1
CUST-2223,Veritas Labs,2,756.45,Month-to-Month,Credit Card,True,62.7,1,1,-33.9,5,0.8564,1
CUST-2224,Quantum Systems,32,295.98,One-Year,Bank Transfer,False,69.8,2,0,-13.4,7,0.0319,0
CUST-2225,Synthetix Systems,5,70.08,Month-to-Month,Bank Transfer,True,78.1,1,0,22.2,8,0.1805,0
CUST-2226,Acro Group,14,230.45,Month-to-Month,Credit Card,True,71.9,7,0,7.3,4,0.5835,1
CUST-2227,Veritas Analytics,26,103.99,One-Year,Electronic Check,True,74.3,1,1,0.5,7,0.1436,0
CUST-2228,Pulse Solutions,16,266.56,Two-Year,Credit Card,True,63.8,4,0,17.6,10,0.0199,0
CUST-2229,Nexus Analytics,1,735.59,Month-to-Month,Manual Invoice,False,81.0,1,0,19.2,10,0.1522,0
CUST-2230,Vanguard Dynamics,31,800.37,Two-Year,Manual Invoice,False,58.0,3,2,-24.4,6,0.3856,0
CUST-2231,Pulse Technologies,15,91.63,Month-to-Month,Bank Transfer,True,53.7,5,0,12.7,5,0.5001,1
CUST-2232,Synthetix Dynamics,20,49.27,One-Year,Electronic Check,False,22.9,0,0,-27.1,7,0.4067,0
CUST-2233,Acro Analytics,21,117.16,One-Year,Bank Transfer,True,82.4,1,0,14.2,10,0.0084,0
CUST-2234,Krypton Technologies,5,287.27,Two-Year,Bank Transfer,False,55.0,3,1,-38.2,6,0.4852,0
CUST-2235,Apex Ventures,8,79.93,Month-to-Month,Credit Card,True,98.0,0,2,-1.4,9,0.2063,0
CUST-2236,Hyperion Ventures,43,305.85,One-Year,Electronic Check,False,59.8,6,0,17.5,5,0.2161,0
CUST-2237,Pulse Networks,27,90.91,One-Year,Manual Invoice,True,64.9,10,0,-19.7,1,0.8921,1
CUST-2238,Pulse SaaS,12,104.18,Month-to-Month,Credit Card,False,69.5,4,0,-7.3,8,0.5099,1
CUST-2239,Vanguard Networks,38,98.45,Month-to-Month,Electronic Check,False,44.4,3,1,-3.3,7,0.6483,1
CUST-2240,Solace Group,7,879.21,Month-to-Month,Electronic Check,False,64.3,4,0,9.6,8,0.6444,1
CUST-2241,Vanguard Networks,9,361.06,Month-to-Month,Credit Card,True,58.4,2,0,52.4,6,0.3556,0
CUST-2242,Synthetix SaaS,46,107.09,Two-Year,Credit Card,False,62.7,1,0,18.3,10,0.0021,0
CUST-2243,Solace SaaS,5,80.99,Month-to-Month,Electronic Check,True,80.0,0,3,-22.6,8,0.3668,0
CUST-2244,Synthetix Technologies,3,212.63,Month-to-Month,Bank Transfer,False,37.8,4,0,-12.2,3,0.8681,1
CUST-2245,Vanguard SaaS,18,126.69,One-Year,Bank Transfer,True,65.9,8,0,-41.5,6,0.4894,0
CUST-2246,DataCore Cloud,12,265.74,Month-to-Month,Bank Transfer,False,87.7,2,0,-32.0,6,0.4806,0
CUST-2247,Solace Systems,11,664.84,Month-to-Month,Electronic Check,True,44.2,4,0,-67.8,5,0.9601,1
CUST-2248,Quantum Solutions,2,175.8,Month-to-Month,Credit Card,False,49.7,3,2,-25.5,5,0.9586,1
CUST-2249,Krypton Group,55,300.31,Two-Year,Electronic Check,False,98.0,2,1,-41.1,6,0.0219,0
CUST-2250,IronClad Dynamics,61,288.93,Two-Year,Electronic Check,False,82.8,4,0,-4.6,6,0.0441,0
CUST-2251,Omni Systems,42,477.28,Two-Year,Credit Card,False,57.5,4,2,-29.7,2,0.6842,1
CUST-2252,Omni Ventures,18,831.59,Month-to-Month,Bank Transfer,True,76.5,0,0,-22.1,9,0.19,0
CUST-2253,Lumina Healthcare,12,250.11,One-Year,Credit Card,True,47.2,8,0,-71.6,3,0.9688,1
CUST-2254,Solace Cloud,11,152.26,Month-to-Month,Electronic Check,True,27.0,1,1,-11.7,8,0.4776,0
CUST-2255,DataCore Labs,8,245.84,Month-to-Month,Electronic Check,False,84.8,0,1,-43.8,9,0.5485,1
CUST-2256,Omni Global,6,74.12,Month-to-Month,Credit Card,False,34.7,3,1,8.7,8,0.7453,1
CUST-2257,Krypton Logistics,32,227.51,One-Year,Manual Invoice,False,98.0,3,0,2.4,8,0.0425,0
CUST-2258,Skyline Cloud,16,356.67,Month-to-Month,Manual Invoice,True,50.0,2,1,-11.7,4,0.8269,1
CUST-2259,Hyperion Analytics,2,75.68,Month-to-Month,Electronic Check,False,98.0,0,0,41.3,8,0.1074,0
CUST-2260,Pulse Cloud,9,66.88,Month-to-Month,Electronic Check,False,30.3,1,2,-7.8,8,0.8168,1
CUST-2261,Solace Technologies,32,322.42,Month-to-Month,Electronic Check,False,85.1,1,1,6.7,8,0.2459,0
CUST-2262,DataCore Networks,27,501.54,One-Year,Bank Transfer,False,73.1,4,3,-4.8,7,0.2776,0
CUST-2263,Aero Cloud,2,317.51,Month-to-Month,Electronic Check,True,72.4,1,1,-15.9,10,0.4083,0
CUST-2264,Acro Healthcare,36,386.88,One-Year,Electronic Check,True,85.2,4,0,-19.8,6,0.1021,0
CUST-2265,Nexus Solutions,8,99.17,Month-to-Month,Credit Card,True,47.4,0,1,1.0,9,0.2486,0
CUST-2266,Omni Ventures,39,318.27,Two-Year,Electronic Check,False,40.5,3,0,-37.7,6,0.0734,0
CUST-2267,Synthetix Analytics,46,106.75,One-Year,Electronic Check,False,67.8,0,0,49.6,9,0.0031,0
CUST-2268,Apex Group,21,382.58,Month-to-Month,Electronic Check,True,65.8,5,0,-6.0,6,0.5895,1
CUST-2269,Veritas Analytics,1,115.25,Month-to-Month,Electronic Check,True,45.9,1,1,-8.0,6,0.7161,1
CUST-2270,Nexus Logistics,17,306.38,One-Year,Credit Card,True,65.7,2,1,46.1,9,0.0249,0
CUST-2271,Aero Group,28,107.6,Two-Year,Manual Invoice,False,70.0,1,0,-25.5,7,0.0224,0
CUST-2272,Apex Dynamics,6,62.85,Month-to-Month,Electronic Check,True,38.6,2,1,32.4,8,0.4092,0
CUST-2273,Apex Enterprises,6,889.73,Month-to-Month,Electronic Check,True,64.7,11,1,-12.7,0,0.9983,1
CUST-2274,Stratum Technologies,48,59.86,Two-Year,Manual Invoice,True,64.1,0,0,32.9,9,0.0011,0
CUST-2275,Cobalt Labs,5,75.82,One-Year,Bank Transfer,True,42.5,0,0,0.6,6,0.2065,0
CUST-2276,DataCore Global,2,95.05,Month-to-Month,Credit Card,False,71.3,0,0,6.4,8,0.3401,0
CUST-2277,Quantum SaaS,3,822.26,Month-to-Month,Credit Card,False,40.4,3,1,-17.6,4,0.9491,1
CUST-2278,Synthetix Labs,1,68.9,Month-to-Month,Electronic Check,True,46.2,3,1,15.9,8,0.6729,1
CUST-2279,Cobalt Finance,22,346.67,One-Year,Bank Transfer,False,63.0,4,0,2.8,6,0.1081,0
CUST-2280,Hyperion Analytics,9,820.23,Month-to-Month,Manual Invoice,True,85.2,4,0,-21.0,5,0.6246,1
CUST-2281,Crest Ventures,60,113.1,Two-Year,Credit Card,False,76.9,7,0,-28.8,5,0.0826,0
CUST-2282,IronClad Technologies,25,57.91,Month-to-Month,Credit Card,True,73.1,1,0,1.6,9,0.0807,0
CUST-2283,Crest Networks,2,110.96,Month-to-Month,Electronic Check,True,49.6,4,0,-15.3,6,0.9048,1
CUST-2284,Aero Group,39,1129.05,One-Year,Credit Card,False,65.1,2,2,25.0,9,0.0696,0
CUST-2285,Vanguard Global,67,104.1,Two-Year,Credit Card,True,74.1,0,3,10.2,8,0.0042,0
CUST-2286,Crest Global,44,104.76,Two-Year,Credit Card,True,74.1,3,4,-3.8,8,0.0541,0
CUST-2287,Veritas Networks,13,290.18,Month-to-Month,Electronic Check,False,53.0,1,0,7.8,8,0.5763,1
CUST-2288,Vanguard Healthcare,29,248.52,One-Year,Credit Card,False,90.5,0,1,-20.7,6,0.136,0
CUST-2289,Acro Analytics,45,104.03,One-Year,Credit Card,False,61.0,2,0,16.4,6,0.0438,0
CUST-2290,Veritas Dynamics,7,189.64,Month-to-Month,Electronic Check,False,23.0,5,0,-62.5,7,0.9778,1
CUST-2291,IronClad Solutions,6,74.56,Month-to-Month,Electronic Check,False,98.0,3,1,-4.6,10,0.3359,0
CUST-2292,Vanguard SaaS,14,40.72,Month-to-Month,Electronic Check,False,52.7,2,2,-31.3,8,0.8566,1
CUST-2293,Apex Labs,32,237.78,Month-to-Month,Bank Transfer,False,90.9,2,1,-28.2,5,0.469,0
CUST-2294,Aero Global,59,865.57,Two-Year,Credit Card,False,98.0,0,0,-6.6,10,0.0015,0
CUST-2295,DataCore SaaS,8,97.63,Month-to-Month,Bank Transfer,True,76.3,0,1,-2.1,9,0.1247,0
CUST-2296,Crest Dynamics,43,759.16,Two-Year,Electronic Check,True,63.9,2,0,-1.6,8,0.0222,0
CUST-2297,Apex Dynamics,24,290.22,One-Year,Manual Invoice,False,67.9,4,0,12.8,10,0.0517,0
CUST-2298,Nexus Analytics,20,37.85,One-Year,Bank Transfer,False,35.5,6,1,-22.3,3,0.7867,1
CUST-2299,Veritas Technologies,38,257.65,One-Year,Credit Card,False,98.0,3,0,-6.5,8,0.0308,0
CUST-2300,Veritas Healthcare,20,67.97,Month-to-Month,Electronic Check,True,44.0,2,1,-40.9,5,0.7966,1
CUST-2301,Veritas Group,1,631.37,Month-to-Month,Electronic Check,True,50.2,3,1,-40.6,5,0.9402,1
CUST-2302,DataCore Labs,4,857.92,Month-to-Month,Manual Invoice,True,58.2,2,3,-8.8,10,0.686,1
CUST-2303,Vanguard Dynamics,16,63.49,One-Year,Electronic Check,True,57.7,1,1,12.8,9,0.073,0
CUST-2304,Synthetix Dynamics,5,69.88,Month-to-Month,Electronic Check,False,43.4,1,0,-4.5,10,0.5266,1
CUST-2305,Krypton Solutions,14,32.82,One-Year,Electronic Check,False,87.1,2,0,22.3,9,0.0478,0
CUST-2306,Apex Cloud,3,77.65,Month-to-Month,Bank Transfer,False,74.9,5,1,-50.2,5,0.9473,1
CUST-2307,Apex Analytics,41,57.8,Month-to-Month,Electronic Check,True,73.7,1,0,12.0,7,0.1373,0
CUST-2308,IronClad Analytics,23,86.98,Month-to-Month,Electronic Check,False,53.9,5,0,-31.3,7,0.7114,1
CUST-2309,Krypton Ventures,45,222.93,Two-Year,Credit Card,False,89.8,12,0,-54.3,2,0.7726,1
CUST-2310,Solace Healthcare,22,87.61,One-Year,Credit Card,False,52.3,4,1,-31.1,6,0.5926,1
CUST-2311,Krypton Finance,7,723.96,Month-to-Month,Credit Card,False,88.5,4,1,-14.0,6,0.8029,1
CUST-2312,Veritas Analytics,22,1050.97,Month-to-Month,Credit Card,False,63.8,2,2,-0.0,7,0.7609,1
CUST-2313,Aero Group,10,309.83,Month-to-Month,Bank Transfer,False,82.6,7,0,-6.9,5,0.7797,1
CUST-2314,Synthetix Healthcare,29,418.87,Two-Year,Bank Transfer,False,61.4,3,2,-21.3,7,0.1893,0
CUST-2315,Cobalt Global,29,53.38,One-Year,Bank Transfer,False,65.1,2,1,9.8,8,0.025,0
CUST-2316,Apex Ventures,8,86.38,Month-to-Month,Electronic Check,False,81.9,5,0,32.2,4,0.6691,1
CUST-2317,Skyline Finance,20,224.21,One-Year,Bank Transfer,False,98.0,3,0,-7.0,8,0.058,0
CUST-2318,Skyline Solutions,5,101.9,Month-to-Month,Electronic Check,False,87.7,14,0,-34.6,1,0.9978,1
CUST-2319,Skyline SaaS,43,360.97,Two-Year,Electronic Check,True,85.4,6,0,-28.3,0,0.3024,0
CUST-2320,Crest Dynamics,6,879.64,Month-to-Month,Manual Invoice,True,68.6,1,0,-7.8,4,0.6756,1
CUST-2321,Apex Global,2,843.78,One-Year,Bank Transfer,False,45.5,2,0,30.2,7,0.1486,0
CUST-2322,Cobalt SaaS,4,243.56,Month-to-Month,Credit Card,True,62.1,1,1,28.5,10,0.1268,0
CUST-2323,IronClad Dynamics,23,305.66,One-Year,Bank Transfer,False,43.6,0,0,-0.0,9,0.048,0
CUST-2324,Skyline Dynamics,25,67.39,One-Year,Manual Invoice,True,70.0,1,2,4.3,7,0.1213,0
CUST-2325,Vanguard Solutions,19,90.12,One-Year,Credit Card,True,69.5,0,1,23.0,9,0.0288,0
CUST-2326,Stratum Ventures,31,224.77,One-Year,Credit Card,False,25.1,1,0,-9.2,10,0.0738,0
CUST-2327,Veritas Labs,45,122.91,Two-Year,Bank Transfer,False,69.3,10,0,-57.6,1,0.6399,1
CUST-2328,Acro Healthcare,21,45.74,Month-to-Month,Electronic Check,False,69.6,0,2,12.2,6,0.4087,0
CUST-2329,Omni Ventures,24,115.81,Month-to-Month,Electronic Check,True,60.5,0,0,27.4,10,0.1266,0
CUST-2330,Nexus Analytics,10,282.33,Month-to-Month,Bank Transfer,False,65.2,6,0,5.7,8,0.3755,0
CUST-2331,Quantum Logistics,39,72.76,Two-Year,Electronic Check,True,39.9,1,1,-12.4,6,0.0421,0
CUST-2332,Pulse Technologies,4,290.02,Month-to-Month,Electronic Check,True,40.7,2,4,17.1,9,0.8096,1
CUST-2333,Hyperion Logistics,34,103.33,One-Year,Electronic Check,True,85.9,8,2,-21.9,4,0.7201,1
CUST-2334,DataCore Group,36,119.17,One-Year,Electronic Check,False,65.8,7,0,-44.7,3,0.8149,1
CUST-2335,DataCore Analytics,4,92.83,Month-to-Month,Manual Invoice,True,63.0,3,0,-43.9,8,0.6399,1
CUST-2336,Synthetix Logistics,33,62.73,Month-to-Month,Credit Card,False,54.0,2,2,-18.4,6,0.4394,0
CUST-2337,Aero Finance,2,760.01,Month-to-Month,Credit Card,True,56.0,3,1,-3.4,8,0.6691,1
CUST-2338,Hyperion Analytics,57,130.42,Month-to-Month,Manual Invoice,False,26.1,7,1,-28.2,5,0.6905,1
CUST-2339,Vanguard Logistics,28,118.69,Month-to-Month,Manual Invoice,True,80.3,5,0,39.8,7,0.1382,0
CUST-2340,Veritas Logistics,17,334.53,Month-to-Month,Credit Card,False,96.3,2,1,4.1,6,0.3965,0
CUST-2341,Hyperion Group,45,327.74,Two-Year,Manual Invoice,False,47.2,2,1,-30.3,5,0.1367,0
CUST-2342,Hyperion Global,46,102.49,Two-Year,Credit Card,True,50.0,3,1,-65.8,5,0.1243,0
CUST-2343,Apex Global,3,113.97,Month-to-Month,Electronic Check,False,64.7,5,1,-9.1,5,0.886,1
CUST-2344,Synthetix Finance,9,667.81,Month-to-Month,Electronic Check,False,87.2,3,0,20.7,8,0.2097,0
CUST-2345,Crest Logistics,2,198.69,Month-to-Month,Credit Card,False,55.6,0,0,51.6,7,0.1916,0
CUST-2346,Acro Solutions,40,86.73,One-Year,Credit Card,False,42.4,1,0,-3.1,7,0.2097,0
CUST-2347,Nexus Group,36,230.95,Two-Year,Credit Card,True,61.6,3,1,34.0,9,0.0092,0
CUST-2348,Aero Group,7,58.62,Month-to-Month,Credit Card,False,36.5,2,2,-45.0,5,0.9405,1
CUST-2349,Aero Solutions,6,66.99,Month-to-Month,Electronic Check,False,43.4,0,0,-3.6,10,0.333,0
CUST-2350,Krypton Healthcare,35,429.12,One-Year,Electronic Check,False,59.4,1,0,-23.4,9,0.0457,0
CUST-2351,Quantum Technologies,28,774.5,One-Year,Credit Card,False,44.8,10,0,-5.2,2,0.8746,1
CUST-2352,Vanguard Technologies,1,94.05,Month-to-Month,Electronic Check,True,39.7,4,0,-39.5,4,0.9369,1
CUST-2353,Cobalt Finance,15,529.97,One-Year,Credit Card,True,61.0,4,0,3.0,4,0.4816,0
CUST-2354,DataCore Healthcare,17,38.91,Month-to-Month,Credit Card,False,64.4,2,1,-37.0,7,0.6616,1
CUST-2355,Quantum SaaS,2,64.52,Month-to-Month,Credit Card,False,27.1,5,0,33.9,7,0.7123,1
CUST-2356,DataCore Healthcare,22,120.95,One-Year,Electronic Check,True,69.5,4,0,-16.4,3,0.5267,1
CUST-2357,Aero Cloud,29,93.36,Two-Year,Credit Card,True,56.1,0,3,-0.6,7,0.113,0
CUST-2358,Vanguard Dynamics,4,857.75,Month-to-Month,Bank Transfer,False,70.6,0,1,-44.7,7,0.7766,1
CUST-2359,DataCore Group,55,324.31,Two-Year,Manual Invoice,True,87.1,2,1,-43.4,6,0.0159,0
CUST-2360,Synthetix Systems,39,70.22,Month-to-Month,Bank Transfer,True,55.8,4,1,-31.3,8,0.1594,0
CUST-2361,Crest Group,25,999.83,One-Year,Credit Card,True,74.8,1,1,18.3,6,0.0455,0
CUST-2362,Lumina Dynamics,1,636.09,Month-to-Month,Electronic Check,False,38.6,4,0,9.5,7,0.8994,1
CUST-2363,Lumina Cloud,39,364.37,Two-Year,Credit Card,False,93.2,3,0,23.1,6,0.0095,0
CUST-2364,Stratum Dynamics,46,829.61,Two-Year,Manual Invoice,False,52.8,2,1,-43.7,6,0.2268,0
CUST-2365,Nexus SaaS,6,40.27,Month-to-Month,Electronic Check,False,63.9,8,0,-6.3,4,0.9364,1
CUST-2366,Omni Group,1,615.36,Two-Year,Electronic Check,True,51.5,4,1,-26.0,6,0.6425,1
CUST-2367,Nexus Systems,40,172.9,Two-Year,Electronic Check,True,46.7,0,1,-20.2,7,0.0558,0
CUST-2368,Aero Systems,16,959.39,One-Year,Bank Transfer,False,77.8,3,1,-22.4,8,0.1983,0
CUST-2369,Pulse Solutions,16,278.52,Month-to-Month,Credit Card,True,47.5,1,2,-10.9,6,0.7437,1
CUST-2370,Cobalt Logistics,45,29.29,Two-Year,Electronic Check,False,34.5,4,1,4.5,5,0.1347,0
CUST-2371,Apex Cloud,61,302.54,Two-Year,Bank Transfer,False,15.7,1,0,30.1,9,0.0034,0
CUST-2372,Pulse Technologies,13,71.57,Month-to-Month,Credit Card,True,41.4,6,0,0.0,10,0.5416,1
CUST-2373,IronClad Technologies,36,47.9,Two-Year,Electronic Check,False,93.3,8,1,-8.2,2,0.5077,1
CUST-2374,Krypton Labs,3,126.95,Month-to-Month,Electronic Check,False,81.1,3,1,36.6,6,0.5844,1
CUST-2375,Hyperion Healthcare,5,769.31,Month-to-Month,Electronic Check,False,42.1,2,2,6.4,8,0.774,1
CUST-2376,Solace Technologies,16,77.66,One-Year,Credit Card,True,52.3,3,1,-14.3,9,0.132,0
CUST-2377,Hyperion Cloud,27,256.03,One-Year,Electronic Check,True,53.8,1,2,6.5,9,0.1184,0
CUST-2378,Krypton Cloud,10,47.17,One-Year,Credit Card,False,31.3,1,1,39.7,8,0.2808,0
CUST-2379,Cobalt Technologies,12,515.18,Month-to-Month,Bank Transfer,False,39.6,2,0,-22.8,8,0.7647,1
CUST-2380,Krypton Labs,57,117.12,Two-Year,Credit Card,True,91.7,4,0,-17.8,7,0.0065,0
CUST-2381,Vanguard Cloud,12,251.57,Month-to-Month,Electronic Check,False,68.7,0,1,36.3,8,0.1636,0
CUST-2382,Lumina Solutions,5,753.97,Month-to-Month,Credit Card,False,62.0,1,1,-10.3,9,0.7238,1
CUST-2383,DataCore Solutions,5,33.89,Month-to-Month,Bank Transfer,False,29.8,3,0,15.1,7,0.64,1
CUST-2384,Pulse Systems,30,52.05,One-Year,Electronic Check,True,66.0,0,2,27.2,6,0.0518,0
CUST-2385,Veritas Analytics,52,316.59,Two-Year,Electronic Check,True,24.5,0,0,-26.4,7,0.0366,0
CUST-2386,Cobalt Analytics,16,817.99,One-Year,Credit Card,True,76.7,0,0,-5.2,7,0.0415,0
CUST-2387,IronClad Labs,41,385.2,Two-Year,Credit Card,True,72.5,0,1,30.1,10,0.0036,0
CUST-2388,Acro Labs,17,118.57,Month-to-Month,Electronic Check,False,33.2,4,0,-10.2,4,0.944,1
CUST-2389,Skyline Enterprises,40,708.47,One-Year,Bank Transfer,True,98.0,8,3,-84.5,1,0.9667,1
CUST-2390,Hyperion Solutions,7,96.82,Month-to-Month,Credit Card,False,21.2,7,0,-28.7,5,0.9822,1
CUST-2391,Pulse Healthcare,3,261.0,Month-to-Month,Manual Invoice,True,66.5,5,0,9.9,10,0.2951,0
CUST-2392,Crest Networks,8,1119.87,Month-to-Month,Electronic Check,False,68.5,2,1,25.9,10,0.524,1
CUST-2393,IronClad Healthcare,32,113.73,One-Year,Bank Transfer,True,39.8,9,0,-20.7,4,0.7753,1
CUST-2394,Omni Ventures,1,290.18,Month-to-Month,Electronic Check,True,54.5,1,0,14.1,9,0.3941,0
CUST-2395,Lumina Finance,27,292.02,One-Year,Credit Card,True,30.4,3,2,-23.2,8,0.4658,0
CUST-2396,Pulse Healthcare,10,1010.07,Month-to-Month,Credit Card,False,5.0,2,0,21.6,6,0.8537,1
CUST-2397,Pulse Dynamics,6,99.49,Month-to-Month,Credit Card,True,35.4,9,1,8.6,5,0.9294,1
CUST-2398,Stratum SaaS,21,123.97,One-Year,Bank Transfer,True,49.0,3,0,15.2,10,0.063,0
CUST-2399,IronClad SaaS,6,355.14,Month-to-Month,Electronic Check,True,69.7,1,1,-6.0,8,0.447,0
CUST-2400,Vanguard Technologies,44,96.53,Two-Year,Credit Card,False,69.5,7,1,-10.1,9,0.0943,0
CUST-2401,Quantum Global,28,72.11,One-Year,Electronic Check,False,65.3,2,0,22.8,7,0.165,0
CUST-2402,Quantum Global,9,1066.15,Month-to-Month,Bank Transfer,False,37.4,2,0,-0.3,7,0.7735,1
CUST-2403,Stratum Dynamics,59,123.66,Two-Year,Electronic Check,False,62.1,5,1,5.0,6,0.0887,0
CUST-2404,Aero Systems,5,755.91,Month-to-Month,Bank Transfer,True,37.9,5,1,-5.7,3,0.9313,1
CUST-2405,Quantum Ventures,5,123.39,Month-to-Month,Bank Transfer,False,32.0,1,0,37.5,10,0.1173,0
CUST-2406,Pulse SaaS,37,129.58,One-Year,Bank Transfer,True,54.2,0,0,22.5,8,0.0152,0
CUST-2407,Krypton Solutions,48,284.46,Month-to-Month,Electronic Check,True,70.9,5,0,-22.5,6,0.3214,0
CUST-2408,Omni Healthcare,39,428.32,Two-Year,Credit Card,False,55.2,0,0,40.1,8,0.0031,0
CUST-2409,Apex Enterprises,19,278.12,Two-Year,Electronic Check,False,54.2,0,2,6.5,10,0.023,0
CUST-2410,Crest Finance,29,267.13,Two-Year,Bank Transfer,True,77.6,2,0,-4.5,10,0.005,0
CUST-2411,Lumina Cloud,27,905.86,Month-to-Month,Bank Transfer,True,53.1,1,0,-31.9,7,0.3545,0
CUST-2412,Aero Logistics,8,76.16,Month-to-Month,Credit Card,False,30.7,4,0,-1.2,4,0.9261,1
CUST-2413,Stratum Dynamics,10,87.13,One-Year,Bank Transfer,False,69.3,4,1,33.9,9,0.0482,0
CUST-2414,Pulse Enterprises,20,120.24,Month-to-Month,Electronic Check,True,66.3,4,1,-80.2,6,0.9428,1
CUST-2415,Veritas Ventures,28,281.15,One-Year,Credit Card,True,70.0,2,1,-73.2,3,0.465,0
CUST-2416,Aero Networks,39,42.62,One-Year,Electronic Check,False,79.2,13,2,-24.8,2,0.9235,1
CUST-2417,DataCore Global,22,94.18,Month-to-Month,Manual Invoice,False,70.7,1,1,2.9,8,0.2255,0
CUST-2418,DataCore Solutions,4,238.22,Month-to-Month,Bank Transfer,False,56.8,0,0,21.8,10,0.1106,0
CUST-2419,Solace Healthcare,45,106.63,Two-Year,Bank Transfer,True,98.0,0,0,-8.2,8,0.0022,0
CUST-2420,Skyline Global,54,102.4,Two-Year,Manual Invoice,False,45.5,4,0,-60.5,7,0.0616,0
CUST-2421,Lumina Cloud,6,368.28,Month-to-Month,Electronic Check,True,45.1,5,0,-30.8,4,0.9562,1
CUST-2422,Vanguard Systems,3,107.69,Month-to-Month,Manual Invoice,False,75.2,4,1,27.0,5,0.493,0
CUST-2423,Acro Technologies,1,946.24,Month-to-Month,Electronic Check,True,58.2,8,2,-40.3,7,0.9639,1
CUST-2424,Solace Dynamics,51,239.85,Two-Year,Bank Transfer,True,85.5,0,0,-6.1,5,0.0109,0
CUST-2425,IronClad SaaS,9,105.1,Month-to-Month,Bank Transfer,True,61.1,5,1,-80.7,2,0.985,1
CUST-2426,Krypton Global,33,398.11,One-Year,Electronic Check,False,92.4,0,1,-45.1,8,0.0898,0
CUST-2427,Pulse Global,3,67.78,Month-to-Month,Electronic Check,False,35.7,0,1,27.8,8,0.2739,0
CUST-2428,Pulse Global,5,387.98,One-Year,Electronic Check,False,83.3,5,1,-21.5,4,0.7539,1
CUST-2429,Acro Logistics,28,651.12,Month-to-Month,Manual Invoice,False,86.8,4,0,17.8,7,0.2811,0
CUST-2430,Solace Healthcare,17,228.88,One-Year,Electronic Check,False,35.9,9,0,-40.8,0,0.9822,1
CUST-2431,Cobalt Healthcare,10,297.77,Month-to-Month,Credit Card,False,70.6,6,0,-49.7,7,0.9268,1
CUST-2432,Cobalt Dynamics,18,102.9,One-Year,Bank Transfer,False,59.5,8,0,-25.5,5,0.7107,1
CUST-2433,Krypton SaaS,10,107.79,Month-to-Month,Electronic Check,False,45.9,2,0,-15.3,5,0.731,1
CUST-2434,Apex Group,18,576.88,One-Year,Credit Card,True,22.6,2,0,-21.8,3,0.4945,0
CUST-2435,IronClad Analytics,33,95.86,Two-Year,Credit Card,False,44.7,2,1,-26.2,4,0.3217,0
CUST-2436,Aero Finance,3,67.86,Month-to-Month,Electronic Check,True,70.1,2,1,-9.4,4,0.8471,1
CUST-2437,IronClad Labs,55,47.78,Two-Year,Bank Transfer,False,87.8,4,0,-19.3,6,0.0201,0
CUST-2438,Solace Group,33,224.28,One-Year,Electronic Check,True,60.7,2,1,-29.3,7,0.3165,0
CUST-2439,Cobalt Solutions,9,66.23,Month-to-Month,Electronic Check,False,74.0,1,2,37.1,10,0.2311,0
CUST-2440,Nexus Cloud,18,843.89,Month-to-Month,Credit Card,False,79.3,1,1,8.4,10,0.19,0
CUST-2441,Vanguard Finance,19,113.81,Month-to-Month,Credit Card,True,63.8,5,1,-11.0,7,0.672,1
CUST-2442,Skyline Logistics,21,48.17,One-Year,Manual Invoice,False,46.9,1,0,0.3,10,0.0745,0
CUST-2443,Acro Ventures,31,301.12,One-Year,Bank Transfer,False,73.1,3,1,7.6,10,0.0423,0
CUST-2444,IronClad Dynamics,3,55.58,Month-to-Month,Credit Card,True,65.6,1,0,15.3,10,0.1098,0
CUST-2445,Hyperion Finance,2,317.75,Month-to-Month,Electronic Check,True,69.1,10,2,-60.9,3,0.9979,1
CUST-2446,Pulse Systems,48,69.43,Two-Year,Electronic Check,True,86.7,7,0,-54.3,5,0.1619,0
CUST-2447,Omni Cloud,36,58.72,Two-Year,Electronic Check,False,38.6,1,1,-59.9,5,0.2932,0
CUST-2448,Nexus Ventures,9,104.99,Month-to-Month,Credit Card,False,47.5,6,0,31.8,6,0.7082,1
CUST-2449,Hyperion Labs,52,644.35,Two-Year,Bank Transfer,False,32.6,6,2,-34.1,8,0.2257,0
CUST-2450,Nexus Analytics,34,261.04,One-Year,Electronic Check,True,80.1,1,2,6.8,7,0.0635,0
CUST-2451,Pulse Labs,13,146.8,Month-to-Month,Electronic Check,True,54.7,1,1,2.1,7,0.3677,0
CUST-2452,Crest SaaS,56,108.66,Two-Year,Credit Card,True,80.4,0,3,12.8,8,0.0081,0
CUST-2453,Cobalt Dynamics,1,329.25,Month-to-Month,Electronic Check,True,25.8,13,0,-35.6,1,0.9991,1
CUST-2454,Crest Solutions,1,280.33,Month-to-Month,Bank Transfer,False,83.3,4,0,-40.2,4,0.8929,1
CUST-2455,Veritas Logistics,27,475.04,Month-to-Month,Credit Card,False,39.2,4,0,-32.9,6,0.8328,1
CUST-2456,Apex Dynamics,27,352.56,Two-Year,Credit Card,True,78.6,5,0,-18.8,6,0.0612,0
CUST-2457,Omni Group,30,240.02,Two-Year,Electronic Check,False,66.4,4,0,-46.6,7,0.2917,0
CUST-2458,Stratum Analytics,17,73.67,Month-to-Month,Manual Invoice,True,56.3,2,0,-22.4,10,0.1851,0
CUST-2459,Quantum Networks,23,418.72,Month-to-Month,Electronic Check,False,56.5,0,1,-30.0,7,0.556,1
CUST-2460,Crest Systems,6,237.78,Month-to-Month,Bank Transfer,True,44.0,3,0,-12.2,7,0.5903,1
CUST-2461,Solace Technologies,34,883.6,One-Year,Electronic Check,False,91.1,2,1,-18.4,3,0.4352,0
CUST-2462,Veritas Global,1,99.05,Month-to-Month,Bank Transfer,True,55.6,0,0,8.0,6,0.5741,1
CUST-2463,Apex Solutions,24,94.75,One-Year,Bank Transfer,False,36.8,0,0,26.4,9,0.0297,0
CUST-2464,DataCore Enterprises,2,92.05,Month-to-Month,Electronic Check,True,47.9,1,0,-4.1,9,0.3291,0
CUST-2465,Omni Labs,10,94.41,Month-to-Month,Bank Transfer,True,60.6,3,4,-61.6,6,0.9739,1
CUST-2466,Synthetix Cloud,21,91.8,Month-to-Month,Credit Card,False,79.3,2,3,-67.2,7,0.6986,1
CUST-2467,Skyline Solutions,4,740.65,Month-to-Month,Electronic Check,True,44.1,2,0,3.1,10,0.4049,0
CUST-2468,Quantum Finance,50,370.68,Two-Year,Electronic Check,False,59.2,2,0,-17.6,10,0.0109,0
CUST-2469,Quantum Analytics,5,513.72,Month-to-Month,Credit Card,False,57.0,3,0,-7.9,6,0.7564,1
CUST-2470,Crest Cloud,4,933.86,Month-to-Month,Credit Card,False,73.7,4,1,-3.8,5,0.9015,1
CUST-2471,Vanguard Systems,68,105.56,Month-to-Month,Bank Transfer,False,48.0,5,0,26.1,8,0.061,0
CUST-2472,Hyperion Networks,4,321.9,Month-to-Month,Bank Transfer,True,66.3,1,1,-46.7,8,0.5951,1
CUST-2473,Pulse Logistics,12,112.92,Month-to-Month,Credit Card,False,49.3,2,0,-26.3,7,0.6857,1
CUST-2474,Crest Networks,37,733.33,Month-to-Month,Bank Transfer,False,59.6,2,3,-18.1,6,0.6841,1
CUST-2475,Veritas Analytics,31,38.28,One-Year,Credit Card,False,98.0,1,0,-26.5,6,0.0862,0
CUST-2476,Krypton Analytics,13,83.19,One-Year,Electronic Check,True,55.0,1,0,-35.2,7,0.1274,0
CUST-2477,Lumina Logistics,21,60.22,Month-to-Month,Manual Invoice,False,76.4,1,0,34.7,10,0.0126,0
CUST-2478,Acro Analytics,60,236.09,Month-to-Month,Electronic Check,True,87.4,0,0,-21.2,6,0.07,0
CUST-2479,Veritas Labs,50,53.94,Two-Year,Electronic Check,True,46.4,0,1,-32.7,6,0.0378,0
CUST-2480,Hyperion Healthcare,6,73.07,Month-to-Month,Bank Transfer,True,19.9,2,0,-29.7,8,0.7854,1
CUST-2481,DataCore Analytics,3,244.2,Month-to-Month,Credit Card,True,72.3,1,1,24.1,7,0.3922,0
CUST-2482,Apex Global,8,322.04,Month-to-Month,Electronic Check,True,35.7,3,1,-26.4,7,0.8939,1
CUST-2483,Aero Labs,23,102.51,Month-to-Month,Electronic Check,True,28.6,1,2,-42.6,7,0.7721,1
CUST-2484,Skyline Technologies,19,413.22,One-Year,Credit Card,False,81.2,0,0,-16.0,8,0.0739,0
CUST-2485,Veritas Labs,9,859.12,Month-to-Month,Manual Invoice,True,37.3,0,0,3.8,7,0.4324,0
CUST-2486,Krypton Ventures,27,79.93,One-Year,Credit Card,False,47.6,0,0,27.3,10,0.015,0
CUST-2487,Synthetix Solutions,8,740.15,Month-to-Month,Credit Card,True,96.9,3,1,11.2,8,0.2742,0
CUST-2488,Quantum Healthcare,14,74.48,Month-to-Month,Electronic Check,True,26.0,5,1,-34.4,4,0.9693,1
CUST-2489,Skyline Healthcare,26,285.4,One-Year,Electronic Check,False,37.7,2,0,-14.3,8,0.1974,0
CUST-2490,Krypton Analytics,7,277.78,Month-to-Month,Electronic Check,False,47.9,0,0,57.6,10,0.1575,0
CUST-2491,Lumina Logistics,41,229.54,One-Year,Electronic Check,False,62.5,7,2,-1.1,6,0.5558,1
CUST-2492,Nexus SaaS,39,1052.92,Month-to-Month,Credit Card,False,48.8,1,1,-9.3,10,0.2063,0
CUST-2493,DataCore Technologies,17,47.82,One-Year,Electronic Check,True,36.9,1,1,-60.4,4,0.6917,1
CUST-2494,IronClad Enterprises,11,102.96,Month-to-Month,Electronic Check,False,88.5,2,1,-17.5,5,0.5568,1
CUST-2495,Krypton Technologies,41,273.93,Two-Year,Bank Transfer,False,72.6,2,0,-34.2,2,0.0538,0
CUST-2496,Lumina Networks,4,1092.15,Month-to-Month,Bank Transfer,True,67.9,8,0,-40.6,8,0.9289,1
CUST-2497,Quantum Analytics,45,93.52,Two-Year,Manual Invoice,False,65.8,0,0,-19.1,4,0.0283,0
CUST-2498,Omni Finance,10,685.22,Month-to-Month,Credit Card,False,63.8,0,0,-0.8,9,0.1642,0
CUST-2499,IronClad Networks,22,78.81,One-Year,Electronic Check,True,80.3,2,1,-4.3,10,0.0497,0
CUST-2500,IronClad Global,5,86.0,Month-to-Month,Bank Transfer,False,36.6,7,0,-34.3,6,0.9152,1
CUST-2501,Cobalt Logistics,44,211.43,Two-Year,Electronic Check,False,73.5,0,1,-31.9,8,0.0251,0
CUST-2502,Stratum Systems,11,65.83,Month-to-Month,Credit Card,False,72.2,3,0,-8.5,9,0.1975,0
CUST-2503,Omni Solutions,12,172.9,Month-to-Month,Bank Transfer,True,89.5,0,0,-7.5,7,0.1368,0
CUST-2504,DataCore Group,37,61.93,Month-to-Month,Bank Transfer,False,98.0,1,1,-50.4,7,0.1905,0
CUST-2505,Crest SaaS,15,87.35,Month-to-Month,Manual Invoice,True,60.9,1,1,12.2,8,0.2458,0
CUST-2506,Vanguard Group,8,298.01,Month-to-Month,Bank Transfer,True,80.2,0,0,-13.2,8,0.1183,0
CUST-2507,Cobalt Technologies,39,161.24,Two-Year,Credit Card,True,13.3,4,3,-28.7,6,0.5035,1
CUST-2508,Krypton Networks,40,81.57,Two-Year,Electronic Check,False,98.0,3,0,-9.5,9,0.0053,0
CUST-2509,Lumina Enterprises,16,99.09,Month-to-Month,Manual Invoice,False,45.3,3,0,-4.4,10,0.5664,1
CUST-2510,Krypton Labs,61,80.93,Two-Year,Electronic Check,False,68.5,1,0,5.7,7,0.0077,0
CUST-2511,Skyline Systems,28,241.97,One-Year,Manual Invoice,False,72.2,5,0,-42.6,3,0.7693,1
CUST-2512,Vanguard Global,19,675.81,Month-to-Month,Electronic Check,True,57.6,15,0,-32.2,0,0.9981,1
CUST-2513,Skyline Solutions,15,652.66,One-Year,Electronic Check,True,63.4,3,1,-17.6,10,0.1355,0
CUST-2514,Hyperion Analytics,26,69.08,One-Year,Bank Transfer,False,94.6,0,0,32.1,10,0.0025,0
CUST-2515,Lumina Solutions,37,89.35,Two-Year,Electronic Check,False,58.4,1,0,22.4,6,0.0224,0
CUST-2516,Crest Healthcare,22,1165.38,Month-to-Month,Bank Transfer,False,39.9,2,1,27.1,10,0.2862,0
CUST-2517,Hyperion Analytics,33,235.38,One-Year,Electronic Check,True,98.0,5,1,-38.5,4,0.5958,1
CUST-2518,Synthetix Systems,45,260.91,Month-to-Month,Bank Transfer,True,79.0,1,0,34.2,10,0.0051,0
CUST-2519,Quantum Global,17,276.9,Month-to-Month,Credit Card,True,98.0,6,1,-15.6,4,0.6916,1
CUST-2520,Acro Logistics,13,67.82,Month-to-Month,Credit Card,True,76.2,4,0,10.3,10,0.1763,0
CUST-2521,Aero Labs,18,345.89,Two-Year,Electronic Check,True,33.9,1,2,8.9,7,0.0894,0
CUST-2522,Nexus Cloud,36,323.24,Two-Year,Electronic Check,False,78.7,3,1,2.5,5,0.0926,0
CUST-2523,Quantum Networks,39,248.14,One-Year,Bank Transfer,False,47.0,1,0,-25.2,6,0.1069,0
CUST-2524,Stratum Networks,20,105.46,Month-to-Month,Electronic Check,False,61.1,2,0,22.9,10,0.1595,0
CUST-2525,Veritas Ventures,16,77.65,Month-to-Month,Electronic Check,True,58.3,2,0,7.8,8,0.2891,0
CUST-2526,Solace Ventures,4,64.48,Month-to-Month,Credit Card,True,23.8,1,0,-34.8,5,0.9239,1
CUST-2527,DataCore Cloud,10,306.45,Month-to-Month,Credit Card,False,41.7,4,0,-19.1,4,0.8693,1
CUST-2528,Quantum Solutions,22,107.66,Month-to-Month,Electronic Check,False,98.0,3,0,-34.3,2,0.7193,1
CUST-2529,Solace Systems,11,90.27,One-Year,Electronic Check,False,63.1,1,0,-33.7,8,0.272,0
CUST-2530,Acro Labs,51,605.78,One-Year,Electronic Check,False,66.8,10,1,-8.7,1,0.8832,1
CUST-2531,Veritas Cloud,21,96.41,Month-to-Month,Bank Transfer,False,97.6,1,1,-40.0,9,0.1916,0
CUST-2532,Crest Healthcare,16,74.95,Month-to-Month,Electronic Check,True,51.9,4,2,-50.0,7,0.8206,1
CUST-2533,Omni Networks,8,103.63,Month-to-Month,Manual Invoice,True,55.6,0,1,49.5,9,0.2101,0
CUST-2534,Crest Dynamics,32,122.08,Month-to-Month,Electronic Check,False,84.4,5,0,-21.2,8,0.4224,0
CUST-2535,Krypton Networks,23,29.0,Two-Year,Electronic Check,False,53.9,4,1,4.4,9,0.0453,0
CUST-2536,Solace Dynamics,23,769.99,One-Year,Credit Card,True,47.0,3,0,24.1,8,0.1152,0
CUST-2537,Krypton Analytics,49,437.57,Two-Year,Electronic Check,True,24.6,2,1,13.4,6,0.0414,0
CUST-2538,Cobalt Analytics,19,426.51,Month-to-Month,Credit Card,False,42.0,5,1,-11.3,7,0.8801,1
CUST-2539,Aero Systems,24,73.3,Month-to-Month,Bank Transfer,False,43.3,4,2,-17.9,7,0.6125,1
CUST-2540,Cobalt Dynamics,28,324.78,Month-to-Month,Electronic Check,True,66.6,1,1,10.4,9,0.204,0
CUST-2541,Quantum SaaS,36,84.12,Two-Year,Bank Transfer,True,53.6,1,1,-8.6,8,0.009,0
CUST-2542,Nexus Enterprises,29,64.92,One-Year,Credit Card,False,98.0,0,1,17.4,9,0.0065,0
CUST-2543,Acro Networks,8,584.03,Month-to-Month,Electronic Check,False,36.2,0,0,-1.5,9,0.5118,1
CUST-2544,IronClad SaaS,27,124.64,Month-to-Month,Electronic Check,False,91.1,2,0,-4.6,10,0.0706,0
CUST-2545,Cobalt Analytics,7,108.9,Month-to-Month,Manual Invoice,False,61.5,1,1,44.0,7,0.2292,0
CUST-2546,IronClad Healthcare,27,396.62,One-Year,Electronic Check,False,79.2,1,1,-15.0,5,0.1387,0
CUST-2547,Acro Solutions,72,283.33,Two-Year,Bank Transfer,False,91.5,6,0,-12.5,6,0.0096,0
CUST-2548,Crest Systems,27,92.2,One-Year,Credit Card,True,18.7,7,1,-10.2,4,0.842,1
CUST-2549,Solace Cloud,26,78.32,One-Year,Electronic Check,False,62.6,1,0,14.4,9,0.0784,0
CUST-2550,Veritas Dynamics,1,77.82,Month-to-Month,Credit Card,False,50.1,0,0,12.3,6,0.5564,1
CUST-2551,Hyperion Systems,12,217.49,Month-to-Month,Bank Transfer,False,35.9,6,2,-54.3,2,0.9943,1
CUST-2552,Aero Solutions,28,87.1,Month-to-Month,Bank Transfer,False,72.6,3,0,0.1,10,0.0412,0
CUST-2553,Vanguard Logistics,10,65.27,Month-to-Month,Credit Card,False,92.3,8,1,-17.9,4,0.9142,1
CUST-2554,Hyperion Cloud,27,306.51,One-Year,Bank Transfer,False,9.6,4,1,16.5,5,0.4339,0
CUST-2555,Lumina Labs,18,780.6,One-Year,Electronic Check,True,49.7,4,1,6.5,7,0.261,0
CUST-2556,Skyline Dynamics,6,92.19,Month-to-Month,Manual Invoice,True,31.9,0,0,35.1,10,0.0655,0
CUST-2557,Solace Dynamics,46,126.88,Two-Year,Bank Transfer,True,70.2,1,1,-28.1,9,0.0102,0
CUST-2558,Stratum Technologies,11,277.74,Month-to-Month,Bank Transfer,True,51.8,12,0,-55.9,0,0.9953,1
CUST-2559,Aero Solutions,38,325.4,Month-to-Month,Bank Transfer,True,54.3,2,0,7.2,6,0.0825,0
CUST-2560,Quantum Finance,23,136.29,Month-to-Month,Credit Card,True,75.7,1,0,30.3,9,0.0296,0
CUST-2561,Crest Dynamics,17,117.67,Month-to-Month,Credit Card,False,92.8,0,1,-5.0,8,0.1707,0
CUST-2562,Acro Networks,1,113.83,Month-to-Month,Credit Card,False,98.0,0,1,-18.5,4,0.5373,1
CUST-2563,Nexus Technologies,8,77.33,Month-to-Month,Electronic Check,False,42.6,0,2,-45.0,4,0.9115,1
CUST-2564,Apex Ventures,4,293.78,Month-to-Month,Credit Card,False,19.8,4,0,2.1,5,0.8699,1
CUST-2565,Cobalt Dynamics,41,52.04,Two-Year,Electronic Check,True,78.5,5,0,-12.8,2,0.2148,0
CUST-2566,Acro Networks,34,839.8,Month-to-Month,Credit Card,False,97.4,1,0,-8.8,7,0.0621,0
CUST-2567,Lumina Technologies,3,296.47,Month-to-Month,Electronic Check,True,72.2,0,0,27.6,10,0.0831,0
CUST-2568,Apex Networks,5,281.4,Month-to-Month,Electronic Check,False,88.6,4,0,-9.2,5,0.7476,1
CUST-2569,Veritas Networks,8,110.68,One-Year,Electronic Check,True,52.9,1,2,-8.0,10,0.1303,0
CUST-2570,Apex Technologies,4,207.53,Month-to-Month,Bank Transfer,False,44.0,1,0,24.5,9,0.1539,0
CUST-2571,Crest Solutions,45,125.87,Two-Year,Credit Card,True,70.8,0,2,49.8,9,0.0035,0
CUST-2572,Hyperion SaaS,13,912.32,Month-to-Month,Bank Transfer,True,52.3,1,2,-19.1,4,0.8983,1
CUST-2573,Omni Dynamics,40,737.29,One-Year,Electronic Check,False,80.3,1,1,-24.9,9,0.0764,0
CUST-2574,Apex Systems,17,81.28,One-Year,Credit Card,False,79.5,8,0,-43.7,4,0.7149,1
CUST-2575,Apex Healthcare,12,97.02,Month-to-Month,Electronic Check,True,79.6,0,0,16.9,6,0.1879,0
CUST-2576,Omni Labs,8,123.02,Month-to-Month,Electronic Check,False,67.6,2,1,-33.3,7,0.7962,1
CUST-2577,Acro Networks,12,286.1,Month-to-Month,Credit Card,True,63.5,4,0,-16.3,5,0.692,1
CUST-2578,Solace Cloud,31,288.64,One-Year,Credit Card,True,80.2,5,0,-17.1,6,0.1696,0
CUST-2579,IronClad Cloud,1,753.26,Month-to-Month,Electronic Check,False,16.0,2,0,37.9,9,0.6165,1
CUST-2580,Synthetix Ventures,16,386.92,Month-to-Month,Credit Card,False,64.0,2,0,28.8,10,0.0316,0
CUST-2581,Crest Labs,41,75.78,Two-Year,Bank Transfer,False,68.3,3,1,-47.4,3,0.1937,0
CUST-2582,Skyline Finance,32,278.23,Month-to-Month,Electronic Check,True,68.9,0,2,34.6,10,0.0785,0
CUST-2583,Lumina Healthcare,37,367.81,Two-Year,Electronic Check,True,64.3,2,0,-31.4,9,0.0276,0
CUST-2584,Acro Solutions,31,288.82,One-Year,Credit Card,False,72.9,4,1,-8.0,10,0.0866,0
CUST-2585,DataCore Systems,5,348.22,Month-to-Month,Electronic Check,True,45.0,2,1,-26.9,9,0.681,1
CUST-2586,Quantum Global,18,225.32,Month-to-Month,Manual Invoice,False,83.0,6,1,-27.7,6,0.7871,1
CUST-2587,DataCore Networks,2,267.68,Month-to-Month,Credit Card,True,65.1,1,0,-22.5,8,0.4179,0
CUST-2588,IronClad Cloud,31,369.07,One-Year,Credit Card,False,67.3,0,1,41.9,10,0.0253,0
CUST-2589,Pulse Solutions,34,239.42,One-Year,Credit Card,True,51.2,7,0,-19.5,4,0.5986,1
CUST-2590,IronClad Networks,21,270.92,One-Year,Credit Card,True,77.6,11,0,-22.4,5,0.7602,1
CUST-2591,DataCore Ventures,47,295.4,Two-Year,Electronic Check,False,73.2,0,1,-26.8,10,0.0128,0
CUST-2592,Veritas Enterprises,35,220.65,One-Year,Manual Invoice,False,50.4,1,0,-33.4,7,0.0722,0
CUST-2593,Stratum Cloud,25,255.17,Month-to-Month,Credit Card,False,61.4,6,1,-29.1,1,0.9787,1
CUST-2594,Lumina Finance,1,87.82,Month-to-Month,Electronic Check,False,67.9,6,0,0.0,4,0.9408,1
CUST-2595,Apex Dynamics,57,86.17,Two-Year,Credit Card,False,83.1,3,1,-12.0,7,0.0177,0
CUST-2596,Vanguard Cloud,1,117.01,Month-to-Month,Electronic Check,False,65.0,3,0,20.4,6,0.6237,1
CUST-2597,Solace Technologies,7,372.49,Month-to-Month,Electronic Check,False,59.0,1,0,5.1,7,0.5772,1
CUST-2598,Crest Analytics,27,228.63,One-Year,Credit Card,False,83.6,1,0,2.2,7,0.0354,0
CUST-2599,Vanguard Networks,35,770.03,Month-to-Month,Credit Card,False,90.3,6,0,0.4,7,0.4557,0
CUST-2600,Acro Analytics,30,101.86,Two-Year,Credit Card,False,78.7,2,0,1.5,6,0.0193,0
CUST-2601,Aero Enterprises,36,122.91,One-Year,Electronic Check,False,54.1,4,0,16.6,6,0.0679,0
CUST-2602,Skyline Solutions,1,102.96,Month-to-Month,Credit Card,False,34.1,2,0,12.9,10,0.269,0
CUST-2603,Skyline Enterprises,39,92.27,Two-Year,Electronic Check,False,55.8,9,2,-9.2,3,0.7464,1
CUST-2604,Solace Systems,3,319.99,Month-to-Month,Credit Card,True,95.0,0,1,17.9,10,0.0658,0
CUST-2605,Pulse Cloud,1,101.84,Month-to-Month,Credit Card,True,60.9,1,0,36.0,9,0.1126,0
CUST-2606,Stratum Analytics,6,224.34,Month-to-Month,Credit Card,False,98.0,0,2,15.7,9,0.1026,0
CUST-2607,Hyperion Solutions,34,291.57,Month-to-Month,Bank Transfer,True,62.8,1,0,45.7,10,0.0167,0
CUST-2608,Pulse Logistics,2,367.55,Month-to-Month,Bank Transfer,False,50.4,0,0,-8.5,4,0.5901,1
CUST-2609,Stratum Finance,14,712.68,Month-to-Month,Manual Invoice,False,57.7,1,2,12.9,9,0.5043,1
CUST-2610,IronClad Healthcare,9,88.24,Month-to-Month,Manual Invoice,False,55.9,0,0,-29.5,8,0.269,0
CUST-2611,Veritas Cloud,40,78.94,Month-to-Month,Bank Transfer,False,51.5,1,0,25.7,10,0.0197,0
CUST-2612,Aero Systems,23,333.51,One-Year,Manual Invoice,True,38.9,2,1,-4.6,7,0.1446,0
CUST-2613,DataCore Networks,39,753.71,Two-Year,Bank Transfer,False,76.7,0,0,28.4,9,0.0039,0
CUST-2614,Solace SaaS,1,92.54,Month-to-Month,Bank Transfer,False,76.4,8,0,23.0,1,0.9093,1
CUST-2615,Acro Healthcare,8,72.19,Month-to-Month,Electronic Check,True,98.0,2,0,19.0,7,0.1932,0
CUST-2616,Vanguard Group,5,56.13,Month-to-Month,Electronic Check,False,47.8,3,0,-14.3,7,0.8433,1
CUST-2617,Vanguard Enterprises,29,62.98,Month-to-Month,Bank Transfer,False,56.6,0,1,-27.2,10,0.2611,0
CUST-2618,Aero Enterprises,41,887.55,One-Year,Credit Card,True,51.9,1,2,5.4,10,0.0503,0
CUST-2619,Pulse Networks,40,398.35,One-Year,Bank Transfer,False,89.5,4,1,-19.1,5,0.1002,0
CUST-2620,Nexus Ventures,11,119.56,Month-to-Month,Electronic Check,False,74.6,4,0,9.6,9,0.4894,0
CUST-2621,Nexus Logistics,2,508.02,Month-to-Month,Credit Card,True,38.1,4,2,-29.7,5,0.982,1
CUST-2622,Pulse Solutions,9,331.28,Month-to-Month,Bank Transfer,False,39.7,1,0,-21.2,4,0.7836,1
CUST-2623,Omni Enterprises,23,68.42,One-Year,Manual Invoice,False,81.0,3,0,-10.0,8,0.1211,0
CUST-2624,Hyperion Analytics,1,645.19,Month-to-Month,Electronic Check,True,63.0,7,0,-3.5,9,0.8074,1
CUST-2625,Synthetix Global,40,666.84,Two-Year,Bank Transfer,False,82.2,14,0,-33.9,1,0.7422,1
CUST-2626,Skyline Healthcare,19,877.09,One-Year,Bank Transfer,True,43.0,0,0,-15.3,6,0.134,0
CUST-2627,Stratum Ventures,9,337.56,Month-to-Month,Electronic Check,False,20.1,1,2,37.0,9,0.5625,1
CUST-2628,Cobalt Global,22,274.12,One-Year,Electronic Check,True,44.1,4,1,-15.5,6,0.4586,0
CUST-2629,Omni Technologies,53,82.97,Two-Year,Electronic Check,True,84.7,2,0,-57.5,10,0.0055,0
CUST-2630,Krypton Logistics,29,307.86,One-Year,Electronic Check,False,98.0,1,1,20.3,10,0.0102,0
CUST-2631,Krypton SaaS,20,852.24,Month-to-Month,Credit Card,True,52.4,0,0,4.7,9,0.2639,0
CUST-2632,Quantum Ventures,40,114.41,Month-to-Month,Electronic Check,True,98.0,4,0,-11.3,0,0.4155,0
CUST-2633,Synthetix Systems,28,202.94,Two-Year,Electronic Check,False,80.0,2,2,-15.8,7,0.0812,0
CUST-2634,Hyperion Dynamics,35,281.2,One-Year,Bank Transfer,False,37.6,1,0,-2.6,10,0.0376,0
CUST-2635,Vanguard Technologies,17,58.3,One-Year,Credit Card,False,64.4,3,1,32.7,8,0.0667,0
CUST-2636,Quantum Dynamics,29,276.94,Two-Year,Credit Card,False,81.0,1,0,13.6,10,0.0063,0
CUST-2637,DataCore SaaS,45,79.35,Two-Year,Electronic Check,False,20.0,2,0,5.5,8,0.0345,0
CUST-2638,Hyperion Labs,22,277.2,Two-Year,Bank Transfer,False,74.5,2,0,-7.6,6,0.0549,0
CUST-2639,Stratum Analytics,9,65.01,Month-to-Month,Bank Transfer,True,81.2,0,0,48.2,10,0.0107,0
CUST-2640,Synthetix SaaS,46,482.29,One-Year,Credit Card,True,76.8,2,1,15.1,8,0.0082,0
CUST-2641,Synthetix Labs,27,32.64,One-Year,Manual Invoice,True,61.9,4,1,12.7,6,0.1175,0
CUST-2642,Solace Dynamics,11,81.72,One-Year,Bank Transfer,False,54.8,6,0,-6.0,6,0.2531,0
CUST-2643,Cobalt SaaS,19,74.22,One-Year,Bank Transfer,False,56.1,7,3,-6.0,8,0.5705,1
CUST-2644,IronClad Ventures,3,628.33,Month-to-Month,Bank Transfer,False,32.4,4,0,2.8,4,0.8587,1
CUST-2645,Solace Dynamics,38,359.35,One-Year,Electronic Check,False,52.6,4,1,-21.3,7,0.2378,0
CUST-2646,Apex Networks,18,228.43,One-Year,Electronic Check,True,52.1,2,2,-1.8,7,0.4681,0
CUST-2647,Vanguard Ventures,20,365.01,Month-to-Month,Electronic Check,True,63.3,7,1,31.4,3,0.8723,1
CUST-2648,Omni Solutions,16,377.43,Month-to-Month,Electronic Check,False,48.7,4,2,-11.9,8,0.7359,1
CUST-2649,Nexus Solutions,4,36.23,Month-to-Month,Electronic Check,False,38.8,0,2,26.8,10,0.4007,0
CUST-2650,Vanguard Analytics,13,285.54,Month-to-Month,Bank Transfer,True,74.1,2,1,23.8,10,0.0826,0
CUST-2651,Apex Dynamics,12,75.01,Month-to-Month,Electronic Check,False,66.0,1,1,11.1,10,0.1048,0
CUST-2652,Skyline Finance,10,225.88,Month-to-Month,Manual Invoice,True,47.2,3,0,37.4,8,0.2777,0
CUST-2653,Aero Systems,21,193.32,One-Year,Credit Card,False,71.4,2,0,-55.3,5,0.49,0
CUST-2654,Cobalt Dynamics,55,104.37,One-Year,Electronic Check,False,62.4,0,0,-40.9,4,0.096,0
CUST-2655,Omni Healthcare,43,135.48,One-Year,Credit Card,False,69.2,2,1,37.2,7,0.0217,0
CUST-2656,Lumina Solutions,50,334.16,Two-Year,Electronic Check,True,89.5,3,1,-25.2,6,0.0288,0
CUST-2657,Solace Enterprises,2,93.09,Month-to-Month,Manual Invoice,True,43.5,1,0,4.8,6,0.551,1
CUST-2658,IronClad Enterprises,20,84.47,Month-to-Month,Bank Transfer,True,37.6,7,2,17.8,7,0.7158,1
CUST-2659,Vanguard Technologies,42,127.07,Two-Year,Electronic Check,False,64.7,1,0,7.0,6,0.0205,0
CUST-2660,DataCore Group,3,408.89,Month-to-Month,Manual Invoice,True,28.6,7,1,21.2,3,0.9515,1
CUST-2661,Omni SaaS,35,244.79,Two-Year,Bank Transfer,True,60.0,1,3,-22.7,6,0.2024,0
CUST-2662,Apex Labs,59,35.0,Two-Year,Electronic Check,False,67.1,0,1,15.4,9,0.0031,0
CUST-2663,Pulse Cloud,43,32.55,Month-to-Month,Credit Card,False,18.6,2,1,-4.5,5,0.6749,1
CUST-2664,IronClad Logistics,43,359.31,Two-Year,Credit Card,False,78.5,6,0,24.3,5,0.0539,0
CUST-2665,Synthetix Dynamics,15,277.18,Month-to-Month,Electronic Check,False,55.8,1,0,-4.5,6,0.2868,0
CUST-2666,DataCore Ventures,7,89.58,Month-to-Month,Bank Transfer,False,80.7,3,1,-33.1,5,0.7252,1
CUST-2667,Nexus Cloud,9,40.23,One-Year,Electronic Check,False,62.0,1,2,-19.7,8,0.2482,0
CUST-2668,Vanguard Analytics,34,614.43,Month-to-Month,Credit Card,False,79.9,0,0,-5.6,9,0.1117,0
CUST-2669,IronClad Networks,54,696.81,Two-Year,Electronic Check,True,95.0,3,0,-20.2,5,0.0163,0
CUST-2670,IronClad Finance,29,787.41,Month-to-Month,Manual Invoice,False,61.1,2,0,-18.2,5,0.6594,1
CUST-2671,Vanguard Dynamics,7,678.25,One-Year,Bank Transfer,False,57.1,0,0,33.0,9,0.0614,0
CUST-2672,Veritas Analytics,32,59.07,One-Year,Electronic Check,True,33.1,2,0,34.2,9,0.036,0
CUST-2673,Veritas Analytics,23,65.39,One-Year,Electronic Check,False,86.7,4,1,-2.2,10,0.0794,0
CUST-2674,Solace Technologies,6,115.21,Month-to-Month,Electronic Check,True,53.9,1,0,-14.2,10,0.2533,0
CUST-2675,Acro Dynamics,9,91.12,Month-to-Month,Bank Transfer,True,37.6,0,3,-24.6,5,0.824,1
CUST-2676,Vanguard Ventures,59,860.19,Two-Year,Electronic Check,False,87.5,0,1,-51.8,6,0.0251,0
CUST-2677,Krypton Finance,24,226.07,Month-to-Month,Bank Transfer,False,18.6,0,0,14.5,10,0.1391,0
CUST-2678,Aero Labs,27,102.77,Two-Year,Manual Invoice,False,54.5,0,1,-17.1,6,0.1155,0
CUST-2679,Nexus Networks,21,71.92,One-Year,Credit Card,True,79.5,5,2,16.8,6,0.151,0
CUST-2680,Apex Cloud,11,594.02,One-Year,Electronic Check,False,49.5,1,0,-32.5,8,0.3696,0
CUST-2681,Veritas Networks,14,812.82,One-Year,Electronic Check,True,44.8,4,0,-21.8,6,0.6019,1
CUST-2682,Veritas Analytics,3,167.14,Month-to-Month,Credit Card,True,47.6,2,1,-8.4,7,0.6866,1
CUST-2683,Pulse Global,20,875.13,One-Year,Credit Card,True,20.8,1,0,13.6,7,0.1557,0
CUST-2684,Vanguard Labs,72,153.4,Two-Year,Credit Card,True,90.9,5,0,35.1,4,0.0024,0
CUST-2685,Veritas Enterprises,29,99.22,Month-to-Month,Credit Card,True,61.2,3,0,-38.3,5,0.4263,0
CUST-2686,DataCore Technologies,45,242.21,Two-Year,Electronic Check,False,63.1,5,2,-27.5,5,0.1523,0
CUST-2687,Pulse Cloud,21,300.87,Month-to-Month,Bank Transfer,False,55.9,0,0,-30.7,4,0.6509,1
CUST-2688,Veritas Systems,20,129.52,Month-to-Month,Electronic Check,False,61.3,0,1,19.7,9,0.2005,0
CUST-2689,Synthetix Logistics,31,130.74,Month-to-Month,Credit Card,False,77.4,0,0,-11.2,9,0.0701,0
CUST-2690,Omni Dynamics,40,646.44,Two-Year,Bank Transfer,False,66.0,6,0,-15.6,4,0.1514,0
CUST-2691,Skyline Global,19,295.19,Month-to-Month,Electronic Check,False,33.5,4,0,-11.3,7,0.7737,1
CUST-2692,Skyline Labs,41,194.24,Two-Year,Bank Transfer,False,78.8,5,0,-7.1,7,0.0272,0
CUST-2693,Crest Labs,50,105.62,Two-Year,Bank Transfer,False,80.0,2,1,-9.9,6,0.0132,0
CUST-2694,Stratum Ventures,10,123.83,Month-to-Month,Credit Card,False,62.1,1,0,-22.3,6,0.5024,1
CUST-2695,DataCore Group,1,85.99,Month-to-Month,Electronic Check,False,76.8,2,2,-8.9,6,0.8868,1
CUST-2696,Acro Global,23,68.32,One-Year,Electronic Check,True,62.5,3,0,-23.9,5,0.1885,0
CUST-2697,Stratum Enterprises,3,94.0,Month-to-Month,Electronic Check,False,78.1,3,1,11.4,8,0.6327,1
CUST-2698,Skyline Finance,21,95.44,One-Year,Electronic Check,False,89.4,1,1,-1.6,6,0.0627,0
CUST-2699,DataCore Global,1,284.87,Month-to-Month,Manual Invoice,False,66.9,5,0,-36.0,4,0.9685,1
CUST-2700,Synthetix Solutions,34,89.47,Month-to-Month,Credit Card,True,50.2,3,0,56.2,10,0.0109,0
CUST-2701,Quantum Cloud,29,718.71,One-Year,Electronic Check,False,61.1,2,0,40.5,8,0.0654,0
CUST-2702,Lumina Global,16,109.9,Month-to-Month,Manual Invoice,False,84.6,3,0,57.1,9,0.0448,0
CUST-2703,Stratum Healthcare,1,324.17,Month-to-Month,Bank Transfer,False,25.3,3,1,-17.6,3,0.961,1
CUST-2704,Nexus Cloud,59,60.42,Month-to-Month,Electronic Check,True,64.9,3,1,-29.9,5,0.3291,0
CUST-2705,DataCore Dynamics,30,219.36,Month-to-Month,Electronic Check,True,57.1,0,1,20.2,10,0.0916,0
CUST-2706,Veritas Enterprises,33,78.64,One-Year,Electronic Check,False,47.6,0,1,27.7,5,0.0486,0
CUST-2707,Vanguard Dynamics,47,882.63,Two-Year,Manual Invoice,True,86.6,0,0,9.9,10,0.0018,0
CUST-2708,Veritas Global,6,288.88,Month-to-Month,Credit Card,True,64.3,2,2,-63.6,6,0.9052,1
CUST-2709,Stratum Analytics,33,241.41,One-Year,Bank Transfer,True,50.7,3,1,-33.5,5,0.2315,0
CUST-2710,Quantum Ventures,22,91.54,One-Year,Electronic Check,False,73.7,9,0,-11.4,4,0.7234,1
CUST-2711,Pulse SaaS,12,260.15,Month-to-Month,Bank Transfer,False,55.4,0,3,-26.5,10,0.4249,0
CUST-2712,Stratum Group,2,332.83,Month-to-Month,Electronic Check,False,37.8,4,2,-51.1,1,0.9974,1
CUST-2713,Veritas Networks,51,93.33,Two-Year,Manual Invoice,False,56.0,5,0,-16.4,9,0.0294,0
CUST-2714,Stratum Cloud,29,261.08,One-Year,Manual Invoice,False,72.4,0,1,-81.2,6,0.3631,0
CUST-2715,Omni Group,11,791.67,One-Year,Electronic Check,True,77.1,5,1,-30.1,7,0.6595,1
CUST-2716,Lumina Healthcare,32,358.9,One-Year,Bank Transfer,False,54.9,0,0,-5.7,5,0.1408,0
CUST-2717,Solace Labs,4,647.47,Month-to-Month,Bank Transfer,True,67.1,1,1,4.8,7,0.3055,0
CUST-2718,Cobalt Healthcare,39,822.48,One-Year,Manual Invoice,False,98.0,6,1,-4.3,1,0.7837,1
CUST-2719,Veritas SaaS,1,737.32,Month-to-Month,Electronic Check,True,30.1,3,0,5.4,10,0.6727,1
CUST-2720,Hyperion Healthcare,24,95.67,One-Year,Credit Card,False,69.3,2,1,16.4,6,0.0909,0
CUST-2721,DataCore Solutions,33,240.73,Month-to-Month,Bank Transfer,False,81.5,2,1,-10.2,5,0.5792,1
CUST-2722,Vanguard Ventures,8,286.62,Month-to-Month,Bank Transfer,True,55.5,1,1,-39.4,3,0.8193,1
CUST-2723,Nexus Solutions,11,346.47,Month-to-Month,Credit Card,True,83.1,4,2,-15.9,7,0.5423,1
CUST-2724,Stratum Group,60,581.34,Two-Year,Bank Transfer,True,98.0,1,0,-19.9,7,0.0023,0
CUST-2725,Stratum Analytics,10,51.76,Month-to-Month,Electronic Check,False,64.9,2,2,-44.9,5,0.8999,1
CUST-2726,Vanguard Technologies,9,52.71,Month-to-Month,Bank Transfer,True,53.0,2,2,3.5,8,0.5507,1
CUST-2727,Apex Cloud,21,55.73,Month-to-Month,Electronic Check,True,80.8,2,1,-41.3,5,0.6405,1
CUST-2728,Nexus Cloud,11,99.88,Month-to-Month,Electronic Check,False,75.1,4,1,5.0,3,0.8679,1
CUST-2729,Krypton Logistics,14,49.85,One-Year,Credit Card,False,8.8,3,0,-36.3,5,0.7662,1
CUST-2730,IronClad Cloud,17,262.13,One-Year,Credit Card,True,60.0,3,1,-16.3,10,0.1748,0
CUST-2731,Solace Networks,1,100.46,Month-to-Month,Credit Card,False,47.4,2,2,-25.1,9,0.7535,1
CUST-2732,Solace Global,13,305.0,Month-to-Month,Credit Card,False,66.8,2,1,22.4,9,0.234,0
CUST-2733,IronClad Finance,20,256.87,One-Year,Electronic Check,False,57.1,3,1,5.9,8,0.1748,0
CUST-2734,Stratum Labs,15,89.77,Month-to-Month,Electronic Check,True,57.8,8,0,-39.6,3,0.9587,1
CUST-2735,DataCore Group,17,87.68,Month-to-Month,Bank Transfer,False,42.8,5,0,-13.9,7,0.7145,1
CUST-2736,Pulse Solutions,20,266.55,Month-to-Month,Credit Card,False,75.7,2,2,22.2,9,0.2932,0
CUST-2737,Skyline Networks,10,267.35,Month-to-Month,Credit Card,False,91.1,1,0,39.3,9,0.1264,0
CUST-2738,DataCore Dynamics,32,1152.38,Month-to-Month,Credit Card,False,47.6,0,0,-29.2,8,0.4031,0
CUST-2739,Skyline Analytics,21,895.68,One-Year,Manual Invoice,False,33.4,1,0,34.9,6,0.1598,0
CUST-2740,Acro Ventures,11,1196.52,One-Year,Bank Transfer,False,58.7,1,2,23.0,8,0.253,0
CUST-2741,Quantum Networks,55,250.18,Two-Year,Electronic Check,False,70.9,3,1,-4.5,4,0.0618,0
CUST-2742,Solace Group,57,734.71,Month-to-Month,Bank Transfer,False,95.5,4,1,-14.3,4,0.2557,0
CUST-2743,Vanguard Networks,5,510.22,Month-to-Month,Manual Invoice,True,31.9,3,1,-22.8,7,0.8768,1
CUST-2744,Solace SaaS,4,604.28,Month-to-Month,Credit Card,True,45.4,1,0,-29.3,4,0.8201,1
CUST-2745,Apex Enterprises,36,132.55,Two-Year,Manual Invoice,False,22.8,6,1,-9.5,7,0.2621,0
CUST-2746,Stratum Technologies,25,656.03,One-Year,Credit Card,False,90.0,5,1,-19.3,8,0.2823,0
CUST-2747,Pulse Logistics,26,395.16,One-Year,Credit Card,False,67.8,0,0,15.9,9,0.0239,0
CUST-2748,Synthetix Networks,12,205.4,Month-to-Month,Electronic Check,False,49.3,3,1,2.5,6,0.9035,1
CUST-2749,Aero Technologies,15,58.66,Month-to-Month,Credit Card,False,33.1,3,0,58.9,10,0.1952,0
CUST-2750,Solace Networks,10,76.47,Month-to-Month,Electronic Check,True,33.4,6,0,16.9,7,0.6746,1
CUST-2751,Pulse Labs,29,83.41,One-Year,Electronic Check,True,72.0,6,0,0.7,8,0.0968,0
CUST-2752,Crest Technologies,45,108.08,Two-Year,Electronic Check,False,46.4,6,0,-66.4,2,0.5534,1
CUST-2753,Krypton Technologies,39,96.27,Two-Year,Electronic Check,False,68.8,2,1,3.8,7,0.0237,0
CUST-2754,Vanguard Cloud,19,675.06,One-Year,Credit Card,True,98.0,0,0,44.6,9,0.0107,0
CUST-2755,Veritas Labs,20,81.67,Month-to-Month,Credit Card,True,54.0,3,2,-24.7,7,0.6488,1
CUST-2756,Omni Group,63,77.02,Two-Year,Electronic Check,True,54.7,10,1,24.8,6,0.0497,0
CUST-2757,DataCore Cloud,18,62.13,One-Year,Manual Invoice,True,68.0,4,0,6.6,7,0.0443,0
CUST-2758,Lumina Group,3,226.72,Month-to-Month,Electronic Check,True,31.4,9,0,-14.6,7,0.9191,1
CUST-2759,Synthetix Technologies,7,110.7,Month-to-Month,Credit Card,False,91.5,1,1,-27.8,6,0.4567,0
CUST-2760,Veritas Technologies,27,39.3,Month-to-Month,Electronic Check,True,91.2,5,2,17.6,5,0.5202,1
CUST-2761,Pulse Enterprises,25,377.04,Month-to-Month,Electronic Check,True,59.2,6,1,-38.8,3,0.9411,1
CUST-2762,DataCore Ventures,7,259.42,Month-to-Month,Electronic Check,False,39.2,6,1,-32.1,3,0.9913,1
CUST-2763,Nexus Systems,19,65.69,One-Year,Credit Card,False,52.2,3,0,-51.0,5,0.4411,0
CUST-2764,Acro Solutions,13,103.49,Month-to-Month,Bank Transfer,True,53.0,2,0,21.4,8,0.2376,0
CUST-2765,Lumina Healthcare,18,122.13,Month-to-Month,Electronic Check,False,68.1,2,2,3.7,7,0.5726,1
CUST-2766,Crest Enterprises,4,951.17,Month-to-Month,Electronic Check,True,77.0,7,0,-15.7,5,0.9425,1
CUST-2767,Stratum Dynamics,46,97.55,Two-Year,Electronic Check,False,48.1,1,0,20.5,7,0.012,0
CUST-2768,Hyperion Technologies,26,345.21,One-Year,Bank Transfer,False,83.0,1,0,18.1,10,0.0148,0
CUST-2769,Stratum Technologies,6,42.09,Month-to-Month,Bank Transfer,False,69.2,4,0,-16.1,2,0.7774,1
CUST-2770,Skyline Enterprises,32,248.69,Two-Year,Electronic Check,True,54.4,1,3,-32.6,2,0.3967,0
CUST-2771,Acro Logistics,52,62.22,Two-Year,Electronic Check,False,48.9,6,1,-60.9,6,0.275,0
CUST-2772,Stratum Logistics,5,115.62,Month-to-Month,Manual Invoice,False,58.8,0,0,0.6,10,0.2677,0
CUST-2773,Krypton Healthcare,11,256.99,Month-to-Month,Credit Card,True,37.1,0,0,-27.7,10,0.2623,0
CUST-2774,Cobalt Global,16,106.14,One-Year,Credit Card,True,80.3,4,3,-17.9,7,0.2859,0
CUST-2775,Skyline Enterprises,37,98.4,Two-Year,Electronic Check,False,43.6,5,2,-24.0,5,0.4734,0
CUST-2776,Krypton Finance,43,228.26,Two-Year,Credit Card,False,78.9,0,0,-5.1,8,0.0066,0
CUST-2777,Veritas Group,66,644.35,Two-Year,Manual Invoice,True,73.2,2,2,15.2,5,0.0103,0
CUST-2778,Nexus Cloud,28,117.35,One-Year,Manual Invoice,False,52.2,7,1,-45.7,4,0.8411,1
CUST-2779,Solace Labs,17,233.47,One-Year,Bank Transfer,True,58.0,3,2,-60.2,2,0.8271,1
CUST-2780,Solace Cloud,2,772.48,Month-to-Month,Credit Card,True,77.2,0,1,-5.6,10,0.2016,0
CUST-2781,Pulse Group,20,609.14,Month-to-Month,Credit Card,False,37.2,2,0,-19.5,5,0.6806,1
CUST-2782,Krypton Ventures,1,261.16,Month-to-Month,Electronic Check,True,47.1,2,0,2.0,7,0.7094,1
CUST-2783,Omni Technologies,30,277.23,One-Year,Manual Invoice,False,49.0,7,1,-43.8,7,0.6223,1
CUST-2784,Krypton Systems,23,65.43,One-Year,Bank Transfer,True,61.1,3,3,-8.5,6,0.1049,0
CUST-2785,Acro Ventures,22,222.37,One-Year,Credit Card,False,47.9,4,2,-41.3,5,0.8036,1
CUST-2786,Hyperion Cloud,25,92.16,Month-to-Month,Electronic Check,False,27.1,0,0,-19.6,2,0.8657,1
CUST-2787,Veritas Logistics,27,63.88,One-Year,Credit Card,False,42.0,0,1,15.4,6,0.158,0
CUST-2788,Krypton Finance,10,64.73,Month-to-Month,Manual Invoice,True,90.8,3,0,-5.2,8,0.2301,0
CUST-2789,Lumina Finance,27,61.52,Month-to-Month,Credit Card,False,68.0,1,2,-37.7,10,0.3287,0
CUST-2790,DataCore SaaS,42,275.33,One-Year,Electronic Check,True,71.8,8,0,-42.8,2,0.6765,1
CUST-2791,Aero SaaS,35,336.62,One-Year,Electronic Check,False,59.8,2,0,-10.3,7,0.1005,0
CUST-2792,Quantum Global,35,370.39,Two-Year,Electronic Check,False,64.5,0,0,-23.6,10,0.0211,0
CUST-2793,Nexus Finance,1,66.85,Month-to-Month,Manual Invoice,True,46.7,2,0,-8.2,8,0.4578,0
CUST-2794,Quantum SaaS,1,138.76,Month-to-Month,Manual Invoice,False,65.8,2,1,-12.3,9,0.367,0
CUST-2795,Hyperion Labs,2,219.72,Month-to-Month,Manual Invoice,True,57.6,8,2,-51.9,2,0.9934,1
CUST-2796,IronClad Ventures,15,945.04,Month-to-Month,Bank Transfer,True,36.1,3,1,7.3,10,0.4167,0
CUST-2797,Pulse Analytics,70,66.96,Two-Year,Credit Card,True,81.1,2,3,-41.5,5,0.016,0
CUST-2798,Lumina Technologies,42,63.23,One-Year,Credit Card,False,18.4,4,0,24.1,6,0.2037,0
CUST-2799,Solace Systems,68,615.94,Two-Year,Credit Card,False,83.7,2,0,-6.5,10,0.0023,0
CUST-2800,Skyline Finance,1,83.69,Month-to-Month,Bank Transfer,True,27.1,5,0,-26.5,4,0.8823,1
CUST-2801,Stratum Logistics,53,854.39,Two-Year,Credit Card,True,69.0,10,3,-26.5,3,0.7094,1
CUST-2802,Apex Finance,8,320.19,Month-to-Month,Credit Card,True,33.5,5,1,-14.1,9,0.7637,1
CUST-2803,Stratum Systems,43,61.4,Two-Year,Electronic Check,True,68.0,3,1,10.0,5,0.0654,0
CUST-2804,Apex Labs,14,60.26,Month-to-Month,Electronic Check,False,70.8,2,1,-56.0,5,0.9116,1
CUST-2805,Cobalt Group,22,62.08,Month-to-Month,Bank Transfer,False,91.7,6,0,-0.1,5,0.578,1
CUST-2806,Crest Global,22,82.22,Month-to-Month,Manual Invoice,True,30.8,11,2,-51.0,2,0.997,1
CUST-2807,Aero Labs,57,712.17,Two-Year,Credit Card,True,91.6,0,0,5.9,8,0.0014,0
CUST-2808,Stratum Dynamics,7,222.99,Month-to-Month,Electronic Check,False,59.7,11,0,-30.2,6,0.9682,1
CUST-2809,Acro Ventures,31,296.18,Month-to-Month,Manual Invoice,True,55.3,2,0,32.7,10,0.0344,0
CUST-2810,Vanguard Analytics,44,415.75,Two-Year,Bank Transfer,True,83.4,3,1,-55.5,6,0.0578,0
CUST-2811,Synthetix Enterprises,4,72.38,Month-to-Month,Credit Card,False,51.5,5,2,20.4,5,0.8919,1
CUST-2812,Apex Group,5,253.99,Month-to-Month,Credit Card,False,70.9,2,2,6.7,9,0.5942,1
CUST-2813,Synthetix Labs,1,313.58,Month-to-Month,Credit Card,False,35.5,2,0,2.8,7,0.6775,1
CUST-2814,Omni Global,23,246.47,Month-to-Month,Credit Card,False,49.2,4,0,-42.8,5,0.682,1
CUST-2815,Pulse SaaS,26,101.72,Two-Year,Bank Transfer,True,81.7,5,0,-51.8,3,0.1534,0
CUST-2816,Lumina Dynamics,21,236.89,One-Year,Electronic Check,False,91.0,5,0,-24.0,2,0.5246,1
CUST-2817,Solace Labs,4,1079.78,Month-to-Month,Electronic Check,True,55.5,2,1,9.9,8,0.5791,1
CUST-2818,Cobalt Technologies,69,93.62,Two-Year,Electronic Check,False,20.0,1,3,-13.2,5,0.0456,0
CUST-2819,Krypton Finance,10,69.5,Month-to-Month,Electronic Check,False,54.0,5,2,-5.5,5,0.9681,1
CUST-2820,Hyperion Solutions,7,244.68,Month-to-Month,Electronic Check,False,57.7,3,1,-45.6,9,0.6223,1
CUST-2821,Lumina Finance,35,72.16,Month-to-Month,Electronic Check,False,60.8,1,0,3.1,8,0.1178,0
CUST-2822,Synthetix Ventures,2,362.36,Month-to-Month,Electronic Check,False,62.3,1,0,29.4,10,0.2693,0
CUST-2823,Cobalt SaaS,8,521.62,Month-to-Month,Electronic Check,True,47.9,1,0,38.3,10,0.1966,0
CUST-2824,Quantum Labs,55,239.92,Two-Year,Electronic Check,False,88.3,2,1,-37.3,7,0.0158,0
CUST-2825,Krypton Logistics,25,246.3,One-Year,Electronic Check,False,39.2,11,1,-41.8,1,0.9936,1
CUST-2826,Stratum Solutions,9,279.06,Month-to-Month,Credit Card,False,82.4,5,1,-23.5,8,0.7896,1
CUST-2827,Synthetix Systems,4,78.22,One-Year,Credit Card,True,87.2,2,1,-21.7,7,0.1677,0
CUST-2828,Solace SaaS,14,47.72,One-Year,Electronic Check,True,40.9,0,2,17.7,8,0.1454,0
CUST-2829,Vanguard Labs,44,678.03,Two-Year,Credit Card,True,49.9,4,0,64.8,9,0.0037,0
CUST-2830,Solace Finance,24,274.03,Two-Year,Manual Invoice,True,70.4,1,1,-30.8,5,0.1172,0
CUST-2831,Stratum Finance,3,69.3,Month-to-Month,Manual Invoice,False,32.2,1,0,12.6,8,0.485,0
CUST-2832,Pulse Enterprises,26,102.17,One-Year,Electronic Check,True,52.9,4,0,0.4,7,0.1326,0
CUST-2833,Omni Healthcare,45,335.16,One-Year,Bank Transfer,True,90.6,1,0,9.9,7,0.0092,0
CUST-2834,Quantum Ventures,14,275.3,One-Year,Electronic Check,False,74.0,2,0,32.3,10,0.0399,0
CUST-2835,Nexus Cloud,19,791.5,Month-to-Month,Electronic Check,False,98.0,2,0,8.3,7,0.6322,1
CUST-2836,Acro SaaS,16,30.97,Month-to-Month,Electronic Check,False,63.2,8,1,-77.4,7,0.957,1
CUST-2837,Hyperion Logistics,2,674.2,One-Year,Electronic Check,False,43.4,3,1,-44.9,6,0.931,1
CUST-2838,Quantum Solutions,7,340.29,Month-to-Month,Credit Card,True,58.1,1,0,-24.7,7,0.3976,0
CUST-2839,Nexus Technologies,15,254.59,Month-to-Month,Credit Card,True,56.5,4,0,-25.7,5,0.789,1
CUST-2840,IronClad Analytics,19,235.76,One-Year,Bank Transfer,True,58.0,7,2,-29.5,5,0.4633,0
CUST-2841,Skyline Group,10,141.94,Month-to-Month,Electronic Check,False,57.5,5,0,-15.4,8,0.6909,1
CUST-2842,Crest Ventures,23,1077.43,One-Year,Electronic Check,True,43.3,5,2,-65.6,0,0.9898,1
CUST-2843,Aero Ventures,24,96.69,One-Year,Electronic Check,False,67.8,2,1,-46.2,6,0.4494,0
CUST-2844,Vanguard Enterprises,26,113.47,Two-Year,Electronic Check,True,34.6,6,0,-66.0,0,0.7884,1
CUST-2845,IronClad Finance,1,349.33,Month-to-Month,Manual Invoice,False,41.0,5,0,-48.9,7,0.9269,1
CUST-2846,Cobalt Technologies,31,232.75,Month-to-Month,Bank Transfer,False,61.9,2,0,23.8,10,0.0932,0
CUST-2847,Lumina Networks,35,665.41,One-Year,Manual Invoice,False,20.3,12,2,-47.8,2,0.996,1
CUST-2848,Hyperion Cloud,55,265.84,Two-Year,Credit Card,False,86.9,1,0,-21.8,8,0.0088,0
CUST-2849,Apex Healthcare,53,72.75,Two-Year,Credit Card,False,29.8,2,0,-48.9,3,0.436,0
CUST-2850,DataCore Cloud,4,291.0,Month-to-Month,Credit Card,False,69.6,0,1,-25.3,6,0.4736,0
CUST-2851,Solace Networks,4,94.65,Month-to-Month,Credit Card,False,30.3,7,2,-10.8,4,0.983,1
CUST-2852,Nexus Finance,28,847.86,Two-Year,Credit Card,False,55.3,4,0,4.9,6,0.1445,0
CUST-2853,Quantum Technologies,6,125.05,Month-to-Month,Bank Transfer,False,67.2,0,0,-1.3,10,0.0855,0
CUST-2854,Krypton SaaS,26,608.1,One-Year,Credit Card,True,98.0,3,0,-10.7,9,0.0338,0
CUST-2855,Hyperion Global,6,63.25,Month-to-Month,Electronic Check,False,59.1,0,0,-39.3,8,0.6949,1
CUST-2856,Vanguard Enterprises,3,119.2,Month-to-Month,Bank Transfer,True,16.2,0,1,-19.4,7,0.6946,1
CUST-2857,Krypton Analytics,4,697.16,Month-to-Month,Bank Transfer,True,75.3,0,0,18.9,7,0.0709,0
CUST-2858,Veritas Networks,22,334.07,Month-to-Month,Credit Card,False,57.0,3,1,-25.9,6,0.7985,1
CUST-2859,Cobalt Healthcare,28,243.29,One-Year,Credit Card,True,64.8,2,0,39.6,9,0.0127,0
CUST-2860,Crest Labs,44,1135.82,Two-Year,Electronic Check,True,79.4,8,1,6.1,5,0.1139,0
CUST-2861,Aero Networks,6,264.6,Month-to-Month,Credit Card,True,12.3,0,2,-16.3,6,0.8286,1
CUST-2862,IronClad Solutions,46,776.46,Two-Year,Electronic Check,False,68.9,4,1,-18.6,7,0.0582,0
CUST-2863,Crest Solutions,34,50.92,Month-to-Month,Electronic Check,False,57.0,1,1,52.6,10,0.0456,0
CUST-2864,Hyperion Systems,16,92.18,One-Year,Credit Card,False,84.2,0,0,26.2,6,0.0281,0
CUST-2865,Hyperion Labs,22,35.52,Month-to-Month,Electronic Check,False,76.1,1,0,3.8,7,0.123,0
CUST-2866,Synthetix Analytics,25,102.34,Two-Year,Bank Transfer,False,30.0,1,2,-3.4,9,0.0741,0
CUST-2867,Aero Ventures,35,103.11,One-Year,Bank Transfer,True,90.8,5,0,-6.3,8,0.0173,0
CUST-2868,Stratum Technologies,17,361.56,One-Year,Electronic Check,True,69.1,2,0,-1.4,7,0.2015,0
CUST-2869,Krypton Enterprises,45,59.5,Two-Year,Bank Transfer,False,37.6,0,3,-36.8,8,0.0786,0
CUST-2870,IronClad Global,37,89.01,One-Year,Credit Card,True,67.2,0,0,-5.1,9,0.0097,0
CUST-2871,DataCore Technologies,55,99.1,Two-Year,Electronic Check,True,92.2,0,2,-40.9,9,0.015,0
CUST-2872,Krypton Healthcare,26,829.61,One-Year,Credit Card,False,38.5,2,1,12.1,6,0.3548,0
CUST-2873,Omni Networks,39,228.08,Two-Year,Credit Card,False,94.3,2,2,-14.3,8,0.0299,0
CUST-2874,Quantum Solutions,18,29.0,Month-to-Month,Credit Card,True,30.1,5,1,4.4,5,0.8122,1
CUST-2875,Hyperion Dynamics,22,812.45,Month-to-Month,Manual Invoice,False,45.8,4,1,-43.9,7,0.8754,1
CUST-2876,Lumina Group,19,81.19,One-Year,Credit Card,False,41.8,1,1,32.6,7,0.1245,0
CUST-2877,Apex Group,11,648.0,Month-to-Month,Manual Invoice,False,85.8,3,0,28.4,9,0.3056,0
CUST-2878,Skyline Labs,18,325.84,One-Year,Credit Card,False,50.6,2,0,-40.4,4,0.2219,0
CUST-2879,Crest SaaS,6,83.88,Month-to-Month,Electronic Check,True,33.5,5,0,-22.6,7,0.9363,1
CUST-2880,Krypton Labs,25,200.85,One-Year,Credit Card,False,71.4,8,1,-33.9,5,0.6371,1
CUST-2881,Lumina Solutions,23,164.11,Month-to-Month,Electronic Check,False,75.1,6,0,-48.9,5,0.89,1
CUST-2882,Veritas Finance,13,56.78,Month-to-Month,Credit Card,False,72.3,3,0,-10.5,10,0.1225,0
CUST-2883,Solace Solutions,21,1180.74,Month-to-Month,Credit Card,False,55.9,4,0,7.0,5,0.8721,1
CUST-2884,Solace Enterprises,57,103.07,Two-Year,Credit Card,True,77.2,2,0,-12.7,9,0.0017,0
CUST-2885,Acro Analytics,6,89.72,Month-to-Month,Electronic Check,False,43.8,2,2,-53.8,8,0.9491,1
CUST-2886,Skyline Technologies,25,80.46,Month-to-Month,Credit Card,True,96.0,2,2,8.3,10,0.0684,0
CUST-2887,Vanguard Group,29,78.82,One-Year,Electronic Check,False,86.6,2,1,-25.8,5,0.2275,0
CUST-2888,IronClad SaaS,8,114.18,One-Year,Credit Card,False,79.1,6,1,-35.2,4,0.6773,1
CUST-2889,Cobalt Analytics,4,661.69,Month-to-Month,Bank Transfer,False,72.1,2,0,41.0,7,0.376,0
CUST-2890,Skyline Group,10,99.42,Month-to-Month,Manual Invoice,False,68.4,1,1,6.9,7,0.3708,0
CUST-2891,Lumina Labs,6,76.29,Month-to-Month,Electronic Check,True,31.9,3,0,-24.2,5,0.9104,1
CUST-2892,Aero Cloud,49,396.41,Two-Year,Credit Card,True,82.4,3,1,-38.7,5,0.0252,0
CUST-2893,Skyline Solutions,59,883.61,Month-to-Month,Credit Card,False,75.0,3,0,20.1,10,0.0231,0
CUST-2894,Acro Solutions,1,974.2,Month-to-Month,Manual Invoice,True,80.6,1,1,19.4,8,0.3671,0
CUST-2895,Pulse Ventures,17,244.94,Month-to-Month,Credit Card,True,76.2,1,0,-10.7,8,0.0872,0
CUST-2896,Hyperion Technologies,5,940.46,Month-to-Month,Electronic Check,False,67.5,4,2,-48.5,4,0.9883,1
CUST-2897,Hyperion Analytics,20,261.25,One-Year,Credit Card,False,27.3,2,0,8.6,8,0.1267,0
CUST-2898,Skyline Finance,1,769.81,Month-to-Month,Credit Card,False,53.5,4,1,2.8,8,0.7525,1
CUST-2899,Apex Enterprises,8,378.1,Month-to-Month,Bank Transfer,False,46.2,0,1,-9.3,9,0.4434,0
CUST-2900,Krypton Finance,39,58.93,Month-to-Month,Bank Transfer,False,71.7,5,1,-42.6,8,0.4461,0
CUST-2901,Solace Networks,1,90.08,Month-to-Month,Electronic Check,False,47.0,3,1,-8.4,4,0.8976,1
CUST-2902,Cobalt Logistics,13,306.28,Month-to-Month,Manual Invoice,True,53.4,5,0,1.5,5,0.8142,1
CUST-2903,Hyperion Technologies,56,98.0,Two-Year,Electronic Check,True,81.0,4,0,-19.2,5,0.0367,0
CUST-2904,DataCore Dynamics,26,73.73,One-Year,Manual Invoice,False,54.2,1,0,8.5,10,0.0105,0
CUST-2905,Veritas Systems,46,405.18,Two-Year,Bank Transfer,False,71.2,3,3,-10.0,7,0.0623,0
CUST-2906,Solace Networks,37,516.91,Two-Year,Credit Card,True,35.7,1,0,30.6,6,0.0264,0
CUST-2907,Lumina Labs,37,121.47,One-Year,Bank Transfer,True,49.5,9,0,-32.5,6,0.423,0
CUST-2908,Skyline Systems,40,352.9,Month-to-Month,Electronic Check,False,80.1,2,0,-29.5,7,0.0819,0
CUST-2909,Omni Ventures,38,394.05,One-Year,Electronic Check,True,41.8,0,1,-1.7,10,0.0376,0
CUST-2910,Solace Analytics,15,464.12,Two-Year,Electronic Check,False,84.4,3,3,23.2,10,0.1031,0
CUST-2911,Synthetix Finance,19,593.61,One-Year,Electronic Check,False,80.2,1,1,-47.1,4,0.5853,1
CUST-2912,Quantum Networks,6,369.52,Month-to-Month,Credit Card,False,51.4,2,2,-68.8,9,0.8947,1
CUST-2913,Cobalt Technologies,9,167.38,Month-to-Month,Electronic Check,False,98.0,0,0,2.3,8,0.224,0
CUST-2914,IronClad Enterprises,30,44.84,Two-Year,Bank Transfer,True,88.9,12,0,-40.5,1,0.5154,1
CUST-2915,Cobalt Healthcare,6,250.7,One-Year,Credit Card,False,37.8,1,1,-8.2,8,0.4007,0
CUST-2916,Skyline SaaS,43,291.52,Two-Year,Credit Card,False,82.8,8,1,-30.1,2,0.5432,1
CUST-2917,Lumina Labs,14,1036.6,Month-to-Month,Credit Card,True,60.5,3,1,16.1,7,0.3851,0
CUST-2918,Veritas Enterprises,25,268.88,Month-to-Month,Electronic Check,True,47.0,0,0,3.9,8,0.2338,0
CUST-2919,Aero Ventures,7,69.79,Month-to-Month,Electronic Check,False,35.7,0,2,15.5,7,0.8334,1
CUST-2920,Skyline Finance,34,298.68,One-Year,Electronic Check,False,85.1,4,1,-73.9,3,0.7769,1
CUST-2921,IronClad Analytics,8,96.74,Month-to-Month,Bank Transfer,False,45.4,2,1,-19.2,9,0.5901,1
CUST-2922,Acro Group,8,96.03,Month-to-Month,Credit Card,True,55.4,9,0,-42.4,3,0.9618,1
CUST-2923,Vanguard Healthcare,51,80.55,Two-Year,Electronic Check,True,51.9,3,0,-61.1,3,0.1748,0
CUST-2924,Stratum Cloud,25,36.12,Month-to-Month,Bank Transfer,False,47.5,4,0,-4.4,7,0.3133,0
CUST-2925,DataCore Group,41,584.83,Two-Year,Electronic Check,True,64.8,0,0,2.5,10,0.0064,0
CUST-2926,Lumina Technologies,2,120.51,Month-to-Month,Credit Card,False,63.4,4,0,-18.7,6,0.7464,1
CUST-2927,Lumina Technologies,41,89.68,Two-Year,Credit Card,True,15.5,0,1,-3.1,6,0.0414,0
CUST-2928,Pulse Labs,16,691.95,One-Year,Bank Transfer,True,60.1,10,0,-22.4,0,0.9597,1
CUST-2929,Synthetix Labs,46,112.95,Two-Year,Manual Invoice,False,53.9,0,2,20.3,7,0.0362,0
CUST-2930,Hyperion Group,34,56.75,Two-Year,Bank Transfer,False,93.2,1,0,18.1,10,0.0017,0
CUST-2931,IronClad Global,3,79.37,Month-to-Month,Credit Card,False,98.0,0,0,13.2,10,0.031,0
CUST-2932,Omni SaaS,11,88.44,Month-to-Month,Electronic Check,False,51.1,5,2,37.7,6,0.8171,1
CUST-2933,Cobalt Labs,1,73.97,Month-to-Month,Bank Transfer,False,20.9,1,1,-20.7,7,0.8181,1
CUST-2934,Crest Systems,37,87.52,One-Year,Credit Card,False,68.4,3,0,-38.0,7,0.173,0
CUST-2935,Omni Ventures,29,268.74,Two-Year,Electronic Check,True,59.6,8,1,5.4,5,0.3264,0
CUST-2936,Apex Dynamics,10,50.02,Month-to-Month,Bank Transfer,False,97.4,3,3,27.7,10,0.252,0
CUST-2937,Vanguard Cloud,21,89.54,One-Year,Electronic Check,True,94.6,0,0,-10.9,8,0.0339,0
CUST-2938,IronClad Labs,27,510.9,Month-to-Month,Electronic Check,True,80.4,12,0,3.4,4,0.9076,1
CUST-2939,Skyline SaaS,42,89.14,Two-Year,Manual Invoice,True,55.9,4,0,-20.3,5,0.0997,0
CUST-2940,Pulse Systems,54,997.34,Two-Year,Credit Card,True,84.8,4,2,-2.4,5,0.1015,0
CUST-2941,Lumina Cloud,34,263.14,Month-to-Month,Electronic Check,False,70.5,2,4,-5.0,10,0.3378,0
CUST-2942,Acro Global,4,55.71,Month-to-Month,Bank Transfer,True,61.0,5,0,-25.8,2,0.9358,1
CUST-2943,Acro Labs,34,272.38,Month-to-Month,Bank Transfer,True,34.0,2,2,35.2,7,0.2332,0
CUST-2944,Nexus Analytics,16,64.2,One-Year,Electronic Check,False,81.0,0,0,54.0,10,0.0073,0
CUST-2945,Hyperion Technologies,6,99.86,Month-to-Month,Credit Card,False,59.0,2,0,-26.5,8,0.5373,1
CUST-2946,IronClad Solutions,53,271.12,Month-to-Month,Bank Transfer,False,68.9,1,0,7.0,6,0.1047,0
CUST-2947,Krypton Cloud,5,382.59,Month-to-Month,Electronic Check,True,44.5,4,1,10.9,7,0.8637,1
CUST-2948,Pulse Solutions,43,349.78,Month-to-Month,Credit Card,True,52.0,0,3,-57.1,4,0.8124,1
CUST-2949,Stratum Finance,27,722.45,One-Year,Electronic Check,True,69.4,7,2,-25.3,6,0.7551,1
CUST-2950,Nexus Analytics,23,102.89,One-Year,Bank Transfer,True,26.9,1,0,-39.3,10,0.076,0
CUST-2951,Vanguard SaaS,11,256.41,Month-to-Month,Bank Transfer,False,74.1,2,2,5.7,4,0.8915,1
CUST-2952,Pulse Logistics,10,282.04,One-Year,Electronic Check,False,36.9,3,2,-11.9,5,0.7733,1
CUST-2953,Stratum SaaS,24,684.94,One-Year,Bank Transfer,True,21.0,3,0,-13.3,8,0.1891,0
CUST-2954,Veritas Global,18,887.96,Month-to-Month,Bank Transfer,True,96.8,8,0,-58.2,9,0.6978,1
CUST-2955,Quantum Global,3,1007.94,Month-to-Month,Electronic Check,True,38.7,2,0,-16.0,8,0.7064,1
CUST-2956,Synthetix Enterprises,9,104.97,One-Year,Credit Card,False,43.3,0,0,18.0,7,0.1628,0
CUST-2957,Vanguard Cloud,48,335.32,Two-Year,Electronic Check,True,92.1,0,0,4.0,8,0.0015,0
CUST-2958,Vanguard Global,44,108.08,Month-to-Month,Manual Invoice,False,98.0,3,1,20.8,5,0.1041,0
CUST-2959,Krypton Group,1,98.78,Month-to-Month,Credit Card,False,24.6,1,1,25.2,10,0.3761,0
CUST-2960,Apex Group,4,544.93,Month-to-Month,Credit Card,True,37.1,1,1,24.1,10,0.2238,0
CUST-2961,Skyline Enterprises,21,127.52,One-Year,Credit Card,False,43.6,3,0,-17.4,9,0.2329,0
CUST-2962,Synthetix Healthcare,4,1074.79,Month-to-Month,Credit Card,False,74.9,4,1,-4.6,6,0.7767,1
CUST-2963,Apex Cloud,10,79.15,Month-to-Month,Bank Transfer,False,90.8,1,2,-32.1,5,0.5439,1
CUST-2964,Lumina Logistics,11,683.27,One-Year,Credit Card,True,36.7,1,2,-39.5,10,0.3119,0
CUST-2965,Apex Systems,29,100.31,One-Year,Manual Invoice,False,92.0,3,0,25.5,10,0.0157,0
CUST-2966,Omni Networks,13,98.77,Month-to-Month,Credit Card,True,44.7,4,1,-41.7,3,0.9689,1
CUST-2967,Apex SaaS,2,79.95,Month-to-Month,Electronic Check,True,62.3,1,0,-30.3,6,0.7126,1
CUST-2968,Krypton Cloud,32,205.0,One-Year,Manual Invoice,False,39.2,1,2,-5.4,9,0.076,0
CUST-2969,IronClad Finance,17,92.64,Month-to-Month,Credit Card,False,57.7,1,0,-4.8,7,0.2715,0
CUST-2970,Apex Logistics,3,313.09,Month-to-Month,Credit Card,True,53.7,3,1,-13.6,7,0.8468,1
CUST-2971,Vanguard Cloud,35,103.15,Two-Year,Manual Invoice,False,59.2,5,0,47.6,5,0.042,0
CUST-2972,Veritas Cloud,8,93.73,Month-to-Month,Electronic Check,False,65.1,8,0,-43.9,1,0.9812,1
CUST-2973,Acro Solutions,33,78.22,One-Year,Credit Card,True,44.8,2,1,6.4,7,0.1985,0
CUST-2974,Acro Technologies,55,109.85,Two-Year,Electronic Check,False,53.8,1,1,-0.8,6,0.0234,0
CUST-2975,Lumina Dynamics,2,761.85,Month-to-Month,Credit Card,False,64.4,0,2,20.2,7,0.5922,1
CUST-2976,Krypton Solutions,12,666.31,Month-to-Month,Bank Transfer,False,85.4,2,0,-20.6,6,0.4069,0
CUST-2977,Skyline Solutions,22,80.48,One-Year,Manual Invoice,False,61.1,2,1,-11.6,5,0.2162,0
CUST-2978,Skyline Dynamics,49,175.24,Two-Year,Credit Card,True,79.8,3,1,-6.1,7,0.0263,0
CUST-2979,Lumina Logistics,34,269.07,Two-Year,Bank Transfer,False,80.4,3,1,-44.8,8,0.0606,0
CUST-2980,Crest Systems,24,102.21,One-Year,Manual Invoice,False,78.8,8,0,-64.1,2,0.8922,1
CUST-2981,Quantum Cloud,10,93.49,Month-to-Month,Credit Card,False,38.9,1,2,-8.5,7,0.6186,1
CUST-2982,DataCore Analytics,34,371.24,One-Year,Electronic Check,True,49.7,4,0,26.4,10,0.0326,0
CUST-2983,Aero Global,37,78.43,Month-to-Month,Credit Card,False,52.3,6,2,-31.8,6,0.81,1
CUST-2984,Aero Ventures,11,97.18,Month-to-Month,Manual Invoice,False,96.9,1,1,-8.4,9,0.1305,0
CUST-2985,Veritas Analytics,10,104.82,Month-to-Month,Manual Invoice,True,68.2,1,2,20.8,3,0.686,1
CUST-2986,IronClad Networks,13,420.57,Month-to-Month,Credit Card,False,68.2,2,0,-4.7,6,0.4795,0
CUST-2987,Quantum Group,19,88.62,One-Year,Bank Transfer,False,68.0,4,0,12.4,6,0.1659,0
CUST-2988,Pulse SaaS,25,58.9,Month-to-Month,Electronic Check,True,36.1,0,2,61.7,8,0.191,0
CUST-2989,Solace Logistics,9,106.2,Month-to-Month,Electronic Check,False,96.5,2,0,-15.4,9,0.2176,0
CUST-2990,Veritas SaaS,2,131.64,Month-to-Month,Manual Invoice,True,65.2,5,1,-19.4,5,0.8953,1
CUST-2991,Aero Cloud,47,76.94,Two-Year,Electronic Check,True,83.6,3,1,0.9,4,0.0345,0
CUST-2992,Apex Finance,20,901.39,One-Year,Electronic Check,True,25.7,4,1,25.3,8,0.301,0
CUST-2993,Cobalt Dynamics,2,115.72,Month-to-Month,Credit Card,True,71.2,5,2,-22.9,5,0.8617,1
CUST-2994,Solace Technologies,15,341.02,Month-to-Month,Credit Card,True,52.4,1,1,15.2,6,0.4212,0
CUST-2995,IronClad Dynamics,30,88.14,Month-to-Month,Credit Card,False,37.5,9,0,-13.3,6,0.835,1
CUST-2996,Lumina Systems,59,238.09,Two-Year,Electronic Check,True,53.6,0,1,-1.8,9,0.0105,0
CUST-2997,Aero Healthcare,37,275.12,One-Year,Manual Invoice,False,40.8,0,1,-10.5,9,0.119,0
CUST-2998,Synthetix Technologies,21,96.47,One-Year,Manual Invoice,False,35.7,0,0,-10.2,9,0.0935,0
CUST-2999,Aero Cloud,38,913.48,One-Year,Credit Card,False,67.6,0,0,81.6,10,0.0036,0
CUST-3000,Stratum Networks,14,300.04,Month-to-Month,Credit Card,False,51.5,1,2,-46.5,6,0.8692,1
CUST-3001,Hyperion Ventures,24,681.62,Two-Year,Bank Transfer,False,68.9,2,1,-42.2,4,0.562,1
CUST-3002,Cobalt Dynamics,33,98.88,One-Year,Credit Card,False,98.0,2,1,0.1,7,0.0932,0
CUST-3003,Nexus Enterprises,10,904.82,Month-to-Month,Credit Card,True,55.4,4,0,-1.9,3,0.8674,1
CUST-3004,Skyline Dynamics,9,302.78,Month-to-Month,Credit Card,False,12.8,0,1,10.7,6,0.7315,1
CUST-3005,Apex Ventures,23,599.49,One-Year,Electronic Check,False,57.1,4,1,-33.9,9,0.47,0
CUST-3006,Quantum Analytics,43,269.12,Two-Year,Electronic Check,True,91.8,4,1,-37.7,3,0.1114,0
CUST-3007,Aero Finance,3,336.87,Month-to-Month,Credit Card,False,54.2,4,0,-14.1,4,0.8021,1
CUST-3008,Skyline Group,45,197.02,Two-Year,Credit Card,False,98.0,4,1,10.7,8,0.0063,0
CUST-3009,Skyline Technologies,39,373.23,One-Year,Bank Transfer,True,75.8,2,1,-31.4,8,0.0424,0
CUST-3010,Synthetix Healthcare,21,1021.45,Month-to-Month,Bank Transfer,False,24.5,0,1,3.8,5,0.6413,1
CUST-3011,Solace Labs,22,97.79,Month-to-Month,Electronic Check,False,63.8,3,1,-21.8,7,0.7871,1
CUST-3012,Hyperion Technologies,18,316.4,Month-to-Month,Bank Transfer,False,66.3,0,1,-38.1,6,0.3711,0
CUST-3013,Nexus Ventures,26,58.08,One-Year,Electronic Check,False,84.4,7,1,-53.0,4,0.6773,1
CUST-3014,Crest Finance,5,324.25,Month-to-Month,Credit Card,False,92.9,2,2,11.8,7,0.2946,0
CUST-3015,Cobalt Group,28,91.88,Month-to-Month,Bank Transfer,True,81.6,3,1,-24.1,4,0.4021,0
CUST-3016,Hyperion Technologies,32,45.39,Month-to-Month,Credit Card,False,73.4,0,1,31.1,8,0.0506,0
CUST-3017,Solace Enterprises,22,1006.37,One-Year,Credit Card,True,75.1,3,0,-4.9,8,0.1015,0
CUST-3018,Lumina Analytics,52,88.97,Month-to-Month,Credit Card,False,67.2,1,0,-32.2,10,0.0523,0
CUST-3019,IronClad Dynamics,29,256.23,Month-to-Month,Manual Invoice,True,34.4,3,1,2.9,8,0.3332,0
CUST-3020,Stratum Solutions,32,257.32,Month-to-Month,Credit Card,True,65.4,0,0,-15.0,7,0.0853,0
CUST-3021,DataCore Labs,23,34.62,One-Year,Bank Transfer,False,69.2,2,1,-15.4,5,0.2369,0
CUST-3022,Skyline Ventures,45,99.83,Two-Year,Manual Invoice,False,44.4,2,0,27.3,8,0.0068,0
CUST-3023,Hyperion Systems,15,295.71,Month-to-Month,Bank Transfer,True,86.0,2,2,-43.2,5,0.7601,1
CUST-3024,Lumina Solutions,55,80.15,Two-Year,Credit Card,False,91.6,1,1,-14.2,8,0.003,0
CUST-3025,Omni Logistics,19,980.13,One-Year,Electronic Check,False,33.3,9,1,-54.1,3,0.9858,1
CUST-3026,Stratum Labs,26,500.91,One-Year,Electronic Check,True,90.1,4,0,-36.8,6,0.4469,0
CUST-3027,IronClad Healthcare,26,70.08,One-Year,Credit Card,True,56.6,6,0,-24.8,4,0.7165,1
CUST-3028,Aero Healthcare,15,63.75,Month-to-Month,Bank Transfer,False,43.9,5,1,-36.4,9,0.6027,1
CUST-3029,Veritas Labs,10,263.27,Month-to-Month,Credit Card,False,79.6,15,1,-51.8,2,0.9988,1
CUST-3030,Solace Dynamics,42,284.05,One-Year,Manual Invoice,True,66.6,4,1,4.0,5,0.2333,0
CUST-3031,Acro Dynamics,13,95.75,One-Year,Electronic Check,False,96.9,3,0,-22.8,8,0.1993,0
CUST-3032,Krypton SaaS,25,76.33,One-Year,Bank Transfer,False,45.4,0,2,-41.7,5,0.4057,0
CUST-3033,Hyperion Group,5,227.36,Month-to-Month,Credit Card,True,21.9,8,0,-3.0,3,0.9409,1
CUST-3034,Quantum Finance,39,1053.48,Two-Year,Credit Card,True,61.1,4,1,-30.9,4,0.3204,0
CUST-3035,Apex Healthcare,21,145.29,One-Year,Bank Transfer,True,77.1,5,3,20.7,9,0.1271,0
CUST-3036,Stratum Dynamics,51,88.58,Month-to-Month,Electronic Check,False,51.8,4,0,-17.2,6,0.4493,0
CUST-3037,Synthetix Enterprises,3,613.78,Month-to-Month,Electronic Check,True,29.3,1,1,-6.4,6,0.8828,1
CUST-3038,Nexus Analytics,32,368.53,One-Year,Credit Card,True,69.2,1,0,-55.6,6,0.1065,0
CUST-3039,Krypton Logistics,10,193.19,One-Year,Credit Card,False,28.7,0,0,-24.0,9,0.1607,0
CUST-3040,Krypton Group,14,259.91,Month-to-Month,Bank Transfer,True,65.3,1,0,-55.0,9,0.1254,0
CUST-3041,Apex Dynamics,48,624.7,Two-Year,Manual Invoice,False,62.6,0,0,12.4,6,0.0191,0
CUST-3042,Pulse Logistics,22,210.43,Month-to-Month,Electronic Check,True,71.5,4,0,-9.0,9,0.2067,0
CUST-3043,Quantum SaaS,4,699.6,Month-to-Month,Credit Card,False,28.5,0,2,10.8,4,0.9018,1
CUST-3044,Vanguard Ventures,38,228.15,Two-Year,Credit Card,True,92.4,2,0,19.2,10,0.0022,0
CUST-3045,Synthetix Ventures,47,280.76,Two-Year,Manual Invoice,True,65.4,4,1,12.0,9,0.0093,0
CUST-3046,Solace Solutions,24,85.68,One-Year,Manual Invoice,False,77.5,4,1,-17.6,9,0.0813,0
CUST-3047,Pulse Networks,50,69.47,Two-Year,Bank Transfer,False,89.2,2,1,-3.9,8,0.0067,0
CUST-3048,Nexus Analytics,2,257.77,Month-to-Month,Credit Card,False,32.5,4,0,7.5,5,0.757,1
CUST-3049,Cobalt Labs,54,79.23,Two-Year,Electronic Check,False,88.8,6,0,-32.9,6,0.0889,0
CUST-3050,Krypton Dynamics,8,328.59,Month-to-Month,Credit Card,False,28.9,0,0,-18.5,6,0.7764,1
CUST-3051,Lumina Networks,12,81.29,Month-to-Month,Credit Card,False,31.2,3,1,29.5,6,0.6221,1
CUST-3052,Crest Solutions,3,898.45,Month-to-Month,Bank Transfer,False,95.2,3,1,-54.2,4,0.897,1
CUST-3053,Solace Finance,9,99.65,Month-to-Month,Credit Card,False,79.9,5,1,-2.5,5,0.6938,1
CUST-3054,Crest Global,13,852.88,Month-to-Month,Bank Transfer,False,98.0,3,0,4.5,8,0.2036,0
CUST-3055,Krypton Solutions,6,363.27,Month-to-Month,Credit Card,False,49.4,6,2,-51.1,3,0.9912,1
CUST-3056,Synthetix Cloud,22,57.02,Month-to-Month,Bank Transfer,True,63.6,0,0,-11.7,9,0.0618,0
CUST-3057,Apex Networks,26,251.61,Month-to-Month,Electronic Check,True,73.3,4,2,-25.9,3,0.9376,1
CUST-3058,Lumina Analytics,35,129.08,One-Year,Electronic Check,True,65.3,7,1,-15.6,5,0.2977,0
CUST-3059,Veritas Systems,2,78.57,Month-to-Month,Electronic Check,False,40.7,0,0,13.8,8,0.3347,0
CUST-3060,Vanguard Dynamics,26,29.0,Month-to-Month,Bank Transfer,False,44.9,3,1,-9.8,9,0.4171,0
CUST-3061,Vanguard Finance,21,79.93,One-Year,Electronic Check,False,65.6,1,0,6.7,10,0.0844,0
CUST-3062,Synthetix Technologies,38,774.29,Two-Year,Bank Transfer,True,45.1,14,0,-20.5,2,0.8182,1
CUST-3063,Solace Networks,47,29.0,One-Year,Electronic Check,True,47.2,1,0,17.3,4,0.0897,0
CUST-3064,DataCore Cloud,34,360.04,Month-to-Month,Credit Card,False,73.1,8,0,19.4,3,0.6332,1
CUST-3065,Cobalt Dynamics,12,67.16,One-Year,Manual Invoice,False,56.7,0,1,26.1,10,0.0301,0
CUST-3066,Quantum Systems,10,299.71,Month-to-Month,Credit Card,True,76.7,9,0,-21.6,4,0.9222,1
CUST-3067,Synthetix Technologies,9,79.35,Month-to-Month,Electronic Check,False,49.2,2,1,10.0,10,0.3402,0
CUST-3068,DataCore Logistics,6,202.7,Month-to-Month,Electronic Check,False,45.2,6,2,-12.4,7,0.9436,1
CUST-3069,Omni Finance,33,215.77,Two-Year,Manual Invoice,True,73.4,4,0,-2.9,7,0.0157,0
CUST-3070,Lumina Cloud,17,223.9,Month-to-Month,Credit Card,False,43.9,4,1,-33.7,6,0.9082,1
CUST-3071,Solace Enterprises,20,112.14,Month-to-Month,Credit Card,False,47.8,0,1,4.1,6,0.3341,0
CUST-3072,Crest Enterprises,27,271.15,Month-to-Month,Credit Card,False,50.7,1,0,-49.6,5,0.6194,1
CUST-3073,IronClad Global,34,71.95,Two-Year,Electronic Check,True,61.0,8,0,7.8,6,0.1024,0
CUST-3074,Stratum SaaS,41,61.63,One-Year,Electronic Check,True,98.0,2,0,7.8,7,0.0105,0
CUST-3075,Hyperion Networks,16,114.9,Month-to-Month,Credit Card,True,32.3,1,0,-2.0,9,0.2599,0
CUST-3076,Acro Healthcare,28,121.61,One-Year,Bank Transfer,True,89.3,0,0,-5.5,10,0.0054,0
CUST-3077,Nexus Logistics,25,351.08,One-Year,Electronic Check,False,77.3,0,4,1.4,8,0.4616,0
CUST-3078,Acro Analytics,24,309.55,One-Year,Bank Transfer,True,93.5,5,0,35.9,6,0.0336,0
CUST-3079,Solace Healthcare,5,92.25,Month-to-Month,Bank Transfer,False,98.0,4,1,-2.6,5,0.5892,1
CUST-3080,Omni Enterprises,60,54.6,Two-Year,Manual Invoice,True,98.0,1,1,44.6,10,0.0007,0
CUST-3081,Quantum Group,7,78.85,Month-to-Month,Electronic Check,False,75.6,2,1,13.6,9,0.359,0
CUST-3082,Acro Analytics,26,238.97,One-Year,Electronic Check,False,36.6,2,0,-21.1,10,0.1378,0
CUST-3083,IronClad Labs,10,170.47,Month-to-Month,Bank Transfer,False,34.3,0,4,-2.8,8,0.7408,1
CUST-3084,Stratum Healthcare,11,111.43,Month-to-Month,Electronic Check,True,65.5,4,0,2.8,6,0.6016,1
CUST-3085,Cobalt Cloud,52,238.25,Month-to-Month,Electronic Check,True,36.6,1,0,-18.1,8,0.218,0
CUST-3086,Nexus Logistics,22,351.76,One-Year,Bank Transfer,True,73.9,1,0,-8.2,7,0.0758,0
CUST-3087,Pulse Group,34,332.9,Month-to-Month,Electronic Check,True,22.5,0,0,-5.7,6,0.5183,1
CUST-3088,Quantum Cloud,21,313.4,One-Year,Credit Card,True,84.3,4,0,-4.5,7,0.1108,0
CUST-3089,Vanguard Group,8,316.77,Month-to-Month,Credit Card,True,51.0,3,1,-16.0,7,0.7301,1
CUST-3090,Stratum Group,15,243.08,One-Year,Bank Transfer,False,62.0,5,0,-3.3,7,0.4376,0
CUST-3091,Apex SaaS,58,131.45,Two-Year,Electronic Check,False,57.4,4,1,-1.2,7,0.0333,0
CUST-3092,Krypton Finance,20,86.08,One-Year,Bank Transfer,True,23.0,4,0,24.7,9,0.1029,0
CUST-3093,Solace Systems,52,92.55,One-Year,Credit Card,False,95.3,0,0,18.7,10,0.003,0
CUST-3094,Quantum Systems,34,241.06,One-Year,Credit Card,True,91.9,1,0,-15.5,8,0.0273,0
CUST-3095,Pulse Dynamics,27,582.39,Month-to-Month,Electronic Check,False,56.1,4,2,35.8,5,0.683,1
CUST-3096,Hyperion Cloud,40,96.93,Two-Year,Electronic Check,False,80.2,1,0,-15.4,8,0.0487,0
CUST-3097,DataCore SaaS,18,90.44,Month-to-Month,Credit Card,False,52.6,0,0,-4.7,8,0.3828,0
CUST-3098,Cobalt Finance,28,232.64,One-Year,Credit Card,True,69.2,4,2,-2.1,4,0.4973,0
CUST-3099,Stratum Technologies,8,491.08,One-Year,Manual Invoice,True,72.6,4,1,60.4,9,0.0341,0
CUST-3100,Solace Logistics,1,521.41,Month-to-Month,Credit Card,True,66.4,1,1,7.0,9,0.4327,0
CUST-3101,Crest Dynamics,10,351.77,Month-to-Month,Credit Card,True,84.8,6,0,-29.0,6,0.4873,0
CUST-3102,Crest Enterprises,7,639.61,Month-to-Month,Credit Card,False,67.5,1,1,-44.0,8,0.6948,1
CUST-3103,Krypton Labs,37,76.53,Two-Year,Bank Transfer,False,66.7,0,2,-47.6,7,0.0609,0
CUST-3104,Cobalt Group,54,121.26,Two-Year,Credit Card,False,56.0,1,0,2.3,7,0.0076,0
CUST-3105,Pulse Cloud,15,56.95,One-Year,Electronic Check,False,49.9,4,0,6.6,10,0.2479,0
CUST-3106,Quantum Finance,18,236.38,One-Year,Bank Transfer,False,76.6,6,0,-48.5,5,0.5715,1
CUST-3107,Cobalt Enterprises,53,65.78,Two-Year,Credit Card,False,40.9,4,1,-6.5,1,0.2117,0
CUST-3108,Nexus Technologies,1,377.08,Month-to-Month,Credit Card,True,77.4,9,1,-59.8,0,0.9971,1
CUST-3109,IronClad Analytics,27,399.6,Month-to-Month,Credit Card,False,57.5,3,0,-27.1,9,0.4213,0
CUST-3110,Synthetix Cloud,11,103.79,One-Year,Bank Transfer,True,41.9,4,2,-1.2,3,0.517,1
CUST-3111,IronClad Finance,56,891.01,Two-Year,Electronic Check,True,49.8,3,1,-27.7,5,0.2459,0
CUST-3112,Stratum Global,37,70.49,Two-Year,Electronic Check,True,79.6,0,1,32.8,7,0.0065,0
CUST-3113,Aero Systems,14,133.68,Month-to-Month,Bank Transfer,False,58.9,7,1,-35.6,4,0.9658,1
CUST-3114,Lumina SaaS,3,296.06,Month-to-Month,Electronic Check,False,87.7,1,0,29.7,9,0.1781,0
CUST-3115,Hyperion Analytics,11,106.33,Month-to-Month,Bank Transfer,True,33.0,0,4,41.6,8,0.3818,0
CUST-3116,DataCore Dynamics,13,273.67,Month-to-Month,Electronic Check,False,47.3,4,0,-25.6,4,0.9356,1
CUST-3117,Cobalt Cloud,5,701.75,Month-to-Month,Electronic Check,False,54.7,8,1,37.7,8,0.8646,1
CUST-3118,Nexus SaaS,22,1049.35,One-Year,Electronic Check,False,46.6,7,1,-20.7,10,0.6815,1
CUST-3119,Synthetix Enterprises,1,847.15,Month-to-Month,Credit Card,False,55.4,3,0,-19.8,7,0.8622,1
CUST-3120,Apex Finance,33,121.28,Two-Year,Credit Card,False,71.3,1,1,-10.4,6,0.0481,0
CUST-3121,Veritas Solutions,23,295.32,Month-to-Month,Electronic Check,False,71.6,1,0,-8.1,9,0.2366,0
CUST-3122,Synthetix Networks,37,63.79,One-Year,Electronic Check,True,96.2,7,2,9.0,9,0.0742,0
CUST-3123,Aero Global,8,70.42,Month-to-Month,Manual Invoice,True,31.3,3,1,23.9,10,0.2892,0
CUST-3124,Crest Global,9,87.57,Month-to-Month,Credit Card,False,64.5,2,0,31.6,5,0.4865,0
CUST-3125,Krypton Finance,11,69.34,Month-to-Month,Bank Transfer,True,45.4,2,0,-33.5,7,0.6715,1
CUST-3126,Vanguard Global,31,550.66,Two-Year,Manual Invoice,True,72.9,1,1,1.7,7,0.0203,0
CUST-3127,Synthetix Group,55,115.04,Two-Year,Manual Invoice,False,80.1,4,1,-50.7,5,0.1112,0
CUST-3128,Pulse Ventures,2,247.31,Month-to-Month,Bank Transfer,True,35.9,2,1,19.3,7,0.3779,0
CUST-3129,Krypton Enterprises,12,88.45,Month-to-Month,Electronic Check,True,40.6,2,2,-23.1,8,0.8772,1
CUST-3130,Solace Technologies,36,297.77,Two-Year,Manual Invoice,False,76.0,8,1,-11.4,4,0.4937,0
CUST-3131,Lumina Healthcare,15,644.13,Month-to-Month,Bank Transfer,False,60.0,4,1,-24.5,9,0.5712,1
CUST-3132,Cobalt Group,10,121.27,Month-to-Month,Bank Transfer,False,53.6,0,0,-38.9,7,0.4364,0
CUST-3133,Aero Enterprises,6,212.97,One-Year,Electronic Check,False,70.0,1,2,14.1,8,0.3284,0
CUST-3134,Solace Networks,53,91.54,Two-Year,Manual Invoice,False,85.5,1,1,21.1,10,0.002,0
CUST-3135,Stratum Healthcare,19,91.15,Month-to-Month,Bank Transfer,True,50.1,6,3,-24.5,6,0.9227,1
CUST-3136,Quantum Labs,18,276.74,Month-to-Month,Bank Transfer,True,43.4,5,0,-62.8,6,0.7899,1
CUST-3137,Omni Cloud,70,516.56,Two-Year,Electronic Check,True,50.8,2,0,17.8,8,0.006,0
CUST-3138,Solace Enterprises,11,106.77,Month-to-Month,Electronic Check,False,59.0,4,1,-30.4,8,0.7953,1
CUST-3139,Hyperion Dynamics,16,103.59,Month-to-Month,Manual Invoice,False,31.3,1,2,4.9,10,0.4668,0
CUST-3140,Aero Labs,24,68.11,One-Year,Credit Card,False,64.2,4,1,-24.3,6,0.333,0
CUST-3141,Synthetix Networks,56,322.45,Two-Year,Credit Card,False,96.1,7,0,-25.7,6,0.0442,0
CUST-3142,Aero Systems,8,302.49,Month-to-Month,Bank Transfer,True,50.3,1,0,14.4,8,0.2066,0
CUST-3143,Synthetix Analytics,49,203.16,Two-Year,Electronic Check,False,59.0,9,1,-47.5,4,0.5949,1
CUST-3144,Solace Labs,40,228.76,One-Year,Credit Card,False,98.0,3,0,-8.2,8,0.0656,0
CUST-3145,Apex Technologies,2,954.89,Month-to-Month,Electronic Check,False,85.8,4,1,0.7,7,0.7308,1
CUST-3146,Cobalt Enterprises,53,298.56,Two-Year,Electronic Check,False,55.6,1,1,51.2,8,0.0079,0
CUST-3147,Omni SaaS,43,648.43,Month-to-Month,Electronic Check,False,70.7,0,2,-6.9,6,0.4291,0
CUST-3148,Apex Logistics,1,595.47,Month-to-Month,Electronic Check,False,61.9,1,0,23.0,9,0.4379,0
CUST-3149,Pulse Group,33,249.08,One-Year,Electronic Check,False,69.0,1,0,-27.3,6,0.0524,0
CUST-3150,Crest Cloud,13,253.33,Month-to-Month,Credit Card,True,95.2,6,1,24.4,9,0.1269,0
CUST-3151,Quantum Finance,8,597.73,Month-to-Month,Manual Invoice,True,59.1,2,2,-31.2,3,0.9213,1
CUST-3152,Nexus Enterprises,6,436.48,Month-to-Month,Credit Card,True,61.5,2,1,-9.3,10,0.4627,0
CUST-3153,Acro Technologies,2,113.5,Month-to-Month,Electronic Check,True,69.4,4,0,5.8,7,0.5323,1
CUST-3154,DataCore Cloud,33,109.27,Two-Year,Electronic Check,False,88.7,1,0,-17.5,6,0.0272,0
CUST-3155,Aero Networks,52,520.81,One-Year,Bank Transfer,False,89.3,2,0,26.0,7,0.0084,0
CUST-3156,Solace Dynamics,46,88.41,Two-Year,Manual Invoice,False,79.6,2,0,-17.5,6,0.0139,0
CUST-3157,Hyperion Systems,19,587.6,Month-to-Month,Electronic Check,False,29.5,7,0,4.8,7,0.9116,1
CUST-3158,Quantum Solutions,21,78.46,Month-to-Month,Electronic Check,False,51.5,3,2,12.7,5,0.8033,1
CUST-3159,Crest Finance,34,76.38,Month-to-Month,Credit Card,True,81.6,1,0,16.5,6,0.0827,0
CUST-3160,Cobalt Solutions,8,74.3,Month-to-Month,Bank Transfer,False,62.4,5,1,2.7,6,0.8419,1
CUST-3161,Crest Ventures,43,135.07,Month-to-Month,Credit Card,False,84.4,4,0,56.3,8,0.0311,0
CUST-3162,Pulse SaaS,17,73.99,One-Year,Credit Card,False,97.8,0,2,5.4,10,0.0269,0
CUST-3163,Pulse Healthcare,39,231.5,Two-Year,Bank Transfer,False,43.2,3,0,-1.3,7,0.0245,0
CUST-3164,Hyperion Enterprises,52,234.25,Two-Year,Manual Invoice,True,93.4,4,0,1.4,6,0.0055,0
CUST-3165,Vanguard Ventures,3,937.88,Month-to-Month,Electronic Check,False,49.3,2,0,30.8,9,0.503,1
CUST-3166,Krypton Group,19,43.7,Two-Year,Manual Invoice,False,79.4,1,2,50.2,10,0.0081,0
CUST-3167,Crest Analytics,13,234.24,Month-to-Month,Credit Card,False,58.1,1,1,-7.2,7,0.5959,1
CUST-3168,Stratum Networks,13,366.81,Month-to-Month,Bank Transfer,False,98.0,8,1,-46.8,4,0.9496,1
CUST-3169,Apex Labs,28,294.64,Two-Year,Credit Card,False,66.0,4,1,17.1,3,0.2234,0
CUST-3170,Nexus Healthcare,26,291.52,One-Year,Credit Card,True,50.0,2,0,-35.1,8,0.2448,0
CUST-3171,Acro Technologies,2,138.3,Month-to-Month,Credit Card,True,64.0,0,0,11.4,10,0.0919,0
CUST-3172,Vanguard Analytics,28,91.16,Month-to-Month,Credit Card,True,69.9,1,3,-5.4,10,0.1692,0
CUST-3173,DataCore Solutions,6,67.3,Month-to-Month,Electronic Check,True,79.6,3,1,-11.7,5,0.75,1
CUST-3174,Vanguard Labs,42,77.95,One-Year,Credit Card,False,76.6,3,0,-5.2,8,0.0189,0
CUST-3175,Lumina Logistics,50,211.87,Month-to-Month,Credit Card,True,98.0,5,1,-56.3,1,0.8065,1
CUST-3176,Veritas Technologies,42,116.4,Two-Year,Electronic Check,False,65.4,6,0,-34.7,1,0.5383,1
CUST-3177,Aero Group,1,853.42,Month-to-Month,Manual Invoice,False,53.3,0,0,28.4,9,0.2934,0
CUST-3178,DataCore Group,18,952.39,Month-to-Month,Electronic Check,True,48.3,0,1,-51.0,6,0.8665,1
CUST-3179,DataCore Solutions,27,968.34,Month-to-Month,Credit Card,False,64.8,0,0,2.9,10,0.133,0
CUST-3180,Aero Analytics,8,675.44,Month-to-Month,Electronic Check,False,62.0,5,0,-17.8,8,0.8425,1
CUST-3181,Nexus SaaS,37,61.38,Month-to-Month,Credit Card,False,71.7,3,0,-53.8,8,0.3015,0
CUST-3182,Nexus Systems,23,276.9,One-Year,Electronic Check,False,63.2,3,2,28.3,9,0.2369,0
CUST-3183,Krypton Analytics,65,63.18,Two-Year,Credit Card,True,62.3,4,1,-37.8,7,0.0141,0
CUST-3184,DataCore Logistics,58,779.69,Two-Year,Electronic Check,False,54.8,11,0,-14.3,1,0.6984,1
CUST-3185,Crest Enterprises,38,953.78,Two-Year,Electronic Check,False,58.9,1,2,-19.7,10,0.056,0
CUST-3186,Cobalt Dynamics,53,719.73,Two-Year,Bank Transfer,False,93.7,0,0,-16.1,10,0.0014,0
CUST-3187,Stratum Solutions,33,88.75,One-Year,Credit Card,False,92.0,1,3,-18.9,4,0.1413,0
CUST-3188,Nexus Technologies,40,274.37,Two-Year,Electronic Check,True,65.5,3,2,-22.9,7,0.1909,0
CUST-3189,Apex Cloud,33,105.07,Month-to-Month,Electronic Check,True,46.1,1,3,-17.7,6,0.7437,1
CUST-3190,Krypton Dynamics,53,68.31,Month-to-Month,Bank Transfer,False,69.3,0,2,-24.7,10,0.0421,0
CUST-3191,Quantum Solutions,33,148.21,Month-to-Month,Electronic Check,False,98.0,8,0,-44.3,2,0.9371,1
CUST-3192,Cobalt Cloud,2,96.77,Month-to-Month,Manual Invoice,False,75.6,0,0,30.1,9,0.0965,0
CUST-3193,Skyline Solutions,25,927.81,Month-to-Month,Credit Card,True,73.5,1,2,-7.8,8,0.3364,0
CUST-3194,Vanguard Ventures,45,96.16,Two-Year,Electronic Check,True,87.8,2,0,-2.5,7,0.0057,0
CUST-3195,Skyline Labs,9,634.76,Month-to-Month,Bank Transfer,True,88.5,5,1,-37.3,9,0.5668,1
CUST-3196,Krypton Ventures,12,211.9,Month-to-Month,Bank Transfer,True,35.5,7,0,23.4,9,0.402,0
CUST-3197,Acro Finance,25,839.01,One-Year,Electronic Check,False,54.7,0,2,-7.2,5,0.3728,0
CUST-3198,Acro Systems,11,775.47,Month-to-Month,Credit Card,False,47.7,0,1,-47.4,8,0.8286,1
CUST-3199,Pulse Solutions,6,727.36,Month-to-Month,Credit Card,True,68.5,0,1,6.9,8,0.24,0
CUST-3200,Veritas Analytics,2,130.56,Month-to-Month,Manual Invoice,True,58.8,4,1,-31.1,7,0.888,1
CUST-3201,Crest Analytics,32,579.58,Month-to-Month,Credit Card,True,79.7,5,1,7.8,7,0.2745,0
CUST-3202,IronClad SaaS,23,129.38,Month-to-Month,Electronic Check,False,51.8,2,2,15.0,6,0.4843,0
CUST-3203,DataCore Group,29,85.79,One-Year,Electronic Check,False,91.1,1,0,25.1,6,0.0396,0
CUST-3204,Pulse Dynamics,21,39.11,One-Year,Electronic Check,False,59.9,0,0,-6.5,7,0.081,0
CUST-3205,Omni Labs,14,717.74,Month-to-Month,Electronic Check,False,73.1,1,0,-0.8,8,0.2267,0
CUST-3206,Omni Logistics,8,337.57,Month-to-Month,Electronic Check,True,81.3,4,1,-5.8,7,0.6637,1
CUST-3207,Veritas Ventures,5,684.29,Month-to-Month,Credit Card,True,78.8,2,0,21.3,7,0.1819,0
CUST-3208,Veritas Dynamics,30,191.51,One-Year,Electronic Check,False,71.2,8,3,-59.9,7,0.7457,1
CUST-3209,Quantum Systems,12,80.89,Month-to-Month,Credit Card,False,75.0,5,0,-7.7,7,0.6373,1
CUST-3210,IronClad Labs,14,595.71,Month-to-Month,Credit Card,False,94.0,2,0,45.7,10,0.0999,0
CUST-3211,Hyperion Technologies,33,97.3,One-Year,Electronic Check,False,75.2,4,0,-20.4,6,0.1771,0
CUST-3212,Vanguard Finance,2,889.21,Month-to-Month,Electronic Check,False,41.0,2,1,-6.7,5,0.9654,1
CUST-3213,Pulse Finance,9,58.59,Month-to-Month,Electronic Check,True,69.4,2,0,64.3,10,0.072,0
CUST-3214,Quantum SaaS,4,237.65,Month-to-Month,Electronic Check,False,55.5,2,0,-7.0,5,0.8412,1
CUST-3215,Crest Analytics,51,103.92,Two-Year,Bank Transfer,False,23.3,3,0,-42.5,2,0.2777,0
CUST-3216,Vanguard SaaS,30,63.53,Two-Year,Credit Card,True,73.2,1,0,0.6,9,0.0048,0
CUST-3217,Lumina Logistics,24,57.95,One-Year,Electronic Check,False,64.5,0,2,36.8,8,0.0641,0
CUST-3218,DataCore Logistics,4,55.53,Month-to-Month,Credit Card,False,79.3,11,0,-1.6,3,0.9736,1
CUST-3219,Krypton Solutions,33,93.8,One-Year,Electronic Check,True,49.9,1,1,-27.5,8,0.0711,0
CUST-3220,Stratum Dynamics,54,92.73,Two-Year,Credit Card,True,41.1,1,1,7.4,6,0.0147,0
CUST-3221,Synthetix Solutions,48,238.96,Two-Year,Credit Card,True,72.8,1,1,-7.4,4,0.0271,0
CUST-3222,Crest Cloud,20,280.31,Month-to-Month,Credit Card,True,68.6,10,0,-4.7,6,0.7934,1
CUST-3223,Acro Logistics,45,371.63,Two-Year,Electronic Check,True,70.4,8,0,-34.4,4,0.2602,0
CUST-3224,Synthetix Solutions,20,574.67,Month-to-Month,Electronic Check,True,61.4,2,3,-3.6,10,0.3645,0
CUST-3225,DataCore Labs,3,162.9,Month-to-Month,Bank Transfer,True,34.5,1,1,44.8,10,0.1324,0
CUST-3226,Skyline Networks,36,307.3,One-Year,Bank Transfer,True,63.0,5,0,-75.3,5,0.4043,0
CUST-3227,IronClad Analytics,6,273.38,Month-to-Month,Manual Invoice,False,49.8,5,0,4.8,7,0.6954,1
CUST-3228,Solace Networks,46,67.25,Two-Year,Electronic Check,True,90.3,18,0,-16.0,1,0.8929,1
CUST-3229,Skyline Finance,38,319.12,Month-to-Month,Bank Transfer,True,74.0,7,1,-59.9,6,0.6147,1
CUST-3230,Quantum Finance,30,105.98,Month-to-Month,Bank Transfer,True,58.4,3,0,-22.0,8,0.2218,0
CUST-3231,Stratum Solutions,14,352.51,Two-Year,Manual Invoice,False,93.7,3,0,-13.8,5,0.0535,0
CUST-3232,Krypton Logistics,41,240.84,Two-Year,Electronic Check,True,61.9,3,0,-22.3,7,0.0427,0
CUST-3233,Aero Global,7,142.94,Month-to-Month,Bank Transfer,True,68.3,2,0,-21.1,6,0.2246,0
CUST-3234,Hyperion Dynamics,5,315.0,Month-to-Month,Electronic Check,True,53.2,1,0,-7.4,7,0.4328,0
CUST-3235,Omni Enterprises,23,101.9,One-Year,Credit Card,False,94.5,10,4,-23.7,5,0.8934,1
CUST-3236,Skyline Global,14,114.32,Month-to-Month,Electronic Check,False,60.9,4,0,30.2,6,0.369,0
CUST-3237,Omni Enterprises,55,85.43,Two-Year,Bank Transfer,True,73.8,1,1,29.6,9,0.0007,0
CUST-3238,IronClad Networks,49,327.8,Two-Year,Bank Transfer,True,66.9,1,0,26.8,9,0.0025,0
CUST-3239,Quantum Logistics,11,323.08,Month-to-Month,Electronic Check,True,62.2,3,1,36.8,7,0.2613,0
CUST-3240,Omni Cloud,4,847.03,Month-to-Month,Credit Card,True,80.2,3,0,46.8,10,0.112,0
CUST-3241,Pulse Technologies,11,76.95,Month-to-Month,Electronic Check,False,75.2,3,0,0.2,6,0.7102,1
CUST-3242,Omni Enterprises,63,290.32,Two-Year,Credit Card,False,74.5,3,0,31.8,10,0.0017,0
CUST-3243,Crest Systems,4,244.7,Month-to-Month,Electronic Check,False,90.2,4,1,-1.4,7,0.6823,1
CUST-3244,Apex Finance,7,85.32,Month-to-Month,Electronic Check,True,74.6,4,1,-17.4,6,0.6963,1
CUST-3245,Stratum Technologies,7,209.89,Month-to-Month,Bank Transfer,False,48.3,4,0,-8.2,5,0.7323,1
CUST-3246,Cobalt Healthcare,29,65.23,One-Year,Electronic Check,True,36.1,1,0,27.3,8,0.038,0
CUST-3247,Crest Networks,45,77.94,Month-to-Month,Credit Card,True,60.2,1,2,28.6,9,0.0216,0
CUST-3248,Lumina Analytics,9,223.38,Month-to-Month,Bank Transfer,False,66.0,0,2,9.5,10,0.279,0
CUST-3249,Omni Analytics,53,249.7,Two-Year,Manual Invoice,True,82.8,4,0,-16.9,5,0.0269,0
CUST-3250,IronClad Dynamics,53,80.9,Two-Year,Bank Transfer,False,98.0,5,1,-27.2,7,0.0103,0
CUST-3251,Hyperion Networks,30,95.06,One-Year,Electronic Check,False,42.1,1,1,-49.3,5,0.6525,1
CUST-3252,Lumina Technologies,32,108.73,Month-to-Month,Bank Transfer,True,55.8,1,0,11.0,9,0.0627,0
CUST-3253,Skyline Analytics,10,73.41,Month-to-Month,Electronic Check,False,34.4,2,0,6.3,7,0.6809,1
CUST-3254,Lumina Dynamics,9,118.38,One-Year,Manual Invoice,True,30.9,1,1,-29.1,10,0.407,0
CUST-3255,Apex Cloud,41,108.47,Month-to-Month,Bank Transfer,True,54.7,5,1,-3.2,9,0.1882,0
CUST-3256,IronClad Healthcare,46,310.25,Two-Year,Bank Transfer,False,76.1,1,0,13.4,9,0.0058,0
CUST-3257,Acro Enterprises,37,88.84,One-Year,Electronic Check,False,81.5,7,0,-53.1,3,0.696,1
CUST-3258,Synthetix Technologies,7,299.15,Month-to-Month,Credit Card,True,38.1,1,1,-11.0,4,0.8516,1
CUST-3259,IronClad Logistics,42,351.22,Two-Year,Bank Transfer,False,51.4,5,1,20.2,8,0.0288,0
CUST-3260,Acro Group,52,115.59,Two-Year,Bank Transfer,False,35.0,1,0,-13.8,8,0.0057,0
CUST-3261,Lumina SaaS,11,118.37,Month-to-Month,Electronic Check,True,62.6,0,0,5.4,10,0.0533,0
CUST-3262,Stratum Group,46,757.44,One-Year,Manual Invoice,False,54.2,3,2,-10.0,4,0.4385,0
CUST-3263,Stratum Group,9,98.87,Month-to-Month,Electronic Check,False,91.0,12,1,-36.7,3,0.9898,1
CUST-3264,Synthetix Networks,1,118.59,Month-to-Month,Credit Card,False,63.5,1,0,19.2,9,0.1405,0
CUST-3265,DataCore Analytics,30,69.41,Month-to-Month,Credit Card,True,60.6,1,0,25.4,7,0.0709,0
CUST-3266,Vanguard Technologies,8,260.89,One-Year,Electronic Check,False,44.6,0,0,36.6,10,0.0579,0
CUST-3267,Lumina Ventures,69,280.96,Two-Year,Electronic Check,True,45.8,5,2,-27.8,4,0.3137,0
CUST-3268,Omni Finance,3,911.93,Month-to-Month,Bank Transfer,False,28.5,2,2,2.1,6,0.8854,1
CUST-3269,Krypton Logistics,1,914.73,Month-to-Month,Credit Card,False,42.9,4,0,14.0,6,0.8769,1
CUST-3270,Nexus Technologies,12,79.23,One-Year,Electronic Check,True,44.6,4,2,-20.0,5,0.8734,1
CUST-3271,Vanguard Systems,4,47.28,Month-to-Month,Bank Transfer,True,36.2,0,0,-13.0,10,0.2604,0
CUST-3272,IronClad Analytics,37,91.15,Two-Year,Bank Transfer,False,73.6,3,0,-0.4,6,0.0168,0
CUST-3273,Quantum SaaS,34,62.04,Month-to-Month,Credit Card,False,75.5,4,0,-22.1,4,0.5705,1
CUST-3274,Lumina Labs,4,47.75,Month-to-Month,Electronic Check,True,47.0,5,0,-27.6,7,0.8537,1
CUST-3275,Cobalt Analytics,4,53.4,Month-to-Month,Electronic Check,False,94.9,5,0,-4.5,8,0.5857,1
CUST-3276,Vanguard Cloud,28,93.16,One-Year,Bank Transfer,False,28.5,3,0,-8.7,8,0.1444,0
CUST-3277,Veritas Systems,3,119.03,Month-to-Month,Credit Card,True,57.1,2,1,-1.6,10,0.3718,0
CUST-3278,Nexus Global,28,85.97,One-Year,Credit Card,True,59.0,0,1,-38.8,7,0.1661,0
CUST-3279,Apex Group,3,788.05,Month-to-Month,Bank Transfer,False,44.9,0,0,0.6,9,0.2663,0
CUST-3280,Quantum Cloud,5,350.97,Month-to-Month,Credit Card,True,42.5,0,0,-51.5,5,0.6925,1
CUST-3281,Skyline Networks,10,472.0,Month-to-Month,Electronic Check,True,57.9,5,0,-36.1,8,0.8346,1
CUST-3282,Nexus Technologies,55,98.0,Two-Year,Manual Invoice,True,67.0,2,1,-8.2,7,0.0109,0
CUST-3283,Pulse Labs,38,279.3,Two-Year,Credit Card,False,58.6,2,1,24.3,8,0.0274,0
CUST-3284,Nexus Solutions,5,99.15,Month-to-Month,Credit Card,True,30.5,5,0,3.4,6,0.866,1
CUST-3285,Omni Networks,9,72.91,Month-to-Month,Manual Invoice,False,25.3,2,2,-8.7,8,0.6363,1
CUST-3286,Pulse Group,2,64.55,Month-to-Month,Manual Invoice,False,49.8,1,2,-17.4,7,0.7197,1
CUST-3287,Omni Healthcare,23,775.29,Month-to-Month,Credit Card,True,53.9,2,2,-17.3,7,0.6597,1
CUST-3288,Vanguard Labs,4,1046.85,Month-to-Month,Electronic Check,False,52.3,2,1,26.6,8,0.5949,1
CUST-3289,Solace Healthcare,63,106.52,Two-Year,Manual Invoice,True,71.7,3,0,-31.7,6,0.0115,0
CUST-3290,Cobalt Systems,40,72.31,Two-Year,Credit Card,False,56.5,6,0,-31.1,5,0.1317,0
CUST-3291,DataCore Finance,44,51.48,Month-to-Month,Credit Card,True,64.0,2,1,20.7,10,0.0293,0
CUST-3292,Quantum Ventures,4,42.95,Month-to-Month,Credit Card,False,39.1,0,0,-3.6,4,0.6275,1
CUST-3293,Apex Cloud,45,117.9,Two-Year,Credit Card,True,98.0,5,0,38.5,8,0.0039,0
CUST-3294,Skyline Dynamics,45,61.12,Two-Year,Bank Transfer,True,52.5,5,0,7.3,9,0.0156,0
CUST-3295,Hyperion Cloud,49,260.47,Month-to-Month,Credit Card,False,62.3,1,0,30.9,5,0.1101,0
CUST-3296,Acro Global,10,118.03,Month-to-Month,Bank Transfer,True,43.5,2,2,-51.6,6,0.9517,1
CUST-3297,Vanguard SaaS,19,44.65,Month-to-Month,Bank Transfer,False,45.9,5,0,16.5,9,0.3996,0
CUST-3298,Omni Logistics,7,122.31,Month-to-Month,Bank Transfer,True,57.6,1,0,-19.2,6,0.5277,1
CUST-3299,Skyline Labs,3,78.66,Month-to-Month,Bank Transfer,True,53.9,11,0,-10.1,4,0.9587,1
CUST-3300,Aero Analytics,9,543.26,Month-to-Month,Bank Transfer,False,48.5,2,1,-15.1,5,0.8024,1
CUST-3301,Omni Cloud,27,78.82,One-Year,Credit Card,True,57.4,3,0,1.6,7,0.1279,0
CUST-3302,Nexus Technologies,3,619.93,Month-to-Month,Electronic Check,False,41.5,7,2,-53.7,6,0.993,1
CUST-3303,Solace Global,57,829.35,Month-to-Month,Bank Transfer,False,80.1,4,0,-50.0,8,0.223,0
CUST-3304,Cobalt Solutions,2,633.34,Month-to-Month,Credit Card,True,96.7,2,1,-2.2,8,0.3318,0
CUST-3305,Solace Technologies,65,165.3,Two-Year,Electronic Check,False,57.0,3,2,-21.3,4,0.1657,0
CUST-3306,Synthetix Technologies,58,266.77,Two-Year,Electronic Check,True,80.3,0,0,-17.3,7,0.0079,0
CUST-3307,Hyperion Dynamics,11,505.82,Month-to-Month,Electronic Check,True,59.2,0,0,-37.1,3,0.8803,1
CUST-3308,Veritas Solutions,16,90.11,Month-to-Month,Bank Transfer,False,73.2,11,2,-85.0,1,0.9973,1
CUST-3309,Nexus Global,45,208.77,Two-Year,Bank Transfer,True,82.4,1,0,15.1,10,0.0012,0
CUST-3310,Aero Healthcare,5,662.16,Month-to-Month,Electronic Check,True,60.6,2,0,-7.4,4,0.8336,1
CUST-3311,Stratum Labs,40,290.96,Month-to-Month,Bank Transfer,False,66.2,0,0,-10.1,7,0.1678,0
CUST-3312,Hyperion Enterprises,21,711.76,Month-to-Month,Electronic Check,False,52.6,4,2,-11.7,5,0.8597,1
CUST-3313,Apex Global,51,295.03,Month-to-Month,Bank Transfer,False,55.0,6,0,12.4,10,0.0961,0
CUST-3314,IronClad Logistics,1,872.45,Month-to-Month,Credit Card,False,53.4,2,1,0.7,8,0.6777,1
CUST-3315,Quantum Technologies,32,210.52,Two-Year,Bank Transfer,False,38.9,1,1,-14.1,9,0.0281,0
CUST-3316,Krypton Analytics,17,276.14,One-Year,Credit Card,False,48.2,6,0,40.3,8,0.1226,0
CUST-3317,Acro Finance,1,80.23,Month-to-Month,Electronic Check,True,77.4,4,0,-22.9,7,0.7192,1
CUST-3318,Veritas Logistics,36,794.52,Two-Year,Bank Transfer,False,67.8,1,0,-33.2,9,0.0076,0
CUST-3319,Skyline Healthcare,4,695.85,Month-to-Month,Electronic Check,True,74.1,0,0,7.5,9,0.2054,0
CUST-3320,DataCore Group,16,572.98,Month-to-Month,Manual Invoice,False,89.2,5,0,-16.4,5,0.5323,1
CUST-3321,Aero Finance,26,298.94,One-Year,Credit Card,False,59.3,3,0,19.7,6,0.0904,0
CUST-3322,Crest Dynamics,10,114.32,One-Year,Credit Card,False,62.1,4,0,-20.2,10,0.1528,0
CUST-3323,Pulse Systems,31,73.1,Month-to-Month,Credit Card,False,58.3,12,0,-35.1,4,0.9591,1
CUST-3324,Crest Technologies,17,579.93,Month-to-Month,Electronic Check,True,43.8,2,0,-22.6,2,0.9281,1
CUST-3325,Apex Networks,9,289.9,One-Year,Credit Card,True,38.6,4,1,8.2,6,0.6044,1
CUST-3326,Hyperion Ventures,12,51.61,One-Year,Manual Invoice,False,75.5,2,0,2.6,8,0.1635,0
CUST-3327,Stratum Solutions,13,68.49,One-Year,Electronic Check,True,63.1,0,0,-1.9,10,0.0326,0
CUST-3328,Aero Systems,15,970.03,Month-to-Month,Bank Transfer,False,96.4,4,0,-10.7,4,0.7806,1
CUST-3329,DataCore Dynamics,7,761.19,Month-to-Month,Credit Card,True,76.5,4,1,-12.5,7,0.8213,1
CUST-3330,Lumina Enterprises,27,411.7,Month-to-Month,Credit Card,False,48.5,4,0,-42.9,5,0.8071,1
CUST-3331,Lumina Ventures,20,172.18,Month-to-Month,Electronic Check,False,77.8,2,1,23.1,6,0.5149,1
CUST-3332,Acro Enterprises,41,89.05,Two-Year,Credit Card,True,61.2,1,3,14.6,10,0.0041,0
CUST-3333,Vanguard Systems,14,106.56,Month-to-Month,Manual Invoice,False,83.5,1,0,3.0,6,0.2841,0
CUST-3334,Apex Dynamics,7,44.56,Month-to-Month,Electronic Check,False,47.4,5,1,-16.7,8,0.9273,1
CUST-3335,Vanguard Healthcare,32,830.95,One-Year,Credit Card,True,43.6,5,0,-34.9,2,0.7751,1
CUST-3336,Apex Ventures,10,118.26,Month-to-Month,Credit Card,False,42.1,7,0,27.2,5,0.8246,1
CUST-3337,Crest Networks,4,393.27,Month-to-Month,Credit Card,False,41.3,2,0,36.1,10,0.2423,0
CUST-3338,Cobalt Logistics,35,299.87,Two-Year,Credit Card,True,48.7,2,1,3.9,9,0.0404,0
CUST-3339,Acro Enterprises,38,310.41,Two-Year,Credit Card,False,54.9,0,0,25.5,10,0.002,0
CUST-3340,IronClad Networks,21,366.03,One-Year,Electronic Check,True,78.4,1,0,32.8,10,0.0105,0
CUST-3341,DataCore Enterprises,22,137.49,Month-to-Month,Manual Invoice,True,97.5,0,1,25.7,8,0.061,0
CUST-3342,Stratum Networks,27,245.47,One-Year,Bank Transfer,False,36.5,7,1,-42.4,7,0.7201,1
CUST-3343,DataCore Ventures,10,61.66,One-Year,Electronic Check,False,83.3,0,1,-7.8,9,0.127,0
CUST-3344,Skyline Analytics,9,78.62,Month-to-Month,Credit Card,False,48.1,4,1,-0.3,8,0.7425,1
CUST-3345,Vanguard Finance,13,122.79,Month-to-Month,Bank Transfer,True,65.9,7,0,-10.9,6,0.6256,1
CUST-3346,Apex Global,40,140.2,Two-Year,Manual Invoice,True,33.9,4,1,6.8,8,0.061,0
CUST-3347,Apex Networks,8,287.52,Month-to-Month,Manual Invoice,True,67.9,0,1,16.1,7,0.1564,0
CUST-3348,Vanguard Networks,25,339.89,One-Year,Bank Transfer,False,22.4,3,1,-2.8,5,0.2811,0
CUST-3349,IronClad Enterprises,14,86.08,Month-to-Month,Electronic Check,False,65.5,10,0,-85.0,1,0.996,1
CUST-3350,Crest Dynamics,12,59.06,Month-to-Month,Manual Invoice,False,63.7,0,3,19.3,10,0.2604,0
CUST-3351,Nexus Healthcare,15,368.6,Month-to-Month,Bank Transfer,True,63.3,5,1,6.0,5,0.5915,1
CUST-3352,Omni Networks,49,638.02,Two-Year,Electronic Check,False,55.0,2,0,50.7,8,0.0092,0
CUST-3353,Stratum Enterprises,3,123.39,Month-to-Month,Credit Card,False,66.9,3,0,-15.9,6,0.7042,1
CUST-3354,Quantum Enterprises,16,357.91,One-Year,Credit Card,False,67.6,0,0,-41.1,10,0.0347,0
CUST-3355,Apex Group,18,316.84,One-Year,Credit Card,True,56.2,0,1,-4.5,9,0.0472,0
CUST-3356,Quantum Technologies,38,389.74,One-Year,Electronic Check,False,79.8,5,1,-3.6,3,0.5694,1
CUST-3357,Skyline Systems,42,140.81,Two-Year,Electronic Check,False,65.7,2,0,-12.1,7,0.0397,0
CUST-3358,Crest Solutions,26,269.49,One-Year,Electronic Check,False,73.4,0,1,34.3,9,0.0179,0
CUST-3359,IronClad Enterprises,8,231.47,Month-to-Month,Credit Card,True,54.9,0,1,-16.5,7,0.5459,1
CUST-3360,Skyline Healthcare,32,168.14,Two-Year,Electronic Check,False,68.9,1,0,-0.5,8,0.0441,0
CUST-3361,Quantum SaaS,33,414.68,One-Year,Bank Transfer,True,76.4,9,1,-33.1,6,0.4388,0
CUST-3362,Krypton Ventures,23,670.86,Month-to-Month,Electronic Check,True,53.9,2,1,63.4,8,0.2267,0
CUST-3363,Nexus Technologies,14,113.38,Month-to-Month,Manual Invoice,False,34.5,0,2,-27.7,8,0.7484,1
CUST-3364,Krypton Analytics,22,616.57,Two-Year,Bank Transfer,False,67.1,2,0,13.6,8,0.0197,0
CUST-3365,Acro Technologies,10,372.3,Month-to-Month,Manual Invoice,False,81.8,0,0,-25.0,7,0.2466,0
CUST-3366,Stratum Analytics,36,237.99,One-Year,Bank Transfer,True,71.8,1,0,10.6,7,0.0309,0
CUST-3367,Skyline Technologies,13,55.21,Month-to-Month,Electronic Check,False,65.3,1,0,-21.9,6,0.6875,1
CUST-3368,Crest Analytics,9,79.79,Month-to-Month,Credit Card,False,56.9,1,0,29.5,8,0.1769,0
CUST-3369,Stratum Group,20,248.09,One-Year,Electronic Check,True,75.8,0,3,12.7,10,0.0911,0
CUST-3370,Veritas Systems,4,315.78,Month-to-Month,Manual Invoice,False,52.5,3,0,2.8,6,0.7592,1
CUST-3371,Synthetix Healthcare,4,83.72,Month-to-Month,Electronic Check,False,47.1,3,0,-38.8,6,0.9344,1
CUST-3372,Synthetix Technologies,43,317.66,One-Year,Credit Card,False,90.0,0,2,-6.3,6,0.0244,0
CUST-3373,Crest SaaS,1,77.72,Month-to-Month,Bank Transfer,True,44.7,2,2,-18.6,6,0.7765,1
CUST-3374,Aero Labs,36,630.28,One-Year,Manual Invoice,False,83.6,4,0,13.8,7,0.1201,0
CUST-3375,DataCore Enterprises,33,644.96,Two-Year,Bank Transfer,True,87.0,3,3,-41.6,2,0.7098,1
CUST-3376,IronClad Finance,19,136.12,One-Year,Credit Card,True,72.0,4,0,21.9,9,0.0313,0
CUST-3377,Quantum Group,45,790.53,Month-to-Month,Credit Card,True,43.5,4,0,17.2,6,0.2765,0
CUST-3378,Stratum Enterprises,10,392.92,Month-to-Month,Credit Card,True,58.5,3,0,-38.4,9,0.5972,1
CUST-3379,Skyline Cloud,31,71.99,One-Year,Electronic Check,False,60.3,7,1,-26.5,5,0.7277,1
CUST-3380,Lumina Enterprises,46,285.81,Two-Year,Bank Transfer,False,58.9,0,1,-1.3,4,0.0433,0
CUST-3381,Stratum Systems,49,131.13,Two-Year,Credit Card,False,72.6,2,0,24.1,9,0.0013,0
CUST-3382,Aero Analytics,38,341.72,Two-Year,Electronic Check,True,81.8,6,0,-30.2,4,0.1832,0
CUST-3383,Krypton Cloud,4,61.96,Month-to-Month,Manual Invoice,False,47.0,7,0,-10.8,6,0.9318,1
CUST-3384,Acro Technologies,1,145.46,Month-to-Month,Credit Card,False,51.9,4,1,15.5,10,0.2736,0
CUST-3385,IronClad Healthcare,18,84.22,Month-to-Month,Bank Transfer,False,55.6,2,0,5.3,9,0.0897,0
CUST-3386,DataCore Finance,6,116.16,Month-to-Month,Bank Transfer,False,80.1,1,1,-49.4,6,0.4748,0
CUST-3387,Nexus Dynamics,22,542.1,Month-to-Month,Bank Transfer,True,56.5,0,0,-7.4,5,0.3698,0
CUST-3388,Veritas Solutions,46,29.0,Two-Year,Electronic Check,False,44.1,3,1,13.6,9,0.0175,0
CUST-3389,Cobalt Healthcare,6,49.79,Month-to-Month,Electronic Check,True,25.3,2,3,3.5,9,0.6857,1
CUST-3390,Apex Cloud,24,164.94,Month-to-Month,Bank Transfer,False,69.5,7,0,-72.2,6,0.8752,1
CUST-3391,Cobalt Group,2,406.73,Month-to-Month,Bank Transfer,False,40.4,0,2,0.0,8,0.4968,0
CUST-3392,Aero Labs,38,292.87,Two-Year,Credit Card,False,79.8,4,1,11.7,8,0.0312,0
CUST-3393,Nexus Enterprises,15,583.56,One-Year,Credit Card,False,32.9,2,0,12.5,7,0.5077,1
CUST-3394,Omni SaaS,8,831.47,One-Year,Electronic Check,False,46.6,2,0,15.3,8,0.2531,0
CUST-3395,Omni Logistics,31,89.73,Two-Year,Manual Invoice,True,37.7,1,0,53.6,6,0.0051,0
CUST-3396,Crest SaaS,21,317.26,Month-to-Month,Electronic Check,False,70.0,7,1,-22.1,5,0.9073,1
CUST-3397,Synthetix Finance,23,967.72,One-Year,Electronic Check,False,74.9,1,0,9.6,9,0.0799,0
CUST-3398,Skyline Analytics,26,77.75,Month-to-Month,Credit Card,True,69.6,2,1,-29.5,6,0.4867,0
CUST-3399,Krypton Cloud,1,63.0,Month-to-Month,Electronic Check,True,33.6,0,0,-10.9,9,0.5331,1
CUST-3400,Veritas Labs,35,105.69,Two-Year,Manual Invoice,True,50.6,0,2,-13.3,10,0.0127,0
CUST-3401,Crest Networks,23,105.06,One-Year,Electronic Check,True,66.6,3,1,12.2,10,0.0456,0
CUST-3402,Nexus Logistics,7,286.04,Month-to-Month,Electronic Check,False,23.3,2,1,-24.7,5,0.8595,1
CUST-3403,Veritas Cloud,21,410.65,Month-to-Month,Credit Card,True,56.5,1,0,32.9,10,0.0747,0
CUST-3404,Skyline Global,20,671.19,One-Year,Credit Card,False,91.3,1,1,-30.3,10,0.0428,0
CUST-3405,Crest Technologies,13,226.01,Month-to-Month,Electronic Check,False,55.3,1,2,8.0,7,0.6676,1
CUST-3406,Stratum Group,15,95.45,Month-to-Month,Credit Card,True,29.7,0,1,13.8,10,0.1293,0
CUST-3407,Synthetix Enterprises,20,68.13,Month-to-Month,Credit Card,False,48.9,3,0,2.4,6,0.51,1
CUST-3408,Acro Technologies,2,839.19,Month-to-Month,Bank Transfer,True,43.0,1,1,21.6,9,0.4731,0
CUST-3409,Nexus Networks,50,64.17,Two-Year,Electronic Check,False,98.0,0,0,-13.6,4,0.0122,0
CUST-3410,Hyperion Dynamics,13,74.99,Month-to-Month,Manual Invoice,True,92.2,6,1,-29.7,1,0.8985,1
CUST-3411,Aero Cloud,31,1090.35,Month-to-Month,Credit Card,True,78.9,9,0,-46.1,0,0.9805,1
CUST-3412,Apex Group,17,255.66,Month-to-Month,Electronic Check,True,53.2,0,1,0.2,10,0.1539,0
CUST-3413,Cobalt Enterprises,54,65.03,Two-Year,Electronic Check,True,95.2,1,0,-1.0,6,0.0031,0
CUST-3414,Synthetix Systems,4,960.72,Month-to-Month,Credit Card,False,33.5,4,0,14.4,5,0.9558,1
CUST-3415,Pulse Analytics,8,560.81,Month-to-Month,Electronic Check,True,78.9,6,0,-3.3,7,0.506,1
CUST-3416,Aero Ventures,10,67.68,Month-to-Month,Electronic Check,False,76.6,12,2,-23.8,1,0.9977,1
CUST-3417,Cobalt Solutions,29,853.78,One-Year,Electronic Check,True,60.7,3,0,-8.9,9,0.103,0
CUST-3418,IronClad Ventures,18,108.46,One-Year,Credit Card,False,83.2,6,0,-2.9,9,0.0846,0
CUST-3419,Aero SaaS,38,353.23,Two-Year,Credit Card,False,57.5,2,0,44.3,4,0.0348,0
CUST-3420,Cobalt Systems,44,615.5,Two-Year,Electronic Check,False,42.9,4,0,-40.6,6,0.2648,0
CUST-3421,Krypton Analytics,10,857.28,One-Year,Credit Card,True,77.6,5,0,-56.0,0,0.9549,1
CUST-3422,Acro Group,27,73.35,One-Year,Bank Transfer,False,61.4,3,1,6.9,4,0.1527,0
CUST-3423,Cobalt Networks,2,69.86,Month-to-Month,Electronic Check,True,67.6,1,1,-24.2,8,0.494,0
CUST-3424,Quantum Ventures,7,115.08,Month-to-Month,Bank Transfer,True,93.5,10,1,-64.5,0,0.9942,1
CUST-3425,IronClad Technologies,44,247.03,Two-Year,Credit Card,False,53.8,1,1,10.3,9,0.0108,0
CUST-3426,Vanguard Global,48,91.96,Month-to-Month,Manual Invoice,False,66.5,0,0,-20.1,8,0.0878,0
CUST-3427,Synthetix SaaS,12,88.89,Month-to-Month,Electronic Check,False,90.0,1,0,40.5,6,0.2548,0
CUST-3428,Nexus Networks,9,58.23,One-Year,Manual Invoice,False,71.1,1,0,5.9,9,0.064,0
CUST-3429,Synthetix Solutions,31,109.15,Month-to-Month,Credit Card,False,50.3,2,1,-11.1,8,0.2961,0
CUST-3430,Omni Group,22,99.01,One-Year,Credit Card,False,42.5,4,0,-27.5,6,0.4022,0
CUST-3431,Hyperion Technologies,47,392.47,One-Year,Credit Card,False,58.5,5,0,-4.6,5,0.2928,0
CUST-3432,Crest Ventures,27,91.94,Month-to-Month,Electronic Check,False,48.3,2,1,-45.8,7,0.7556,1
CUST-3433,Aero Logistics,57,65.68,Two-Year,Manual Invoice,False,76.8,1,3,-74.7,3,0.244,0
CUST-3434,Vanguard Group,5,947.47,Month-to-Month,Credit Card,True,58.1,3,1,-47.9,4,0.9607,1
CUST-3435,IronClad Analytics,2,193.28,Month-to-Month,Electronic Check,True,61.2,4,0,21.4,8,0.3265,0
CUST-3436,Skyline Labs,25,76.09,One-Year,Electronic Check,False,45.7,1,1,-26.1,9,0.1667,0
CUST-3437,Quantum Solutions,28,94.05,One-Year,Electronic Check,True,62.0,2,0,-36.9,5,0.2463,0
CUST-3438,Nexus Analytics,36,283.26,One-Year,Credit Card,True,24.7,0,1,-2.2,9,0.0519,0
CUST-3439,Solace Ventures,31,104.07,Month-to-Month,Credit Card,False,67.2,0,1,55.6,10,0.0206,0
CUST-3440,Crest Logistics,2,188.89,One-Year,Credit Card,False,79.1,3,2,13.3,8,0.2248,0
CUST-3441,DataCore Cloud,14,126.3,Month-to-Month,Electronic Check,False,30.7,1,1,-23.0,6,0.8318,1
CUST-3442,Krypton Logistics,44,98.13,Two-Year,Credit Card,True,77.9,2,0,-21.5,6,0.0323,0
CUST-3443,Veritas Healthcare,23,361.58,Month-to-Month,Credit Card,True,49.7,4,1,-31.9,6,0.5627,1
CUST-3444,Hyperion Analytics,30,332.45,One-Year,Electronic Check,True,80.1,1,0,-20.8,10,0.0338,0
CUST-3445,Veritas Systems,18,747.91,Month-to-Month,Electronic Check,False,63.6,2,1,7.6,5,0.7373,1
CUST-3446,Lumina Systems,3,52.9,Month-to-Month,Electronic Check,False,64.0,2,0,-9.4,4,0.8016,1
CUST-3447,Acro Healthcare,24,246.19,Month-to-Month,Manual Invoice,False,63.5,7,0,-43.8,10,0.5867,1
CUST-3448,Nexus Technologies,23,124.74,Two-Year,Bank Transfer,True,88.5,1,2,-41.4,7,0.0635,0
CUST-3449,Stratum Networks,31,363.13,One-Year,Manual Invoice,False,71.2,2,1,51.5,10,0.0208,0
CUST-3450,Skyline Group,45,638.47,Two-Year,Electronic Check,False,54.4,0,0,23.5,10,0.0024,0
CUST-3451,Vanguard Logistics,6,29.0,Month-to-Month,Bank Transfer,True,58.8,0,1,-21.4,9,0.4616,0
CUST-3452,Stratum Networks,2,711.72,Month-to-Month,Credit Card,True,48.2,2,1,24.3,10,0.3763,0
CUST-3453,Hyperion Systems,10,262.74,Month-to-Month,Credit Card,False,61.2,1,0,-26.8,9,0.3892,0
CUST-3454,Lumina Ventures,16,705.04,Two-Year,Electronic Check,False,51.4,15,2,-53.4,3,0.9908,1
CUST-3455,Omni Labs,1,311.71,Month-to-Month,Bank Transfer,False,41.8,5,0,-16.2,6,0.848,1
CUST-3456,Stratum Group,49,106.91,Two-Year,Manual Invoice,False,73.7,0,3,-5.4,10,0.018,0
CUST-3457,IronClad Solutions,59,109.76,Two-Year,Electronic Check,False,73.8,2,0,-24.6,10,0.0064,0
CUST-3458,Krypton Healthcare,65,96.14,Two-Year,Electronic Check,False,95.8,12,0,-27.8,3,0.3511,0
CUST-3459,Veritas Analytics,30,39.98,One-Year,Credit Card,False,55.7,0,0,-38.7,8,0.0632,0
CUST-3460,IronClad Healthcare,23,259.53,One-Year,Manual Invoice,True,22.3,4,0,-16.4,5,0.7136,1
CUST-3461,Krypton Technologies,21,418.25,One-Year,Bank Transfer,False,54.0,0,0,38.4,9,0.0159,0
CUST-3462,Pulse Solutions,11,817.36,Month-to-Month,Electronic Check,False,25.8,0,1,25.6,10,0.584,1
CUST-3463,Apex Solutions,7,94.2,One-Year,Credit Card,False,65.4,2,2,-28.4,6,0.5379,1
CUST-3464,Synthetix Ventures,2,301.57,Month-to-Month,Credit Card,True,22.1,0,0,-33.1,7,0.7546,1
CUST-3465,Aero Global,38,824.77,Month-to-Month,Bank Transfer,True,46.6,0,0,-49.6,7,0.3485,0
CUST-3466,Nexus Global,7,321.04,Month-to-Month,Bank Transfer,True,49.9,1,2,7.4,10,0.3793,0
CUST-3467,Lumina Global,2,79.01,Month-to-Month,Credit Card,True,86.5,1,1,4.0,6,0.4366,0
CUST-3468,Cobalt Healthcare,7,277.73,Month-to-Month,Electronic Check,True,35.6,2,0,8.6,8,0.4612,0
CUST-3469,Crest Labs,13,117.04,Month-to-Month,Manual Invoice,False,59.1,1,1,39.3,8,0.2969,0
CUST-3470,Veritas Systems,45,86.19,One-Year,Credit Card,False,80.1,5,0,-6.2,8,0.0294,0
CUST-3471,Crest Finance,1,43.84,Month-to-Month,Manual Invoice,False,85.0,1,0,7.7,10,0.0775,0
CUST-3472,Skyline Analytics,5,827.42,Month-to-Month,Credit Card,False,72.1,2,0,-35.9,10,0.4833,0
CUST-3473,Apex Dynamics,24,231.77,Month-to-Month,Bank Transfer,False,84.1,2,0,39.6,8,0.0623,0
CUST-3474,Crest Ventures,27,206.99,One-Year,Bank Transfer,True,80.4,14,1,-46.1,2,0.9209,1
CUST-3475,Cobalt Global,38,599.85,One-Year,Electronic Check,True,42.2,2,1,-26.4,8,0.1963,0
CUST-3476,Acro Logistics,10,98.56,One-Year,Manual Invoice,True,65.2,0,1,5.2,10,0.0187,0
CUST-3477,IronClad Networks,21,355.53,One-Year,Electronic Check,False,78.3,4,0,43.0,3,0.2235,0
CUST-3478,Skyline Networks,6,308.98,Month-to-Month,Bank Transfer,True,37.7,3,0,49.4,7,0.393,0
CUST-3479,IronClad Global,22,100.8,One-Year,Manual Invoice,False,50.0,6,2,-47.3,6,0.7487,1
CUST-3480,Pulse Enterprises,11,308.38,Month-to-Month,Electronic Check,True,42.2,3,1,20.4,7,0.4945,0
CUST-3481,Stratum Finance,13,87.53,Month-to-Month,Credit Card,False,74.4,0,1,8.4,10,0.1348,0
CUST-3482,Nexus Global,32,875.45,One-Year,Credit Card,True,63.2,3,0,20.7,10,0.0187,0
CUST-3483,Nexus Labs,14,29.0,Month-to-Month,Bank Transfer,False,52.8,4,1,-5.1,6,0.8705,1
CUST-3484,Vanguard Systems,37,87.78,One-Year,Bank Transfer,True,40.5,2,1,9.4,9,0.0333,0
CUST-3485,Pulse Finance,18,217.3,One-Year,Credit Card,True,59.1,1,2,25.0,10,0.0634,0
CUST-3486,Crest Technologies,8,114.07,Month-to-Month,Bank Transfer,False,46.0,5,2,-63.7,6,0.94,1
CUST-3487,Aero SaaS,26,81.32,Month-to-Month,Electronic Check,False,67.7,1,1,6.0,6,0.4296,0
CUST-3488,Skyline Group,4,85.77,Month-to-Month,Electronic Check,False,33.3,4,0,-36.2,5,0.9276,1
CUST-3489,Nexus SaaS,14,47.37,Two-Year,Credit Card,False,62.8,2,1,-17.6,7,0.1186,0
CUST-3490,Omni Finance,28,341.01,One-Year,Credit Card,False,54.6,5,0,-10.0,4,0.3963,0
CUST-3491,Krypton Healthcare,28,317.64,Month-to-Month,Electronic Check,False,38.4,2,1,-31.2,9,0.7208,1
CUST-3492,Lumina Solutions,2,313.42,Month-to-Month,Credit Card,False,29.1,4,1,-26.5,5,0.968,1
CUST-3493,Acro Healthcare,24,231.22,One-Year,Credit Card,True,38.7,2,2,-46.0,6,0.5677,1
CUST-3494,Lumina Logistics,43,65.66,Two-Year,Bank Transfer,True,63.8,4,0,-21.8,8,0.0309,0
CUST-3495,Krypton Solutions,14,90.59,Month-to-Month,Electronic Check,False,61.6,3,0,8.8,6,0.5661,1
CUST-3496,Lumina Labs,5,238.33,Month-to-Month,Credit Card,False,61.9,5,0,11.6,6,0.8001,1
CUST-3497,Acro Systems,32,828.28,Two-Year,Credit Card,False,70.8,3,1,-28.2,7,0.2716,0
CUST-3498,Lumina Logistics,18,30.98,Month-to-Month,Manual Invoice,True,45.2,0,1,33.2,8,0.1403,0
CUST-3499,Nexus Technologies,13,72.81,Month-to-Month,Bank Transfer,True,80.1,4,0,7.4,10,0.1115,0
CUST-3500,Lumina Enterprises,34,387.81,Two-Year,Bank Transfer,False,56.4,4,0,28.8,6,0.0545,0
CUST-3501,Vanguard Finance,32,306.37,One-Year,Manual Invoice,True,73.6,3,0,-48.3,1,0.6735,1
CUST-3502,Cobalt Healthcare,26,290.01,Month-to-Month,Credit Card,False,59.5,5,0,-2.2,8,0.4503,0
CUST-3503,Omni Dynamics,8,134.63,Month-to-Month,Electronic Check,True,64.9,1,0,17.3,8,0.1691,0
CUST-3504,Stratum Cloud,13,139.84,Month-to-Month,Bank Transfer,True,54.6,4,3,-65.0,3,0.9832,1
CUST-3505,Nexus Group,29,64.62,Month-to-Month,Bank Transfer,False,71.6,2,2,49.4,10,0.0671,0
CUST-3506,Omni Dynamics,39,255.93,Two-Year,Credit Card,True,66.6,4,1,-27.9,7,0.0992,0
CUST-3507,Skyline Ventures,4,904.5,Month-to-Month,Bank Transfer,True,72.5,3,0,9.6,6,0.5828,1
CUST-3508,Skyline Networks,35,332.54,One-Year,Bank Transfer,False,49.1,4,1,11.2,9,0.0855,0
CUST-3509,Stratum Logistics,39,63.35,Two-Year,Manual Invoice,False,31.3,1,0,4.5,10,0.0133,0
CUST-3510,Veritas Group,3,929.63,Month-to-Month,Manual Invoice,False,36.4,7,0,18.6,10,0.8383,1
CUST-3511,Skyline Labs,33,677.4,Month-to-Month,Electronic Check,False,86.3,2,2,38.9,8,0.1112,0
CUST-3512,Apex Dynamics,4,352.7,Month-to-Month,Credit Card,True,53.1,0,1,-27.7,8,0.6797,1
CUST-3513,Krypton Finance,61,59.18,Two-Year,Electronic Check,True,75.1,1,0,4.9,8,0.0032,0
CUST-3514,Vanguard Enterprises,62,81.92,Two-Year,Electronic Check,False,52.5,1,0,24.9,8,0.003,0
CUST-3515,Veritas Global,6,661.77,Month-to-Month,Bank Transfer,True,58.1,7,0,-56.8,5,0.9561,1
CUST-3516,Pulse SaaS,37,343.36,One-Year,Electronic Check,True,45.6,3,2,12.6,8,0.2397,0
CUST-3517,Skyline Healthcare,14,655.9,One-Year,Credit Card,False,41.7,2,0,41.7,10,0.0663,0
CUST-3518,Omni SaaS,28,83.94,Two-Year,Credit Card,True,55.4,4,2,15.1,6,0.0787,0
CUST-3519,Pulse Networks,16,97.67,Month-to-Month,Bank Transfer,False,68.7,2,0,10.0,7,0.1355,0
CUST-3520,Synthetix Ventures,31,848.15,One-Year,Electronic Check,True,75.3,5,1,23.5,6,0.451,0
CUST-3521,IronClad Dynamics,36,333.22,Two-Year,Electronic Check,True,77.4,4,1,-3.1,5,0.0473,0
CUST-3522,Pulse Analytics,4,90.28,Month-to-Month,Credit Card,True,24.4,10,1,-63.0,2,0.9982,1
CUST-3523,IronClad Ventures,2,74.54,Month-to-Month,Electronic Check,False,55.5,1,1,-16.0,10,0.4577,0
CUST-3524,DataCore Dynamics,30,259.02,Month-to-Month,Manual Invoice,True,60.1,2,1,-12.4,10,0.2291,0
CUST-3525,Lumina Group,28,85.64,Month-to-Month,Bank Transfer,False,32.8,2,0,-2.6,10,0.1032,0
CUST-3526,Aero SaaS,8,294.98,Month-to-Month,Credit Card,False,57.7,1,1,-5.4,7,0.74,1
CUST-3527,Krypton Group,50,81.32,Two-Year,Bank Transfer,True,65.0,5,2,-28.5,6,0.0773,0
CUST-3528,IronClad Analytics,27,281.15,Month-to-Month,Electronic Check,False,73.3,2,0,4.5,3,0.5521,1
CUST-3529,Crest Group,6,47.07,Month-to-Month,Bank Transfer,False,58.4,0,0,42.6,9,0.0647,0
CUST-3530,Vanguard Labs,43,870.12,One-Year,Electronic Check,False,56.9,10,0,-19.6,3,0.8352,1
CUST-3531,Vanguard Networks,11,89.53,Month-to-Month,Bank Transfer,True,76.8,2,1,9.7,10,0.0885,0
CUST-3532,Veritas Healthcare,10,340.11,Month-to-Month,Credit Card,False,13.6,2,1,-60.8,6,0.9711,1
CUST-3533,Pulse Enterprises,33,85.0,One-Year,Electronic Check,False,63.6,4,2,-13.9,6,0.2505,0
CUST-3534,Quantum Enterprises,40,175.7,Two-Year,Electronic Check,True,31.7,4,0,20.2,7,0.0348,0
CUST-3535,DataCore Enterprises,23,685.48,One-Year,Credit Card,True,43.7,3,1,22.2,7,0.3069,0
CUST-3536,Cobalt Healthcare,23,714.01,One-Year,Bank Transfer,True,72.4,4,0,21.6,8,0.0474,0
CUST-3537,Cobalt SaaS,13,324.57,Month-to-Month,Electronic Check,True,33.4,0,0,12.6,7,0.3307,0
CUST-3538,Lumina Dynamics,30,155.78,Two-Year,Credit Card,True,35.5,4,0,3.3,8,0.0288,0
CUST-3539,Apex Group,7,757.41,Month-to-Month,Bank Transfer,False,98.0,2,1,-22.8,10,0.1988,0
CUST-3540,IronClad Healthcare,31,842.46,One-Year,Credit Card,True,37.1,1,5,-1.9,8,0.583,1
CUST-3541,Quantum Cloud,42,630.93,Month-to-Month,Bank Transfer,False,98.0,3,1,-25.7,6,0.2158,0
CUST-3542,Stratum Systems,53,86.87,Two-Year,Electronic Check,False,67.5,3,2,3.0,7,0.0586,0
CUST-3543,Hyperion Healthcare,14,637.13,One-Year,Credit Card,False,48.7,0,0,6.0,10,0.0399,0
CUST-3544,Krypton Global,22,66.76,One-Year,Manual Invoice,False,72.9,3,1,-8.6,7,0.1616,0
CUST-3545,Acro Healthcare,39,74.79,Month-to-Month,Credit Card,True,93.4,3,1,16.0,6,0.1031,0
CUST-3546,DataCore Technologies,19,67.23,Month-to-Month,Credit Card,False,37.8,2,2,3.0,9,0.4277,0
CUST-3547,Vanguard Solutions,42,102.09,One-Year,Bank Transfer,False,57.4,1,4,-10.9,6,0.2353,0
CUST-3548,Skyline Healthcare,49,235.9,One-Year,Electronic Check,True,86.6,4,1,-24.4,5,0.0603,0
CUST-3549,Solace Group,17,587.48,Month-to-Month,Bank Transfer,True,65.9,0,1,40.1,10,0.0459,0
CUST-3550,Acro Ventures,27,386.08,Two-Year,Manual Invoice,True,85.1,7,1,-12.7,3,0.3956,0
CUST-3551,Stratum Finance,55,337.64,Two-Year,Electronic Check,True,81.8,6,0,5.7,2,0.0641,0
CUST-3552,Synthetix Group,7,168.31,Month-to-Month,Bank Transfer,True,93.3,2,3,-14.0,8,0.4554,0
CUST-3553,Lumina Healthcare,46,234.11,Two-Year,Electronic Check,True,72.4,0,2,-22.3,3,0.1031,0
CUST-3554,Vanguard Solutions,5,91.06,Month-to-Month,Credit Card,True,60.9,3,1,-0.1,5,0.728,1
CUST-3555,Quantum Systems,4,808.28,Month-to-Month,Bank Transfer,False,62.6,3,1,-23.9,8,0.63,1
CUST-3556,Hyperion Solutions,1,190.57,Month-to-Month,Bank Transfer,True,52.5,2,1,4.9,8,0.4403,0
CUST-3557,Crest Ventures,37,349.51,One-Year,Bank Transfer,False,83.1,2,1,-85.0,5,0.2095,0
CUST-3558,Crest Group,38,329.51,One-Year,Manual Invoice,False,71.1,2,1,-16.0,5,0.14,0
CUST-3559,Krypton Enterprises,14,836.74,Month-to-Month,Credit Card,False,75.0,2,1,-6.4,6,0.6623,1
CUST-3560,Omni Cloud,25,118.92,One-Year,Credit Card,True,81.4,3,0,-27.9,7,0.0973,0
CUST-3561,Pulse Enterprises,37,96.31,One-Year,Credit Card,False,74.7,0,0,14.1,8,0.0071,0
CUST-3562,Pulse Group,22,306.91,One-Year,Electronic Check,True,71.6,4,1,-22.6,3,0.5805,1
CUST-3563,Apex Global,37,373.46,Month-to-Month,Credit Card,False,45.9,3,1,-9.1,5,0.7338,1
CUST-3564,Solace Systems,54,948.22,Two-Year,Bank Transfer,False,60.2,5,0,-23.8,5,0.0749,0
CUST-3565,Solace Enterprises,17,63.96,Month-to-Month,Credit Card,True,77.0,3,0,20.3,8,0.0524,0
CUST-3566,IronClad Healthcare,5,100.83,Month-to-Month,Bank Transfer,True,85.0,1,0,15.6,8,0.1116,0
CUST-3567,Lumina Systems,12,630.43,Month-to-Month,Bank Transfer,True,19.8,1,0,9.4,6,0.4449,0
CUST-3568,Apex SaaS,11,310.25,Month-to-Month,Electronic Check,True,46.9,6,1,-16.5,8,0.8109,1
CUST-3569,Solace Labs,47,308.6,Two-Year,Credit Card,True,69.6,3,0,59.3,7,0.0038,0
CUST-3570,Aero Global,6,50.41,Month-to-Month,Credit Card,False,39.2,8,0,-22.9,5,0.9626,1
CUST-3571,Lumina Healthcare,15,81.95,One-Year,Credit Card,True,43.0,2,0,-18.4,5,0.4183,0
CUST-3572,Synthetix Dynamics,1,295.92,Month-to-Month,Bank Transfer,False,64.8,3,1,-38.3,10,0.5928,1
CUST-3573,IronClad Labs,42,74.09,Month-to-Month,Credit Card,False,98.0,14,0,-14.4,5,0.8411,1
CUST-3574,Synthetix Labs,54,806.65,Two-Year,Bank Transfer,False,30.6,5,0,30.8,6,0.0235,0
CUST-3575,Nexus Global,29,328.35,One-Year,Bank Transfer,False,60.3,1,1,-24.2,7,0.1659,0
CUST-3576,Krypton Healthcare,16,84.24,Month-to-Month,Credit Card,False,69.1,2,0,-8.1,5,0.4322,0
CUST-3577,Veritas Group,7,293.48,Month-to-Month,Bank Transfer,False,72.7,6,1,-27.0,4,0.9817,1
CUST-3578,Quantum Logistics,11,363.01,Month-to-Month,Electronic Check,False,64.7,1,0,-1.1,9,0.2965,0
CUST-3579,Crest Logistics,16,96.83,Month-to-Month,Electronic Check,True,95.0,2,1,-50.2,8,0.4895,0
CUST-3580,IronClad Finance,31,90.02,One-Year,Electronic Check,False,64.9,1,0,22.2,6,0.0754,0
CUST-3581,Quantum Healthcare,28,61.05,One-Year,Credit Card,False,89.6,2,2,18.8,6,0.0806,0
CUST-3582,Synthetix Cloud,8,320.26,Month-to-Month,Electronic Check,False,44.5,2,1,-53.6,8,0.9037,1
CUST-3583,DataCore Systems,44,299.81,Two-Year,Manual Invoice,False,69.4,7,2,17.9,9,0.1426,0
CUST-3584,Hyperion Analytics,27,357.02,One-Year,Credit Card,True,38.8,1,0,42.4,8,0.0194,0
CUST-3585,Solace Technologies,1,282.81,Month-to-Month,Credit Card,False,73.3,3,1,-85.0,6,0.8652,1
CUST-3586,Pulse Technologies,34,171.02,Month-to-Month,Electronic Check,False,62.8,2,1,-60.3,3,0.8111,1
CUST-3587,Hyperion Finance,1,177.99,One-Year,Electronic Check,True,62.5,2,1,-9.3,7,0.4597,0
CUST-3588,Synthetix Group,14,324.14,One-Year,Electronic Check,False,52.9,6,0,19.9,4,0.5826,1
CUST-3589,Vanguard Finance,12,70.75,Month-to-Month,Credit Card,True,70.3,2,0,6.2,7,0.4681,0
CUST-3590,Hyperion Ventures,3,828.62,Month-to-Month,Credit Card,False,63.8,6,1,-17.5,9,0.898,1
CUST-3591,Veritas SaaS,9,286.85,Month-to-Month,Credit Card,False,37.8,3,0,10.3,7,0.5595,1
CUST-3592,Omni Networks,63,719.97,Two-Year,Credit Card,True,55.2,2,1,-26.2,6,0.0255,0
CUST-3593,Veritas Enterprises,20,274.22,One-Year,Bank Transfer,True,60.4,1,1,28.9,8,0.0259,0
CUST-3594,Pulse Finance,23,63.37,Month-to-Month,Electronic Check,True,75.1,2,0,-3.6,7,0.1033,0
CUST-3595,Acro Cloud,27,279.05,One-Year,Bank Transfer,False,98.0,1,1,-43.8,5,0.1689,0
CUST-3596,Krypton Networks,50,70.39,Two-Year,Credit Card,False,76.1,2,2,-30.9,7,0.0571,0
CUST-3597,Aero SaaS,46,257.66,Two-Year,Credit Card,True,89.0,3,0,5.2,7,0.0047,0
CUST-3598,Pulse Enterprises,21,260.58,Month-to-Month,Electronic Check,True,29.0,0,0,-2.2,7,0.2458,0
CUST-3599,Nexus Networks,12,709.2,Month-to-Month,Credit Card,False,98.0,1,0,-7.8,6,0.2649,0
CUST-3600,Synthetix Healthcare,17,335.33,Month-to-Month,Electronic Check,False,72.2,1,1,2.1,8,0.4752,0
CUST-3601,DataCore Ventures,37,272.21,Month-to-Month,Manual Invoice,True,65.1,0,0,14.0,7,0.0846,0
CUST-3602,Cobalt Group,42,110.59,Two-Year,Credit Card,True,64.3,0,2,-35.8,7,0.0398,0
CUST-3603,Crest Labs,18,1026.81,Month-to-Month,Manual Invoice,False,38.3,0,0,35.6,8,0.4328,0
CUST-3604,Krypton Enterprises,7,903.89,Month-to-Month,Credit Card,False,40.7,4,2,-20.3,2,0.9767,1
CUST-3605,Vanguard Finance,18,312.07,Month-to-Month,Electronic Check,False,98.0,1,0,12.5,10,0.0648,0
CUST-3606,IronClad Healthcare,1,93.17,Month-to-Month,Credit Card,False,35.5,9,2,-29.6,0,0.9988,1
CUST-3607,Krypton Technologies,11,331.92,One-Year,Electronic Check,False,38.1,1,2,-18.3,4,0.8527,1
CUST-3608,Vanguard Analytics,3,87.23,Month-to-Month,Manual Invoice,False,41.9,5,0,12.8,8,0.7479,1
CUST-3609,Cobalt Enterprises,1,339.07,Month-to-Month,Bank Transfer,False,31.3,1,1,-1.0,6,0.8294,1
CUST-3610,Skyline Networks,3,100.35,Month-to-Month,Bank Transfer,True,56.2,2,0,0.8,3,0.7852,1
CUST-3611,Cobalt Global,15,258.41,Month-to-Month,Credit Card,True,81.3,2,1,-68.2,8,0.662,1
CUST-3612,Omni Solutions,23,333.75,Month-to-Month,Credit Card,True,49.7,3,0,16.5,6,0.2511,0
CUST-3613,Vanguard Networks,8,87.29,One-Year,Manual Invoice,False,29.9,5,0,-14.3,8,0.4606,0
CUST-3614,Synthetix Finance,32,273.63,One-Year,Electronic Check,False,70.4,2,1,12.9,6,0.0655,0
CUST-3615,Veritas Cloud,27,664.28,One-Year,Bank Transfer,True,62.0,3,0,37.1,5,0.1061,0
CUST-3616,Aero Technologies,50,89.15,Two-Year,Credit Card,False,90.1,0,0,25.6,8,0.0026,0
CUST-3617,Quantum Healthcare,34,339.79,Two-Year,Manual Invoice,True,56.1,1,0,3.4,5,0.0194,0
CUST-3618,IronClad Healthcare,40,107.22,Two-Year,Bank Transfer,True,61.8,2,0,-8.2,8,0.0076,0
CUST-3619,Cobalt Systems,28,93.83,Month-to-Month,Manual Invoice,True,60.4,0,1,63.1,10,0.0086,0
CUST-3620,Vanguard Labs,24,99.99,Month-to-Month,Credit Card,False,64.0,2,0,11.1,10,0.0946,0
CUST-3621,Omni Solutions,1,356.3,Month-to-Month,Electronic Check,False,47.4,7,1,-15.8,4,0.9779,1
CUST-3622,Crest Labs,46,81.25,Two-Year,Credit Card,False,57.7,2,0,-5.6,10,0.0045,0
CUST-3623,Quantum Group,45,549.22,Two-Year,Bank Transfer,False,31.5,3,1,-31.4,4,0.2883,0
CUST-3624,Skyline Enterprises,18,358.07,Two-Year,Bank Transfer,True,49.1,11,0,-76.8,2,0.9735,1
CUST-3625,Apex Systems,11,71.76,Month-to-Month,Electronic Check,False,72.6,1,0,40.0,9,0.1487,0
CUST-3626,Cobalt Dynamics,48,238.58,Two-Year,Credit Card,True,86.4,3,0,-23.5,10,0.0045,0
CUST-3627,DataCore Healthcare,7,40.1,Month-to-Month,Electronic Check,True,47.7,3,0,-8.8,9,0.4716,0
CUST-3628,Skyline Logistics,1,314.28,Month-to-Month,Bank Transfer,True,81.3,4,0,-9.7,6,0.7335,1
CUST-3629,Cobalt Global,5,44.46,Month-to-Month,Electronic Check,False,55.9,2,0,34.8,9,0.3832,0
CUST-3630,Apex Logistics,11,66.24,Month-to-Month,Credit Card,True,31.5,2,0,-20.2,10,0.3352,0
CUST-3631,Hyperion Finance,23,315.29,One-Year,Electronic Check,True,28.9,3,1,-2.6,5,0.586,1
CUST-3632,Hyperion Labs,8,879.95,Month-to-Month,Electronic Check,False,81.8,3,0,8.8,3,0.7624,1
CUST-3633,Solace SaaS,5,68.71,Month-to-Month,Manual Invoice,True,49.0,1,0,-32.6,5,0.7096,1
CUST-3634,Quantum Networks,28,725.85,One-Year,Electronic Check,False,39.1,1,1,-40.0,6,0.6586,1
CUST-3635,Lumina Systems,41,63.19,Two-Year,Electronic Check,True,22.1,4,1,-29.9,8,0.2333,0
CUST-3636,DataCore Networks,40,651.29,One-Year,Electronic Check,True,59.1,4,2,-10.9,8,0.1877,0
CUST-3637,Veritas Enterprises,18,295.97,Month-to-Month,Credit Card,True,68.5,4,0,-4.1,6,0.583,1
CUST-3638,Cobalt Group,26,72.46,Two-Year,Credit Card,True,48.8,4,1,-15.0,7,0.1273,0
CUST-3639,Aero Enterprises,53,78.89,Two-Year,Electronic Check,True,49.8,5,0,6.3,5,0.0472,0
CUST-3640,Aero Cloud,12,48.38,Month-to-Month,Credit Card,False,47.6,3,2,-35.4,10,0.854,1
CUST-3641,Cobalt Solutions,23,113.32,One-Year,Electronic Check,False,86.8,1,1,-7.3,10,0.0354,0
CUST-3642,Solace Solutions,9,97.75,Month-to-Month,Bank Transfer,True,29.8,3,0,-6.8,7,0.4401,0
CUST-3643,Stratum Enterprises,15,327.57,Month-to-Month,Bank Transfer,True,46.7,7,0,-36.7,4,0.8988,1
CUST-3644,Stratum Networks,25,982.28,One-Year,Manual Invoice,False,86.7,10,0,32.5,7,0.4001,0
CUST-3645,Crest Networks,40,64.37,Two-Year,Manual Invoice,True,76.9,4,2,-71.0,4,0.2436,0
CUST-3646,Skyline Technologies,9,258.5,Month-to-Month,Electronic Check,True,61.3,14,2,-16.0,0,0.9991,1
CUST-3647,Acro Analytics,57,166.31,Two-Year,Credit Card,False,59.1,2,0,19.0,10,0.0019,0
CUST-3648,Nexus Finance,31,1315.28,Two-Year,Bank Transfer,False,64.9,0,3,10.2,10,0.0358,0
CUST-3649,Pulse Ventures,50,271.02,Two-Year,Electronic Check,False,59.2,8,1,-21.6,5,0.6169,1
CUST-3650,Aero Finance,64,342.32,Month-to-Month,Electronic Check,False,57.0,1,1,30.3,8,0.0357,0
CUST-3651,Lumina Group,53,205.71,Two-Year,Electronic Check,True,49.3,0,0,-6.2,8,0.0032,0
CUST-3652,Veritas Global,5,109.91,Month-to-Month,Credit Card,False,72.2,5,0,-0.2,1,0.9542,1
CUST-3653,Aero Analytics,29,131.44,One-Year,Credit Card,True,62.5,1,0,3.8,6,0.027,0
CUST-3654,Aero Healthcare,7,83.49,Month-to-Month,Electronic Check,False,63.4,1,0,-3.8,10,0.197,0
CUST-3655,Nexus Logistics,19,59.73,Month-to-Month,Electronic Check,False,63.7,11,0,-25.0,4,0.9803,1
CUST-3656,Cobalt Finance,30,271.67,One-Year,Bank Transfer,True,72.8,2,1,-29.7,3,0.3297,0
CUST-3657,Solace Cloud,2,29.33,Month-to-Month,Electronic Check,True,50.5,0,0,-11.6,6,0.3032,0
CUST-3658,DataCore Global,22,277.73,Month-to-Month,Manual Invoice,True,52.0,5,1,24.5,3,0.7328,1
CUST-3659,Synthetix Labs,11,105.52,Month-to-Month,Electronic Check,True,42.0,1,0,74.0,8,0.1474,0
CUST-3660,Krypton Group,35,743.56,One-Year,Credit Card,True,37.2,2,0,12.0,7,0.196,0
CUST-3661,Apex Solutions,15,698.85,Month-to-Month,Credit Card,False,37.1,6,1,2.8,9,0.7042,1
CUST-3662,Lumina Networks,28,98.19,Two-Year,Electronic Check,False,56.1,6,2,-16.7,7,0.5085,1
CUST-3663,Apex Analytics,4,100.1,Month-to-Month,Credit Card,True,24.1,3,1,2.4,6,0.768,1
CUST-3664,Cobalt Cloud,1,180.41,Month-to-Month,Credit Card,True,27.7,3,1,4.6,7,0.8461,1
CUST-3665,Solace Cloud,8,87.22,Month-to-Month,Bank Transfer,True,78.2,2,2,14.9,6,0.2847,0
CUST-3666,Cobalt Networks,12,145.9,Month-to-Month,Bank Transfer,True,63.1,1,0,40.4,10,0.0345,0
CUST-3667,DataCore Cloud,30,51.62,Month-to-Month,Electronic Check,True,55.0,0,0,-17.1,10,0.1088,0
CUST-3668,Pulse Systems,37,734.62,Month-to-Month,Electronic Check,False,98.0,2,0,69.7,7,0.0641,0
CUST-3669,Lumina Healthcare,63,1099.51,Two-Year,Electronic Check,True,40.9,1,1,0.5,4,0.0952,0
CUST-3670,DataCore Analytics,27,346.25,One-Year,Electronic Check,False,82.6,2,0,2.5,7,0.0659,0
CUST-3671,Omni Global,9,249.2,Month-to-Month,Credit Card,False,55.5,3,0,-14.3,6,0.6672,1
CUST-3672,Cobalt Logistics,20,787.1,Month-to-Month,Manual Invoice,False,76.7,1,2,-18.2,8,0.7136,1
CUST-3673,Omni Group,37,749.62,Two-Year,Credit Card,True,68.3,6,2,-7.6,2,0.5347,1
CUST-3674,IronClad Cloud,15,615.35,Month-to-Month,Bank Transfer,False,22.1,6,0,2.9,4,0.9143,1
CUST-3675,Omni Enterprises,1,83.14,Month-to-Month,Credit Card,False,57.2,4,1,2.1,6,0.8478,1
CUST-3676,Stratum Labs,13,78.0,One-Year,Bank Transfer,True,65.6,2,1,-17.4,5,0.2974,0
CUST-3677,Skyline Analytics,33,286.76,One-Year,Electronic Check,True,21.1,3,2,-81.5,6,0.7504,1
CUST-3678,Hyperion Systems,31,235.1,One-Year,Bank Transfer,False,98.0,2,1,-50.9,10,0.0532,0
CUST-3679,Lumina Finance,8,53.08,Month-to-Month,Bank Transfer,True,63.6,1,0,2.3,7,0.1175,0
CUST-3680,Pulse Finance,9,83.97,Month-to-Month,Electronic Check,False,71.1,4,1,-3.6,8,0.5778,1
CUST-3681,Veritas Analytics,30,1058.72,One-Year,Electronic Check,True,40.7,6,0,-23.5,4,0.6969,1
CUST-3682,Acro Solutions,5,764.8,Month-to-Month,Manual Invoice,True,70.3,6,2,-40.3,3,0.9813,1
CUST-3683,Solace Technologies,6,76.71,Month-to-Month,Bank Transfer,True,78.6,0,1,7.4,7,0.1489,0
CUST-3684,Lumina Healthcare,31,885.74,One-Year,Electronic Check,True,69.4,2,2,-13.7,9,0.148,0
CUST-3685,Crest Global,16,270.5,Month-to-Month,Credit Card,False,59.6,4,1,-23.9,5,0.717,1
CUST-3686,Skyline Global,29,1086.25,Two-Year,Credit Card,True,45.8,3,0,-44.4,5,0.3277,0
CUST-3687,Cobalt SaaS,46,84.9,Two-Year,Credit Card,False,64.5,1,0,-19.1,5,0.0193,0
CUST-3688,Aero Logistics,32,102.51,One-Year,Electronic Check,False,54.4,2,0,22.3,9,0.0979,0
CUST-3689,Solace Systems,17,66.13,Month-to-Month,Electronic Check,True,71.5,4,1,-36.1,6,0.73,1
CUST-3690,Apex Enterprises,60,310.19,Month-to-Month,Credit Card,False,56.0,1,0,18.6,10,0.0177,0
CUST-3691,DataCore SaaS,21,296.51,Month-to-Month,Bank Transfer,False,72.6,0,1,34.7,10,0.0605,0
CUST-3692,Synthetix Cloud,40,83.59,Month-to-Month,Bank Transfer,False,50.2,1,1,-22.8,8,0.3227,0
CUST-3693,Crest Healthcare,40,659.68,Two-Year,Electronic Check,False,61.8,1,1,-14.1,9,0.0228,0
CUST-3694,DataCore Finance,4,69.05,Month-to-Month,Bank Transfer,False,68.5,5,0,14.7,6,0.6358,1
CUST-3695,Hyperion Analytics,21,92.06,Month-to-Month,Electronic Check,True,47.2,0,1,30.8,9,0.1833,0
CUST-3696,Vanguard Solutions,1,317.74,Month-to-Month,Credit Card,False,68.3,2,0,-17.1,9,0.4803,0
CUST-3697,Pulse Cloud,22,272.37,One-Year,Manual Invoice,True,72.7,7,0,-56.5,2,0.8288,1
CUST-3698,Pulse Ventures,6,92.18,Month-to-Month,Credit Card,False,51.4,2,0,30.4,10,0.1493,0
CUST-3699,Pulse Enterprises,28,277.73,Month-to-Month,Electronic Check,True,86.6,4,1,2.6,8,0.2378,0
CUST-3700,Veritas Healthcare,27,285.91,Month-to-Month,Electronic Check,False,64.7,1,1,7.0,10,0.1616,0
CUST-3701,Pulse Group,68,267.97,Two-Year,Credit Card,False,97.4,4,1,10.9,5,0.0094,0
CUST-3702,Crest Logistics,1,281.08,Month-to-Month,Bank Transfer,False,91.2,0,2,-34.6,5,0.7926,1
CUST-3703,Lumina Analytics,24,152.45,Two-Year,Manual Invoice,False,57.4,0,1,9.8,9,0.0127,0
CUST-3704,Krypton Healthcare,59,298.7,Two-Year,Bank Transfer,False,85.6,2,0,-8.1,7,0.0074,0
CUST-3705,Quantum Solutions,8,866.15,Month-to-Month,Bank Transfer,False,44.6,0,0,20.1,8,0.4485,0
CUST-3706,Quantum Finance,20,95.95,One-Year,Bank Transfer,True,40.3,0,1,20.0,6,0.0875,0
CUST-3707,Aero Healthcare,41,78.43,Month-to-Month,Bank Transfer,False,63.4,0,0,29.4,9,0.0088,0
CUST-3708,Synthetix Finance,54,982.92,Two-Year,Electronic Check,False,43.9,1,0,17.0,9,0.0178,0
CUST-3709,Apex Finance,31,77.72,One-Year,Manual Invoice,False,45.5,0,1,6.3,6,0.0803,0
CUST-3710,Cobalt Ventures,16,343.3,Month-to-Month,Credit Card,False,71.6,5,0,-2.9,5,0.6617,1
CUST-3711,Veritas Healthcare,5,689.84,Month-to-Month,Manual Invoice,True,46.2,1,0,11.2,9,0.3471,0
CUST-3712,Hyperion Healthcare,6,61.0,Month-to-Month,Electronic Check,True,71.0,1,0,-13.6,9,0.3613,0
CUST-3713,Synthetix Systems,31,94.13,Two-Year,Bank Transfer,False,70.3,0,0,-4.3,7,0.0055,0
CUST-3714,Pulse Healthcare,26,551.16,Month-to-Month,Bank Transfer,False,98.0,2,0,9.1,6,0.1502,0
CUST-3715,Veritas Cloud,18,846.42,One-Year,Manual Invoice,False,70.9,4,0,9.3,7,0.4004,0
CUST-3716,Vanguard Ventures,11,208.35,Month-to-Month,Bank Transfer,False,80.6,2,1,-22.3,6,0.4311,0
CUST-3717,Omni Ventures,57,260.86,Two-Year,Credit Card,False,80.1,2,1,-32.9,3,0.0694,0
CUST-3718,Lumina Technologies,1,492.29,Month-to-Month,Credit Card,False,61.5,4,0,-48.9,4,0.9388,1
CUST-3719,Crest Dynamics,25,449.45,One-Year,Electronic Check,False,85.8,10,0,-56.5,1,0.968,1
CUST-3720,Crest Solutions,2,43.65,Month-to-Month,Electronic Check,True,69.0,12,1,-49.5,2,0.9942,1
CUST-3721,Apex Dynamics,11,85.25,One-Year,Electronic Check,False,62.5,1,1,-14.2,6,0.2152,0
CUST-3722,Krypton Dynamics,26,348.6,Month-to-Month,Electronic Check,False,66.9,1,1,-10.1,6,0.6161,1
CUST-3723,Omni SaaS,18,936.55,Month-to-Month,Credit Card,False,71.2,4,0,-37.1,5,0.8679,1
CUST-3724,Skyline Ventures,41,903.24,Month-to-Month,Manual Invoice,True,53.9,1,1,-48.3,8,0.2909,0
CUST-3725,Pulse Technologies,29,692.9,One-Year,Manual Invoice,True,49.4,1,0,5.2,8,0.0531,0
CUST-3726,IronClad Systems,12,993.2,Month-to-Month,Electronic Check,False,87.1,4,0,-3.8,10,0.2961,0
CUST-3727,IronClad Finance,27,334.8,One-Year,Electronic Check,True,98.0,6,1,-2.5,3,0.5307,1
CUST-3728,Acro Group,13,90.31,Month-to-Month,Electronic Check,True,40.3,4,0,13.4,9,0.4453,0
CUST-3729,Lumina Healthcare,44,294.43,Two-Year,Electronic Check,True,54.8,2,2,-1.2,7,0.0407,0
CUST-3730,Stratum Cloud,45,261.76,Two-Year,Electronic Check,False,91.4,1,0,4.9,5,0.0126,0
CUST-3731,DataCore Systems,1,225.42,Month-to-Month,Credit Card,False,66.0,2,1,15.9,7,0.4947,0
CUST-3732,Aero Group,19,115.93,Month-to-Month,Credit Card,False,74.2,3,0,31.6,5,0.2182,0
CUST-3733,Omni Dynamics,34,986.2,Month-to-Month,Credit Card,True,83.1,0,1,-16.9,8,0.2547,0
CUST-3734,Solace Ventures,23,226.95,Month-to-Month,Credit Card,False,57.1,3,1,10.3,7,0.5856,1
CUST-3735,Synthetix Labs,13,81.16,Month-to-Month,Electronic Check,False,65.5,0,2,-20.6,6,0.6737,1
CUST-3736,Acro Dynamics,28,271.39,One-Year,Bank Transfer,True,68.4,4,1,-6.5,4,0.2259,0
CUST-3737,Vanguard Healthcare,19,278.04,One-Year,Bank Transfer,True,43.5,1,0,28.7,10,0.0105,0
CUST-3738,Aero Healthcare,54,86.61,Two-Year,Electronic Check,False,77.5,3,2,-20.8,6,0.0652,0
CUST-3739,Acro Analytics,14,920.44,Month-to-Month,Electronic Check,False,84.0,3,4,-47.8,6,0.9741,1
CUST-3740,Pulse Group,12,66.32,One-Year,Electronic Check,False,51.9,3,2,-25.5,7,0.748,1
CUST-3741,Krypton Technologies,3,63.84,Month-to-Month,Electronic Check,True,59.0,3,1,-32.8,6,0.7957,1
CUST-3742,Lumina Solutions,4,115.92,Month-to-Month,Credit Card,False,60.3,2,0,-27.9,6,0.5451,1
CUST-3743,Synthetix Labs,14,252.24,Month-to-Month,Electronic Check,False,53.5,4,0,23.2,10,0.2352,0
CUST-3744,Krypton Dynamics,2,522.65,Month-to-Month,Credit Card,False,69.1,4,1,1.3,10,0.6159,1
CUST-3745,Veritas Finance,5,662.68,Month-to-Month,Electronic Check,False,42.9,4,1,-30.0,9,0.8996,1
CUST-3746,Quantum Ventures,21,690.59,One-Year,Bank Transfer,False,88.0,1,2,-32.6,7,0.2976,0
CUST-3747,Acro Cloud,55,123.87,Two-Year,Electronic Check,False,84.0,3,0,-26.9,6,0.0289,0
CUST-3748,Krypton Healthcare,10,108.12,Month-to-Month,Credit Card,True,39.3,1,2,-26.0,9,0.7564,1
CUST-3749,Synthetix Finance,40,348.85,Month-to-Month,Electronic Check,False,98.0,0,0,33.8,8,0.0126,0
CUST-3750,Synthetix Cloud,4,105.5,Month-to-Month,Electronic Check,True,59.6,0,0,2.2,10,0.0615,0
CUST-3751,Vanguard Ventures,41,920.32,One-Year,Bank Transfer,False,52.8,5,2,33.3,9,0.1821,0
CUST-3752,Vanguard Group,20,238.72,Month-to-Month,Credit Card,True,83.1,0,1,-1.0,8,0.0869,0
CUST-3753,Apex Healthcare,10,714.25,One-Year,Electronic Check,False,67.9,0,0,-9.4,8,0.1698,0
CUST-3754,Synthetix Cloud,35,60.25,Two-Year,Credit Card,True,30.1,8,0,4.2,6,0.2123,0
CUST-3755,Pulse Global,52,267.37,Two-Year,Credit Card,False,60.1,0,3,-51.8,6,0.138,0
CUST-3756,Synthetix Global,1,321.05,Month-to-Month,Credit Card,True,60.9,0,1,4.7,10,0.1828,0
CUST-3757,Vanguard Systems,31,88.36,Two-Year,Credit Card,True,21.1,4,0,-37.3,8,0.098,0
CUST-3758,Vanguard Healthcare,22,358.69,One-Year,Bank Transfer,False,63.3,3,1,-63.6,5,0.4923,0
CUST-3759,Solace Technologies,18,56.46,Month-to-Month,Electronic Check,False,63.6,6,1,-20.9,4,0.9457,1
CUST-3760,Hyperion Global,22,97.51,One-Year,Credit Card,True,37.9,4,0,13.9,7,0.1965,0
CUST-3761,DataCore Dynamics,45,53.79,Two-Year,Electronic Check,True,73.9,2,0,4.3,5,0.0172,0
CUST-3762,Stratum Finance,26,87.35,Month-to-Month,Bank Transfer,True,62.9,4,1,-9.7,3,0.6135,1
CUST-3763,DataCore Logistics,5,324.42,Month-to-Month,Manual Invoice,False,32.7,1,1,-68.0,5,0.967,1
CUST-3764,Quantum Group,8,79.64,Month-to-Month,Bank Transfer,False,75.8,1,1,-6.9,6,0.2857,0
CUST-3765,Krypton Finance,18,98.78,One-Year,Bank Transfer,False,77.2,0,0,1.4,10,0.0328,0
CUST-3766,Crest SaaS,9,61.01,Month-to-Month,Manual Invoice,True,51.9,5,1,0.5,5,0.8414,1
CUST-3767,Lumina Analytics,66,43.41,Two-Year,Credit Card,True,70.8,0,0,-21.5,8,0.0021,0
CUST-3768,DataCore Group,24,98.93,One-Year,Bank Transfer,False,76.7,0,1,20.7,8,0.0299,0
CUST-3769,Lumina Networks,19,128.6,One-Year,Manual Invoice,True,56.7,1,1,-15.7,10,0.0772,0
CUST-3770,Quantum Technologies,21,220.24,Month-to-Month,Electronic Check,False,22.7,2,0,-8.5,7,0.7123,1
CUST-3771,Nexus Finance,24,353.33,One-Year,Credit Card,True,71.9,3,0,9.2,5,0.0533,0
CUST-3772,Krypton Technologies,8,282.61,Month-to-Month,Bank Transfer,False,41.1,1,0,-27.7,8,0.5825,1
CUST-3773,Pulse SaaS,17,509.58,Month-to-Month,Manual Invoice,False,52.3,2,0,19.6,9,0.382,0
CUST-3774,Krypton Logistics,33,212.11,One-Year,Bank Transfer,True,94.1,3,0,-37.9,8,0.0273,0
CUST-3775,Veritas Cloud,41,280.95,Month-to-Month,Bank Transfer,False,64.6,6,2,-6.6,5,0.7861,1
CUST-3776,Pulse Enterprises,21,677.2,One-Year,Manual Invoice,False,61.3,4,4,-32.9,6,0.8909,1
CUST-3777,IronClad Enterprises,23,52.18,Month-to-Month,Credit Card,True,72.1,6,0,-16.8,2,0.8356,1
CUST-3778,Krypton Logistics,14,178.36,Month-to-Month,Electronic Check,True,69.3,1,0,-74.6,7,0.6831,1
CUST-3779,Hyperion Technologies,2,63.83,Month-to-Month,Electronic Check,False,37.2,1,1,-17.8,7,0.8575,1
CUST-3780,Omni Logistics,24,89.85,Two-Year,Credit Card,True,61.0,4,1,-17.3,6,0.1631,0
CUST-3781,Apex Networks,14,279.62,One-Year,Credit Card,False,59.9,2,0,37.7,8,0.1243,0
CUST-3782,Aero Finance,30,72.47,One-Year,Credit Card,True,69.4,4,1,-12.9,6,0.2445,0
CUST-3783,Lumina Global,10,90.05,Month-to-Month,Credit Card,True,63.8,1,1,-19.3,9,0.3775,0
CUST-3784,Acro Group,11,111.0,Month-to-Month,Manual Invoice,True,98.0,1,0,22.8,7,0.1232,0
CUST-3785,Aero Group,42,94.85,Two-Year,Electronic Check,True,44.1,5,1,-27.6,7,0.2057,0
CUST-3786,Veritas Global,5,81.97,Month-to-Month,Bank Transfer,False,76.1,2,2,14.8,5,0.3813,0
CUST-3787,Aero Group,4,335.68,Month-to-Month,Manual Invoice,True,79.9,1,0,8.5,4,0.4333,0
CUST-3788,Cobalt Solutions,36,222.41,One-Year,Credit Card,False,75.7,11,0,-50.5,5,0.7125,1
CUST-3789,Omni Logistics,30,266.5,Month-to-Month,Credit Card,False,51.0,4,0,16.4,5,0.5436,1
CUST-3790,Lumina Cloud,40,79.97,Two-Year,Bank Transfer,False,98.0,0,0,20.0,9,0.0009,0
CUST-3791,Skyline Analytics,13,527.35,One-Year,Bank Transfer,True,15.1,9,0,0.4,4,0.899,1
CUST-3792,IronClad Dynamics,3,254.81,Month-to-Month,Electronic Check,False,42.2,4,0,-11.6,7,0.8306,1
CUST-3793,DataCore Systems,21,33.13,Month-to-Month,Electronic Check,True,84.7,2,0,14.0,8,0.2059,0
CUST-3794,Solace Finance,10,1094.19,Month-to-Month,Electronic Check,False,50.6,1,0,50.0,10,0.3806,0
CUST-3795,DataCore Global,28,223.76,Two-Year,Electronic Check,False,95.3,2,2,-6.7,4,0.0865,0
CUST-3796,Nexus Dynamics,12,375.17,One-Year,Electronic Check,True,28.4,3,1,-19.0,8,0.5556,1
CUST-3797,DataCore Dynamics,27,85.95,Month-to-Month,Electronic Check,False,40.9,0,0,43.6,9,0.0701,0
CUST-3798,IronClad Technologies,12,313.89,Month-to-Month,Credit Card,True,48.0,4,0,9.7,4,0.756,1
CUST-3799,Solace Labs,31,662.02,One-Year,Manual Invoice,False,72.6,3,1,-20.3,5,0.4134,0
CUST-3800,Cobalt SaaS,29,292.48,One-Year,Credit Card,True,59.3,4,0,36.4,4,0.0718,0
CUST-3801,Omni Dynamics,33,319.03,Month-to-Month,Manual Invoice,False,55.1,5,2,-50.1,1,0.965,1
CUST-3802,IronClad Ventures,6,319.87,Month-to-Month,Bank Transfer,False,85.2,3,0,9.2,6,0.3039,0
CUST-3803,Nexus Group,43,889.46,Month-to-Month,Bank Transfer,True,98.0,5,1,13.7,9,0.0646,0
CUST-3804,Veritas Dynamics,25,75.79,One-Year,Credit Card,False,54.2,1,0,28.8,9,0.0187,0
CUST-3805,Pulse Cloud,40,251.18,Two-Year,Electronic Check,False,32.8,5,2,-42.5,8,0.5111,1
CUST-3806,Solace Technologies,32,45.15,Month-to-Month,Bank Transfer,False,21.5,0,2,-36.0,7,0.6435,1
CUST-3807,Cobalt Cloud,16,311.39,One-Year,Manual Invoice,False,64.6,6,0,-7.3,9,0.1698,0
CUST-3808,Crest Global,6,344.94,Month-to-Month,Credit Card,False,69.9,0,0,22.6,10,0.0909,0
CUST-3809,Skyline Enterprises,14,125.4,Month-to-Month,Electronic Check,True,60.5,4,1,-38.9,4,0.7803,1
CUST-3810,Acro Enterprises,9,298.31,Month-to-Month,Bank Transfer,False,56.3,3,0,3.5,7,0.698,1
CUST-3811,Lumina Technologies,32,65.84,Two-Year,Electronic Check,False,48.5,8,1,-60.4,2,0.9018,1
CUST-3812,Pulse Logistics,19,42.57,Month-to-Month,Electronic Check,False,73.8,3,0,22.5,7,0.3812,0
CUST-3813,Synthetix Networks,29,111.04,One-Year,Bank Transfer,False,97.3,0,1,-14.3,10,0.0163,0
CUST-3814,Aero Networks,4,40.09,Month-to-Month,Credit Card,True,11.9,0,0,0.9,7,0.5396,1
CUST-3815,Hyperion Group,38,76.48,Month-to-Month,Credit Card,True,64.8,1,1,18.6,6,0.0448,0
CUST-3816,Skyline Networks,5,79.39,Month-to-Month,Manual Invoice,True,37.1,3,0,15.3,5,0.6091,1
CUST-3817,Pulse Dynamics,33,275.83,One-Year,Credit Card,True,35.1,4,1,-0.2,6,0.3104,0
CUST-3818,Lumina Labs,3,282.15,Month-to-Month,Credit Card,True,33.3,8,1,1.7,10,0.8345,1
CUST-3819,Skyline Enterprises,27,288.29,One-Year,Electronic Check,False,70.7,3,0,6.2,10,0.0759,0
CUST-3820,Lumina Solutions,2,29.0,Month-to-Month,Electronic Check,True,63.7,1,0,38.2,3,0.5124,1
CUST-3821,Skyline SaaS,3,752.64,Month-to-Month,Bank Transfer,False,85.1,8,1,-66.8,3,0.9953,1
CUST-3822,Pulse Labs,5,146.23,Month-to-Month,Credit Card,True,56.7,0,1,-1.5,7,0.2933,0
CUST-3823,Acro Ventures,5,103.31,Month-to-Month,Electronic Check,False,21.3,1,0,-0.6,10,0.5699,1
CUST-3824,Lumina Networks,13,650.08,Month-to-Month,Electronic Check,False,54.1,0,0,-0.5,6,0.4602,0
CUST-3825,Skyline Cloud,24,31.07,Month-to-Month,Credit Card,True,34.5,3,1,3.4,5,0.7289,1
CUST-3826,Synthetix Ventures,17,231.15,One-Year,Credit Card,False,36.0,0,0,10.3,7,0.0866,0
CUST-3827,Apex Networks,18,245.8,One-Year,Credit Card,False,72.0,3,0,16.6,6,0.0619,0
CUST-3828,Hyperion Labs,4,114.77,Month-to-Month,Credit Card,False,60.1,2,3,-45.6,7,0.8447,1
CUST-3829,DataCore Analytics,48,785.39,Month-to-Month,Electronic Check,True,81.2,3,0,53.3,8,0.0312,0
CUST-3830,Lumina Enterprises,1,93.61,Month-to-Month,Credit Card,False,48.2,2,0,-10.8,9,0.6735,1
CUST-3831,Quantum Systems,30,114.53,Month-to-Month,Manual Invoice,False,79.8,1,1,4.2,6,0.2845,0
CUST-3832,Krypton Analytics,4,732.69,Month-to-Month,Electronic Check,True,47.9,0,1,-5.2,10,0.501,1
CUST-3833,Lumina Dynamics,54,885.75,Two-Year,Credit Card,False,93.5,0,1,2.0,6,0.0107,0
CUST-3834,Quantum Logistics,42,321.03,Month-to-Month,Credit Card,True,74.5,2,1,-19.4,8,0.0957,0
CUST-3835,Veritas Labs,6,202.81,Month-to-Month,Bank Transfer,True,52.7,2,0,4.1,7,0.2621,0
CUST-3836,Vanguard Global,9,121.82,Month-to-Month,Electronic Check,False,61.9,2,2,3.5,9,0.5074,1
CUST-3837,Pulse Cloud,18,194.78,Month-to-Month,Manual Invoice,False,60.0,5,1,-75.0,0,0.9871,1
CUST-3838,Nexus Systems,8,107.93,One-Year,Credit Card,True,89.3,4,1,-20.2,4,0.3688,0
CUST-3839,Aero Healthcare,12,47.07,Month-to-Month,Bank Transfer,False,63.5,1,0,-7.2,10,0.0912,0
CUST-3840,Pulse Technologies,19,316.07,Month-to-Month,Electronic Check,True,60.7,6,1,40.0,7,0.5307,1
CUST-3841,Solace Cloud,34,131.55,One-Year,Bank Transfer,True,60.4,5,0,11.5,3,0.1352,0
CUST-3842,Omni SaaS,1,79.68,Month-to-Month,Bank Transfer,False,72.2,0,1,37.5,8,0.2258,0
CUST-3843,Quantum Networks,25,78.59,One-Year,Credit Card,True,76.7,0,0,19.0,10,0.0103,0
CUST-3844,Solace Enterprises,23,100.26,One-Year,Credit Card,True,56.4,3,1,-6.9,5,0.3268,0
CUST-3845,Stratum Finance,2,76.77,Month-to-Month,Credit Card,True,32.5,7,1,-11.9,7,0.9364,1
CUST-3846,Omni Cloud,14,130.46,One-Year,Electronic Check,False,41.2,0,1,28.1,10,0.0341,0
CUST-3847,Solace Finance,8,89.8,Month-to-Month,Bank Transfer,False,53.7,7,2,17.8,7,0.9314,1
CUST-3848,Veritas Group,32,260.79,One-Year,Electronic Check,False,91.6,3,1,-1.4,9,0.0508,0
CUST-3849,Apex Labs,4,652.75,Month-to-Month,Electronic Check,True,51.2,5,0,-25.6,4,0.9655,1
CUST-3850,Crest Dynamics,12,224.02,Month-to-Month,Credit Card,False,46.7,2,1,17.1,10,0.3918,0
CUST-3851,DataCore Healthcare,30,242.33,One-Year,Electronic Check,False,28.8,1,0,-19.3,9,0.0962,0
CUST-3852,Pulse Systems,34,76.23,Two-Year,Manual Invoice,True,95.5,6,1,-8.2,5,0.0602,0
CUST-3853,Skyline Labs,6,72.81,Two-Year,Bank Transfer,False,68.2,1,0,19.0,5,0.0632,0
CUST-3854,Hyperion Labs,33,68.55,One-Year,Credit Card,False,80.8,4,2,-19.7,1,0.4794,0
CUST-3855,Omni Technologies,43,405.93,Month-to-Month,Bank Transfer,True,87.1,0,1,-22.6,10,0.0293,0
CUST-3856,IronClad Labs,41,218.19,Month-to-Month,Bank Transfer,True,64.0,2,1,-17.4,4,0.1604,0
CUST-3857,Solace Dynamics,22,288.8,Month-to-Month,Electronic Check,True,63.3,3,0,-11.9,5,0.5975,1
CUST-3858,Solace Systems,13,99.81,Month-to-Month,Bank Transfer,True,88.7,1,1,-29.3,8,0.3298,0
CUST-3859,IronClad SaaS,9,100.75,Month-to-Month,Electronic Check,False,61.3,0,0,-4.7,5,0.5684,1
CUST-3860,Aero Analytics,49,276.48,Two-Year,Credit Card,False,81.5,6,0,-49.3,9,0.0238,0
CUST-3861,Solace Logistics,13,78.98,Month-to-Month,Credit Card,True,76.3,3,1,5.8,8,0.2322,0
CUST-3862,Quantum Logistics,13,307.09,Month-to-Month,Bank Transfer,False,71.8,0,0,13.3,10,0.0855,0
CUST-3863,Omni Logistics,4,295.99,Month-to-Month,Electronic Check,False,53.6,0,1,6.6,10,0.3838,0
CUST-3864,Omni Technologies,42,264.46,Two-Year,Electronic Check,True,66.9,4,0,-16.6,1,0.2784,0
CUST-3865,Apex Global,20,468.86,One-Year,Credit Card,False,76.6,4,0,-13.3,8,0.15,0
CUST-3866,Vanguard Systems,7,665.77,One-Year,Electronic Check,False,72.6,2,0,-21.7,7,0.2964,0
CUST-3867,DataCore Technologies,2,211.21,Month-to-Month,Bank Transfer,True,79.0,1,0,14.6,8,0.1346,0
CUST-3868,DataCore Networks,41,239.97,Two-Year,Credit Card,True,78.3,3,1,-42.9,6,0.07,0
CUST-3869,Nexus Analytics,31,85.83,Month-to-Month,Electronic Check,True,76.2,9,3,-34.9,6,0.96,1
CUST-3870,Synthetix Group,46,814.57,Two-Year,Electronic Check,True,59.9,1,3,-28.8,10,0.0459,0
CUST-3871,IronClad Systems,19,386.83,Month-to-Month,Credit Card,True,49.1,1,2,35.9,6,0.4011,0
CUST-3872,Veritas Analytics,3,71.56,Month-to-Month,Credit Card,False,71.5,1,1,10.2,8,0.3307,0
CUST-3873,IronClad Global,12,104.37,Month-to-Month,Electronic Check,False,47.1,0,0,5.0,10,0.4278,0
CUST-3874,Hyperion Networks,16,92.65,One-Year,Electronic Check,False,59.4,5,0,-37.7,5,0.6082,1
CUST-3875,Lumina Enterprises,28,357.76,Month-to-Month,Electronic Check,True,91.0,16,0,-77.1,0,0.9975,1
CUST-3876,Omni Ventures,37,314.57,Two-Year,Electronic Check,True,90.5,2,1,6.4,8,0.0084,0
CUST-3877,IronClad Logistics,8,59.79,Month-to-Month,Credit Card,False,63.4,4,0,38.0,10,0.2796,0
CUST-3878,Quantum Enterprises,8,41.92,Month-to-Month,Bank Transfer,False,51.5,2,0,9.2,9,0.3691,0
CUST-3879,Aero Solutions,3,806.03,Month-to-Month,Credit Card,True,53.4,2,1,-1.6,10,0.4508,0
CUST-3880,Vanguard Networks,7,248.29,Month-to-Month,Bank Transfer,True,74.5,0,2,-0.3,10,0.2389,0
CUST-3881,Pulse Logistics,29,573.54,Month-to-Month,Electronic Check,False,63.0,6,0,-10.4,5,0.8409,1
CUST-3882,Vanguard Cloud,7,53.31,Month-to-Month,Credit Card,True,45.9,2,1,-0.9,8,0.5612,1
CUST-3883,Aero Systems,23,289.66,One-Year,Credit Card,True,86.2,3,0,-21.1,10,0.0225,0
CUST-3884,DataCore Technologies,28,370.46,Month-to-Month,Credit Card,False,67.0,4,2,-41.3,3,0.936,1
CUST-3885,Pulse Logistics,40,74.78,Two-Year,Credit Card,True,55.5,2,1,-3.3,9,0.0322,0
CUST-3886,Cobalt Group,32,99.76,One-Year,Bank Transfer,True,74.2,7,1,16.3,7,0.1811,0
CUST-3887,Hyperion Systems,25,82.44,Two-Year,Credit Card,False,81.9,2,4,-1.6,7,0.1811,0
CUST-3888,Krypton Solutions,23,52.77,Month-to-Month,Electronic Check,False,41.7,4,1,-42.8,5,0.9495,1
CUST-3889,Hyperion Cloud,3,882.27,Month-to-Month,Credit Card,False,51.9,3,0,-10.4,6,0.9425,1
CUST-3890,Krypton Networks,2,57.63,Month-to-Month,Bank Transfer,False,50.7,0,1,18.2,10,0.2445,0
CUST-3891,Hyperion Dynamics,27,85.54,One-Year,Manual Invoice,True,72.1,3,1,28.9,10,0.0139,0
CUST-3892,Omni SaaS,46,259.51,Two-Year,Credit Card,True,81.4,0,1,44.8,10,0.0016,0
CUST-3893,Nexus Cloud,13,107.33,Month-to-Month,Credit Card,False,47.9,6,0,-18.3,3,0.9354,1
CUST-3894,Skyline Global,21,216.51,Month-to-Month,Credit Card,False,31.4,1,0,22.6,10,0.1863,0
CUST-3895,Cobalt Ventures,62,94.77,Two-Year,Bank Transfer,True,94.2,1,0,8.2,10,0.0004,0
CUST-3896,Solace Ventures,7,229.61,Month-to-Month,Manual Invoice,True,34.7,1,0,-1.0,7,0.4071,0
CUST-3897,Acro Systems,21,72.22,One-Year,Bank Transfer,True,66.7,2,0,0.6,6,0.0718,0
CUST-3898,Krypton Enterprises,34,61.89,One-Year,Credit Card,False,62.6,1,1,-1.1,6,0.1363,0
CUST-3899,Pulse Finance,33,405.53,Two-Year,Electronic Check,True,68.1,1,2,21.4,10,0.0181,0
CUST-3900,Stratum Logistics,8,849.1,Month-to-Month,Bank Transfer,False,90.4,2,0,-36.1,3,0.8388,1
CUST-3901,IronClad SaaS,56,611.88,Month-to-Month,Bank Transfer,True,98.0,1,1,8.7,10,0.0095,0
CUST-3902,DataCore Dynamics,32,212.52,One-Year,Bank Transfer,False,31.9,6,0,25.5,6,0.1208,0
CUST-3903,Solace Technologies,41,72.61,Two-Year,Electronic Check,False,87.0,3,1,26.8,8,0.012,0
CUST-3904,Pulse Solutions,38,323.01,Month-to-Month,Credit Card,False,63.3,9,1,-12.8,0,0.977,1
CUST-3905,IronClad Technologies,4,166.47,Month-to-Month,Electronic Check,False,77.2,5,1,-33.9,2,0.9332,1
CUST-3906,Nexus Dynamics,22,724.51,One-Year,Bank Transfer,False,80.7,1,0,21.4,7,0.037,0
CUST-3907,Crest Networks,60,129.27,Two-Year,Electronic Check,True,98.0,8,2,4.1,3,0.1224,0
CUST-3908,Crest Solutions,42,56.65,Two-Year,Credit Card,True,73.3,1,1,-15.9,9,0.0054,0
CUST-3909,IronClad Technologies,53,284.82,Two-Year,Electronic Check,False,53.1,2,1,2.9,8,0.0347,0
CUST-3910,Synthetix Labs,20,140.08,Month-to-Month,Electronic Check,False,79.6,11,1,-38.1,7,0.9679,1
CUST-3911,Krypton Healthcare,9,100.8,Month-to-Month,Credit Card,False,60.1,1,0,-13.3,8,0.5701,1
CUST-3912,Pulse Global,19,88.15,One-Year,Electronic Check,False,56.0,5,2,-27.9,4,0.8477,1
CUST-3913,IronClad Technologies,36,310.4,Two-Year,Credit Card,False,56.3,1,1,0.2,10,0.0268,0
CUST-3914,Lumina Networks,8,677.84,Month-to-Month,Manual Invoice,False,77.5,4,0,-30.0,5,0.7918,1
CUST-3915,Krypton Technologies,20,357.98,Month-to-Month,Manual Invoice,False,93.1,5,1,-42.1,4,0.8413,1
CUST-3916,Synthetix Technologies,42,75.02,One-Year,Electronic Check,False,43.7,3,1,-31.2,6,0.4304,0
CUST-3917,Omni Global,5,36.02,Month-to-Month,Bank Transfer,False,68.9,4,2,-8.8,10,0.4451,0
CUST-3918,Krypton Networks,10,75.22,Month-to-Month,Electronic Check,False,50.6,16,2,-85.0,1,0.9999,1
CUST-3919,Vanguard Global,1,222.0,Month-to-Month,Manual Invoice,False,26.0,3,0,-59.4,7,0.9547,1
CUST-3920,Veritas Finance,34,263.13,One-Year,Bank Transfer,False,68.2,1,1,31.3,10,0.0104,0
CUST-3921,Pulse Group,24,78.52,One-Year,Electronic Check,False,45.5,1,1,-28.3,9,0.1399,0
CUST-3922,IronClad Networks,3,351.85,Month-to-Month,Credit Card,False,24.3,10,0,-29.9,1,0.9966,1
CUST-3923,Krypton Technologies,25,321.72,One-Year,Electronic Check,True,46.9,1,1,20.1,9,0.0534,0
CUST-3924,Vanguard Ventures,37,91.58,One-Year,Bank Transfer,False,45.5,8,0,-55.0,7,0.5927,1
CUST-3925,Synthetix Solutions,41,84.93,One-Year,Credit Card,True,54.4,9,0,-58.0,0,0.8852,1
CUST-3926,Lumina Logistics,19,559.41,One-Year,Credit Card,True,34.2,1,1,-18.8,7,0.1266,0
CUST-3927,Apex Systems,21,30.47,Month-to-Month,Credit Card,True,53.4,3,0,20.0,5,0.4448,0
CUST-3928,IronClad Solutions,17,286.79,Month-to-Month,Manual Invoice,True,45.8,2,1,-6.5,7,0.5994,1
CUST-3929,DataCore Networks,6,327.68,Month-to-Month,Manual Invoice,False,64.3,6,1,-18.2,8,0.7605,1
CUST-3930,Synthetix Enterprises,12,273.5,Month-to-Month,Credit Card,False,70.5,9,0,-29.4,6,0.8736,1
CUST-3931,Aero SaaS,3,247.91,Month-to-Month,Bank Transfer,False,61.1,2,1,8.1,7,0.6716,1
CUST-3932,Quantum Technologies,53,307.87,Two-Year,Bank Transfer,True,66.2,4,0,28.8,9,0.0027,0
CUST-3933,Veritas Global,36,735.0,One-Year,Bank Transfer,True,60.6,1,0,76.6,7,0.0097,0
CUST-3934,Krypton Logistics,24,1053.43,One-Year,Electronic Check,True,45.5,2,0,-4.7,4,0.3956,0
CUST-3935,Solace Logistics,8,353.96,Month-to-Month,Electronic Check,False,41.1,3,1,29.1,10,0.5672,1
CUST-3936,IronClad Labs,26,108.99,Month-to-Month,Electronic Check,False,76.9,0,0,30.0,3,0.1961,0
CUST-3937,Cobalt Finance,13,103.94,Month-to-Month,Credit Card,False,23.7,3,0,2.7,6,0.7749,1
CUST-3938,Solace Labs,3,202.59,Month-to-Month,Electronic Check,True,54.3,1,0,-53.2,8,0.7212,1
CUST-3939,Lumina Labs,13,319.78,Month-to-Month,Credit Card,False,52.4,1,0,-7.4,8,0.197,0
CUST-3940,Skyline Analytics,1,94.41,One-Year,Credit Card,True,67.3,3,1,-17.5,1,0.7839,1
CUST-3941,Quantum Labs,45,100.16,Two-Year,Credit Card,False,40.0,2,0,8.0,9,0.0092,0
CUST-3942,Omni Ventures,2,309.56,Month-to-Month,Credit Card,True,55.8,1,0,-2.9,6,0.6361,1
CUST-3943,Pulse Cloud,8,96.32,Month-to-Month,Electronic Check,True,64.3,7,0,-30.1,5,0.9218,1
CUST-3944,Lumina Logistics,8,442.05,One-Year,Bank Transfer,True,19.3,1,2,42.8,8,0.1555,0
CUST-3945,Cobalt SaaS,37,275.43,Month-to-Month,Manual Invoice,True,44.6,3,0,28.7,6,0.3301,0
CUST-3946,Nexus Labs,35,336.18,Two-Year,Credit Card,False,63.7,1,0,-48.6,3,0.0923,0
CUST-3947,Quantum Group,39,73.23,One-Year,Bank Transfer,False,77.0,10,0,-32.0,3,0.8053,1
CUST-3948,Synthetix Systems,36,104.77,Two-Year,Electronic Check,False,69.4,1,1,12.8,10,0.023,0
CUST-3949,Veritas Solutions,11,108.48,Month-to-Month,Bank Transfer,False,69.5,1,1,30.3,8,0.1373,0
CUST-3950,Omni Finance,15,94.11,One-Year,Electronic Check,False,37.9,4,0,-17.5,5,0.7384,1
CUST-3951,IronClad Global,40,380.15,Month-to-Month,Credit Card,False,35.2,9,1,-32.4,2,0.9847,1
CUST-3952,Quantum Cloud,34,226.94,One-Year,Electronic Check,False,66.9,4,0,-4.6,4,0.1281,0
CUST-3953,Omni Ventures,11,72.82,Month-to-Month,Credit Card,True,33.7,1,0,18.5,6,0.3784,0
CUST-3954,Omni Global,25,90.31,Month-to-Month,Electronic Check,True,45.2,6,1,-56.4,5,0.9045,1
CUST-3955,Quantum Group,7,107.02,Month-to-Month,Credit Card,False,75.7,2,2,-61.4,10,0.5396,1
CUST-3956,Krypton SaaS,28,782.3,One-Year,Electronic Check,False,67.2,2,0,30.4,10,0.0301,0
CUST-3957,Vanguard Networks,35,357.15,Two-Year,Bank Transfer,False,54.1,6,1,-42.8,6,0.305,0
CUST-3958,Pulse Cloud,25,630.9,One-Year,Credit Card,False,48.5,1,0,55.1,10,0.0297,0
CUST-3959,IronClad Enterprises,23,544.7,One-Year,Electronic Check,True,74.3,2,0,-22.6,8,0.0818,0
CUST-3960,Stratum Logistics,3,298.49,Month-to-Month,Electronic Check,True,60.1,1,0,-2.6,10,0.2298,0
CUST-3961,Krypton SaaS,27,275.37,One-Year,Bank Transfer,False,38.8,2,2,-1.8,8,0.3144,0
CUST-3962,Pulse Logistics,9,98.57,Month-to-Month,Credit Card,False,18.7,3,2,-67.3,6,0.976,1
CUST-3963,Solace Labs,44,278.36,Two-Year,Credit Card,True,98.0,4,0,64.6,6,0.0025,0
CUST-3964,Acro Systems,44,76.5,Two-Year,Credit Card,False,43.8,0,1,-9.9,7,0.0423,0
CUST-3965,Omni Labs,10,736.51,Month-to-Month,Electronic Check,True,68.6,1,0,-19.0,6,0.6617,1
CUST-3966,Crest Networks,60,85.72,Two-Year,Electronic Check,False,98.0,2,0,-30.2,5,0.0183,0
CUST-3967,Aero SaaS,38,261.7,Month-to-Month,Credit Card,False,69.4,3,0,5.0,6,0.3252,0
CUST-3968,Hyperion Solutions,31,79.92,Month-to-Month,Electronic Check,True,52.3,4,1,-4.7,9,0.2357,0
CUST-3969,Acro Ventures,19,677.35,One-Year,Electronic Check,True,32.2,0,1,-28.3,7,0.3391,0
CUST-3970,Apex Enterprises,12,106.42,Month-to-Month,Electronic Check,True,29.8,2,1,-40.3,6,0.9481,1
CUST-3971,Krypton Logistics,35,291.64,One-Year,Electronic Check,False,73.0,13,1,-12.6,7,0.4688,0
CUST-3972,Hyperion Global,4,415.41,Month-to-Month,Electronic Check,False,85.2,1,0,-14.4,9,0.2822,0
CUST-3973,Synthetix Cloud,9,89.02,Month-to-Month,Manual Invoice,True,49.8,2,0,-44.0,6,0.5931,1
CUST-3974,Veritas Ventures,38,246.95,One-Year,Credit Card,False,55.3,14,1,-45.7,3,0.9702,1
CUST-3975,Quantum Group,25,1230.72,One-Year,Bank Transfer,True,76.4,2,1,-16.0,6,0.2486,0
CUST-3976,Synthetix Healthcare,41,95.34,Two-Year,Electronic Check,True,53.6,4,1,36.8,7,0.0448,0
CUST-3977,Crest SaaS,34,928.22,One-Year,Electronic Check,True,70.7,5,0,-23.1,5,0.3655,0
CUST-3978,IronClad Cloud,30,315.53,One-Year,Bank Transfer,True,64.8,2,0,-8.7,8,0.0239,0
CUST-3979,Stratum Solutions,1,862.14,Month-to-Month,Credit Card,False,47.1,0,0,10.5,9,0.2656,0
CUST-3980,Crest Analytics,8,98.39,Month-to-Month,Electronic Check,True,57.1,4,1,-26.3,4,0.9177,1
CUST-3981,Synthetix Healthcare,60,213.87,Month-to-Month,Credit Card,True,98.0,6,1,-7.0,6,0.3148,0
CUST-3982,Vanguard Systems,14,816.16,One-Year,Credit Card,False,71.3,0,3,-35.4,8,0.3716,0
CUST-3983,Cobalt Enterprises,24,51.88,One-Year,Bank Transfer,False,84.1,9,1,-33.0,3,0.7672,1
CUST-3984,Lumina Healthcare,6,269.54,Month-to-Month,Electronic Check,True,38.4,1,0,12.2,8,0.4325,0
CUST-3985,Quantum Finance,17,66.86,One-Year,Credit Card,False,82.0,2,1,22.4,6,0.0813,0
CUST-3986,Quantum Technologies,24,93.94,One-Year,Bank Transfer,False,75.0,0,2,-19.7,5,0.294,0
CUST-3987,Stratum Labs,14,300.05,Month-to-Month,Manual Invoice,True,29.2,7,0,-31.0,2,0.9867,1
CUST-3988,Hyperion Healthcare,6,308.87,Month-to-Month,Bank Transfer,False,67.6,7,1,17.5,7,0.8054,1
CUST-3989,Synthetix Labs,42,297.24,Two-Year,Electronic Check,False,57.3,1,0,-11.8,8,0.0376,0
CUST-3990,Nexus Analytics,24,69.83,One-Year,Bank Transfer,False,31.3,3,1,-10.4,10,0.1028,0
CUST-3991,Omni Logistics,44,78.47,Two-Year,Bank Transfer,False,70.8,3,1,33.8,8,0.0043,0
CUST-3992,Cobalt Group,3,108.01,Month-to-Month,Bank Transfer,False,66.7,0,2,-3.3,8,0.3479,0
CUST-3993,Crest Labs,31,344.07,Two-Year,Bank Transfer,False,67.3,5,0,-16.2,6,0.1131,0
CUST-3994,Stratum Ventures,28,543.58,Month-to-Month,Manual Invoice,True,61.2,3,0,-8.3,5,0.4505,0
CUST-3995,Solace Logistics,1,188.14,Month-to-Month,Electronic Check,True,48.7,1,0,-16.5,9,0.5342,1
CUST-3996,Veritas Technologies,52,66.83,Two-Year,Electronic Check,False,98.0,0,0,16.3,9,0.0015,0
CUST-3997,Aero Technologies,4,938.14,Month-to-Month,Bank Transfer,True,32.5,5,1,-38.1,3,0.9696,1
CUST-3998,Stratum Dynamics,17,352.89,One-Year,Electronic Check,False,77.6,6,2,-3.5,6,0.76,1
CUST-3999,Crest Labs,14,224.52,Month-to-Month,Electronic Check,True,59.5,6,0,-12.6,7,0.6855,1
CUST-4000,IronClad Solutions,31,92.68,One-Year,Credit Card,False,47.2,1,1,2.9,5,0.2403,0
CUST-4001,IronClad Analytics,32,390.07,Two-Year,Bank Transfer,False,63.6,0,1,43.2,10,0.0024,0
CUST-4002,Apex Group,25,95.38,Month-to-Month,Electronic Check,False,34.6,7,1,-57.2,3,0.9825,1
CUST-4003,Omni Finance,37,120.54,One-Year,Credit Card,True,54.2,2,0,-0.4,1,0.1732,0
CUST-4004,Crest Global,13,109.97,Month-to-Month,Electronic Check,True,58.0,1,0,18.0,10,0.0643,0
CUST-4005,Crest Dynamics,36,62.25,One-Year,Electronic Check,False,34.8,5,1,-30.4,8,0.3026,0
CUST-4006,Veritas Systems,13,80.25,Month-to-Month,Electronic Check,False,69.0,3,3,4.8,5,0.8849,1
CUST-4007,Stratum Dynamics,3,85.87,Month-to-Month,Electronic Check,False,36.6,9,0,-35.6,0,0.9961,1
CUST-4008,Veritas Labs,8,87.6,Month-to-Month,Bank Transfer,True,28.4,1,1,4.3,10,0.3039,0
CUST-4009,DataCore Healthcare,6,334.98,Month-to-Month,Bank Transfer,True,35.2,7,1,-24.1,3,0.9764,1
CUST-4010,Apex Systems,18,95.22,Two-Year,Bank Transfer,False,98.0,3,0,0.0,10,0.0125,0
CUST-4011,Vanguard Enterprises,8,103.83,Month-to-Month,Electronic Check,False,17.8,7,0,-14.2,1,0.9879,1
CUST-4012,Cobalt Solutions,21,52.18,Month-to-Month,Credit Card,True,70.0,0,1,-0.8,10,0.1163,0
CUST-4013,Krypton Logistics,10,356.27,Month-to-Month,Electronic Check,False,43.0,3,0,-15.8,9,0.572,1
CUST-4014,Lumina Healthcare,40,781.57,Month-to-Month,Electronic Check,True,60.0,2,1,-22.6,8,0.1504,0
CUST-4015,Apex Ventures,19,91.01,One-Year,Credit Card,False,72.8,1,0,9.9,4,0.1413,0
CUST-4016,Crest SaaS,24,296.99,Two-Year,Bank Transfer,False,73.3,2,1,-4.7,7,0.0318,0
CUST-4017,Cobalt Healthcare,22,61.03,Month-to-Month,Electronic Check,True,48.0,9,1,-44.3,5,0.9838,1
CUST-4018,Lumina Labs,68,871.35,Two-Year,Electronic Check,False,48.2,6,0,-4.4,2,0.2962,0
CUST-4019,Aero Labs,45,322.98,One-Year,Manual Invoice,True,80.9,0,0,-6.6,7,0.0122,0
CUST-4020,Omni Networks,1,53.62,Month-to-Month,Credit Card,True,66.3,6,1,20.9,7,0.6773,1
CUST-4021,Solace Enterprises,10,48.35,One-Year,Manual Invoice,False,52.3,4,0,55.2,6,0.1164,0
CUST-4022,IronClad Finance,72,85.0,Month-to-Month,Manual Invoice,True,85.4,7,0,18.7,9,0.0474,0
CUST-4023,Omni Systems,19,129.79,One-Year,Credit Card,False,51.8,2,1,27.3,10,0.041,0
CUST-4024,Solace Ventures,52,381.98,Two-Year,Electronic Check,True,54.1,4,0,13.4,7,0.0276,0
CUST-4025,Krypton Analytics,16,313.8,Month-to-Month,Bank Transfer,False,59.9,2,1,-11.2,8,0.3411,0
CUST-4026,Acro Networks,39,66.75,Two-Year,Electronic Check,True,77.1,0,0,-42.5,6,0.027,0
CUST-4027,Apex Systems,31,107.17,One-Year,Electronic Check,False,70.5,1,2,-33.6,8,0.1203,0
CUST-4028,IronClad Finance,26,73.69,Month-to-Month,Bank Transfer,False,73.0,4,1,-28.9,5,0.6798,1
CUST-4029,Pulse Logistics,5,65.81,One-Year,Credit Card,False,41.3,2,2,19.2,8,0.3169,0
CUST-4030,IronClad Logistics,31,364.09,Month-to-Month,Electronic Check,False,95.9,0,1,6.4,7,0.1744,0
CUST-4031,Veritas Finance,38,87.56,Two-Year,Credit Card,True,59.6,2,0,-17.5,10,0.011,0
CUST-4032,Pulse Ventures,16,242.21,One-Year,Bank Transfer,True,57.4,0,3,-56.1,9,0.2662,0
CUST-4033,Solace Group,6,87.41,Month-to-Month,Electronic Check,False,30.4,7,0,42.0,5,0.9536,1
CUST-4034,Cobalt Technologies,1,29.0,Month-to-Month,Electronic Check,False,51.4,6,0,0.3,8,0.8066,1
CUST-4035,Lumina Cloud,36,290.19,One-Year,Electronic Check,True,76.4,0,1,22.7,7,0.0244,0
CUST-4036,Quantum Solutions,7,134.13,Month-to-Month,Electronic Check,True,72.4,4,2,-30.4,9,0.7277,1
CUST-4037,Pulse Solutions,19,112.2,Month-to-Month,Bank Transfer,False,91.9,2,3,-19.5,10,0.2989,0
CUST-4038,Omni Analytics,14,311.31,Month-to-Month,Bank Transfer,False,69.6,0,1,-8.6,10,0.1382,0
CUST-4039,IronClad Ventures,7,263.28,Month-to-Month,Credit Card,False,62.6,0,0,6.6,9,0.1708,0
CUST-4040,Hyperion Global,3,99.07,Month-to-Month,Electronic Check,True,47.0,1,1,43.1,9,0.3185,0
CUST-4041,Omni Global,18,221.32,Month-to-Month,Electronic Check,True,47.2,2,1,-36.1,6,0.7824,1
CUST-4042,Crest Logistics,27,284.34,Month-to-Month,Electronic Check,True,82.5,1,2,-9.0,8,0.371,0
CUST-4043,Krypton Analytics,28,104.87,One-Year,Electronic Check,False,82.4,2,0,8.0,6,0.0341,0
CUST-4044,Hyperion Group,17,94.34,Month-to-Month,Electronic Check,False,38.6,2,0,-3.9,2,0.935,1
CUST-4045,Vanguard Finance,1,73.82,Month-to-Month,Credit Card,False,69.8,0,2,19.9,8,0.4636,0
CUST-4046,Quantum Finance,4,84.43,Month-to-Month,Electronic Check,False,69.2,2,1,-49.4,6,0.8745,1
CUST-4047,Veritas Analytics,27,268.22,One-Year,Bank Transfer,True,40.8,3,0,43.1,9,0.0216,0
CUST-4048,Skyline Group,20,1012.28,Month-to-Month,Bank Transfer,True,71.8,6,1,-52.3,5,0.9349,1
CUST-4049,Crest Solutions,2,547.7,Month-to-Month,Credit Card,False,34.6,2,0,-29.3,7,0.78,1
CUST-4050,Hyperion Enterprises,26,69.47,Month-to-Month,Electronic Check,True,14.2,1,2,-19.2,10,0.5449,1
CUST-4051,DataCore Group,35,37.1,Two-Year,Bank Transfer,True,62.3,1,0,-14.2,6,0.0183,0
CUST-4052,DataCore Dynamics,44,370.62,One-Year,Manual Invoice,False,73.4,0,1,10.6,7,0.0106,0
CUST-4053,Synthetix Finance,31,78.84,One-Year,Electronic Check,False,62.0,7,1,-13.3,9,0.3492,0
CUST-4054,Quantum SaaS,36,253.7,One-Year,Bank Transfer,False,98.0,7,0,-13.2,0,0.3555,0
CUST-4055,Omni SaaS,22,276.85,One-Year,Bank Transfer,True,69.2,14,1,-77.4,3,0.987,1
CUST-4056,Hyperion Networks,34,864.52,Month-to-Month,Credit Card,False,68.1,2,0,-4.5,8,0.3636,0
CUST-4057,Quantum Global,51,93.68,One-Year,Electronic Check,False,78.9,1,0,2.5,8,0.0274,0
CUST-4058,Krypton Labs,18,151.2,Month-to-Month,Credit Card,False,51.6,3,0,26.8,10,0.1426,0
CUST-4059,Apex Group,27,831.71,One-Year,Credit Card,False,81.7,2,0,4.0,9,0.0384,0
CUST-4060,Cobalt Global,25,252.09,One-Year,Credit Card,False,69.7,0,2,4.6,5,0.0812,0
CUST-4061,Quantum Networks,9,648.96,Month-to-Month,Manual Invoice,True,64.0,1,1,46.1,7,0.3049,0
CUST-4062,DataCore Analytics,8,75.18,Month-to-Month,Bank Transfer,False,44.9,0,0,-24.0,7,0.303,0
CUST-4063,IronClad Analytics,10,189.89,Month-to-Month,Electronic Check,False,26.7,2,1,-15.7,3,0.9174,1
CUST-4064,Stratum Logistics,39,282.39,One-Year,Credit Card,True,56.7,3,0,-32.4,6,0.1278,0
CUST-4065,Skyline Labs,26,104.59,One-Year,Credit Card,True,68.5,1,2,32.2,10,0.011,0
CUST-4066,Synthetix Networks,51,243.2,Two-Year,Electronic Check,False,61.4,2,0,40.9,10,0.0021,0
CUST-4067,DataCore Finance,43,231.56,Month-to-Month,Electronic Check,True,73.7,6,0,25.2,7,0.1892,0
CUST-4068,IronClad Dynamics,31,122.9,One-Year,Manual Invoice,False,59.7,3,1,4.7,6,0.2322,0
CUST-4069,DataCore Dynamics,17,49.34,One-Year,Credit Card,False,68.7,1,1,6.5,8,0.0959,0
CUST-4070,Quantum SaaS,50,155.93,Two-Year,Electronic Check,True,50.5,3,0,-15.5,6,0.0469,0
CUST-4071,Aero Solutions,35,210.83,One-Year,Electronic Check,False,69.4,0,1,19.2,10,0.0288,0
CUST-4072,DataCore Logistics,14,472.72,Month-to-Month,Credit Card,True,46.4,1,2,-40.0,7,0.7934,1
CUST-4073,Cobalt Solutions,36,94.66,One-Year,Credit Card,False,35.0,1,2,-40.1,8,0.2272,0
CUST-4074,Quantum Group,27,75.98,One-Year,Electronic Check,False,59.8,0,2,-15.5,7,0.1525,0
CUST-4075,Solace SaaS,42,710.46,Two-Year,Credit Card,False,98.0,1,0,49.2,10,0.0016,0
CUST-4076,Krypton Systems,27,957.53,Month-to-Month,Electronic Check,False,33.9,2,0,-13.8,7,0.6134,1
CUST-4077,Stratum Systems,8,67.72,Month-to-Month,Electronic Check,False,59.8,3,0,-13.5,5,0.821,1
CUST-4078,Acro Analytics,45,326.51,Two-Year,Credit Card,False,84.5,0,0,12.2,8,0.003,0
CUST-4079,Skyline Systems,31,122.78,One-Year,Electronic Check,True,98.0,0,0,27.5,10,0.0024,0
CUST-4080,Vanguard Dynamics,22,73.61,One-Year,Bank Transfer,False,51.7,16,1,-16.7,0,0.9869,1
CUST-4081,Skyline Finance,8,103.43,Month-to-Month,Electronic Check,False,44.8,2,2,-39.0,6,0.9554,1
CUST-4082,Apex Enterprises,24,78.95,Month-to-Month,Credit Card,True,38.9,2,0,-3.4,9,0.1493,0
CUST-4083,DataCore Systems,16,916.34,One-Year,Credit Card,False,82.6,1,2,-2.4,9,0.1307,0
CUST-4084,Apex SaaS,25,185.71,One-Year,Credit Card,False,45.2,5,2,-11.9,4,0.7098,1
CUST-4085,Lumina Healthcare,20,453.81,Month-to-Month,Bank Transfer,True,53.6,5,0,11.6,7,0.5211,1
CUST-4086,Omni Healthcare,5,256.52,Month-to-Month,Credit Card,False,19.5,2,0,19.5,5,0.8804,1
CUST-4087,Veritas Logistics,33,62.78,Two-Year,Bank Transfer,True,82.6,8,1,-23.4,5,0.2486,0
CUST-4088,Cobalt Cloud,5,249.0,Month-to-Month,Credit Card,False,79.7,12,1,-7.2,6,0.9586,1
CUST-4089,Nexus Enterprises,42,710.49,Two-Year,Credit Card,True,84.5,1,0,26.2,9,0.0031,0
CUST-4090,Quantum Logistics,22,323.2,Month-to-Month,Bank Transfer,False,29.5,2,2,11.2,5,0.6716,1
CUST-4091,IronClad SaaS,30,255.54,One-Year,Credit Card,False,76.1,0,1,-13.2,7,0.0743,0
CUST-4092,Solace Finance,32,601.7,Two-Year,Credit Card,False,31.1,2,2,6.8,8,0.0632,0
CUST-4093,Lumina Technologies,28,76.21,One-Year,Bank Transfer,True,64.6,0,2,25.1,10,0.013,0
CUST-4094,Cobalt Ventures,24,233.85,Month-to-Month,Manual Invoice,True,66.3,4,2,-29.8,8,0.6036,1
CUST-4095,Nexus Finance,31,581.88,One-Year,Electronic Check,True,70.5,7,1,-17.7,3,0.7731,1
CUST-4096,Crest Logistics,2,459.66,Month-to-Month,Credit Card,False,66.3,7,0,23.1,5,0.8515,1
CUST-4097,Apex Systems,5,86.74,Month-to-Month,Electronic Check,True,56.3,3,1,0.9,8,0.6798,1
CUST-4098,Quantum Ventures,47,245.88,Two-Year,Electronic Check,False,29.9,2,1,-8.2,6,0.0904,0
CUST-4099,Skyline Systems,31,337.98,One-Year,Credit Card,False,75.0,2,0,35.5,9,0.0212,0
CUST-4100,Cobalt Cloud,39,48.82,One-Year,Bank Transfer,False,68.7,7,0,-27.8,2,0.5844,1
CUST-4101,Aero Enterprises,8,247.47,Month-to-Month,Credit Card,True,39.3,7,0,-58.4,4,0.9851,1
CUST-4102,Cobalt Group,1,130.32,Month-to-Month,Bank Transfer,False,23.9,2,0,-20.5,9,0.749,1
CUST-4103,Vanguard Ventures,22,61.51,Month-to-Month,Electronic Check,True,92.4,1,1,25.4,9,0.0408,0
CUST-4104,Vanguard Systems,37,79.09,One-Year,Credit Card,False,90.7,1,2,5.0,8,0.0393,0
CUST-4105,Lumina Networks,22,207.05,One-Year,Manual Invoice,False,75.7,2,0,0.7,9,0.0254,0
CUST-4106,Apex Technologies,45,51.29,One-Year,Electronic Check,True,55.0,1,1,23.5,8,0.0354,0
CUST-4107,Omni SaaS,40,372.84,Two-Year,Electronic Check,True,16.7,8,2,-24.8,6,0.6207,1
CUST-4108,DataCore Networks,5,89.28,Month-to-Month,Credit Card,False,71.8,3,1,-14.6,7,0.6299,1
CUST-4109,Crest Ventures,29,88.34,Month-to-Month,Bank Transfer,False,71.0,4,2,3.9,5,0.5994,1
CUST-4110,Crest Cloud,23,42.59,Month-to-Month,Credit Card,False,54.4,3,1,-18.6,8,0.5964,1
CUST-4111,Nexus Group,11,93.97,Month-to-Month,Credit Card,True,80.8,3,1,3.3,10,0.2018,0
CUST-4112,Stratum Networks,2,349.45,Month-to-Month,Credit Card,False,72.6,2,0,-20.9,9,0.5347,1
CUST-4113,Crest Finance,52,348.97,Two-Year,Electronic Check,False,74.1,5,0,-36.4,7,0.0747,0
CUST-4114,Hyperion Networks,4,101.71,Month-to-Month,Bank Transfer,False,56.9,4,0,-28.6,7,0.7461,1
CUST-4115,Omni Group,30,56.76,Two-Year,Electronic Check,False,65.0,6,1,-18.7,6,0.158,0
CUST-4116,DataCore SaaS,26,298.79,Month-to-Month,Credit Card,False,76.4,2,2,-27.2,6,0.7387,1
CUST-4117,Cobalt Enterprises,62,101.69,Two-Year,Credit Card,True,56.5,2,0,-16.5,6,0.0103,0
CUST-4118,Stratum Healthcare,38,427.0,One-Year,Bank Transfer,False,74.9,5,2,-23.8,1,0.668,1
CUST-4119,Apex Healthcare,37,212.72,Two-Year,Bank Transfer,True,47.7,0,0,3.2,5,0.0429,0
CUST-4120,Apex Ventures,7,107.2,Month-to-Month,Bank Transfer,True,83.8,8,1,-62.8,3,0.8955,1
CUST-4121,Pulse Dynamics,34,106.9,One-Year,Electronic Check,False,75.8,2,1,-69.1,3,0.635,1
CUST-4122,Solace Systems,41,187.09,Two-Year,Electronic Check,False,53.5,6,0,-3.0,7,0.0429,0
CUST-4123,Stratum Systems,4,104.88,Month-to-Month,Electronic Check,True,57.8,3,1,-5.5,10,0.5132,1
CUST-4124,Apex Healthcare,4,87.38,Month-to-Month,Bank Transfer,False,39.1,6,0,-47.3,0,0.9866,1
CUST-4125,DataCore Logistics,50,104.53,Month-to-Month,Bank Transfer,False,98.0,0,0,15.9,7,0.0039,0
CUST-4126,Apex Technologies,41,241.93,Two-Year,Manual Invoice,True,98.0,17,1,-40.1,5,0.8265,1
CUST-4127,Skyline Ventures,25,318.71,One-Year,Electronic Check,False,76.4,2,0,-8.6,9,0.0387,0
CUST-4128,Quantum Cloud,8,106.1,One-Year,Credit Card,False,88.5,1,0,51.0,9,0.0208,0
CUST-4129,Apex Finance,1,258.92,Month-to-Month,Credit Card,True,58.3,1,0,33.7,8,0.1329,0
CUST-4130,Veritas SaaS,1,85.44,Month-to-Month,Bank Transfer,False,70.6,4,0,-17.0,7,0.5704,1
CUST-4131,IronClad Ventures,48,241.09,Two-Year,Credit Card,False,93.9,4,1,-21.5,8,0.0083,0
CUST-4132,Hyperion Ventures,2,126.29,Month-to-Month,Bank Transfer,False,55.5,4,1,-48.4,3,0.9698,1
CUST-4133,DataCore Group,4,272.78,One-Year,Electronic Check,True,57.6,0,0,35.6,10,0.0227,0
CUST-4134,Acro Cloud,41,584.04,Two-Year,Electronic Check,False,86.0,1,0,8.2,9,0.0064,0
CUST-4135,Crest Global,8,67.1,Month-to-Month,Electronic Check,True,70.3,0,0,25.6,10,0.0666,0
CUST-4136,Veritas Solutions,32,88.17,One-Year,Electronic Check,True,49.5,7,0,-69.3,5,0.6025,1
CUST-4137,Aero Cloud,6,103.83,Month-to-Month,Electronic Check,True,13.1,5,2,-0.6,7,0.9569,1
CUST-4138,Veritas SaaS,29,51.6,One-Year,Electronic Check,False,60.2,0,1,-12.7,9,0.0525,0
CUST-4139,Solace Networks,7,131.19,Month-to-Month,Electronic Check,False,15.2,6,0,1.6,7,0.97,1
CUST-4140,Synthetix Analytics,41,805.56,One-Year,Credit Card,True,47.5,3,0,9.0,7,0.0647,0
CUST-4141,Krypton Analytics,10,833.96,Month-to-Month,Bank Transfer,True,40.5,1,0,1.5,9,0.2643,0
CUST-4142,Veritas Finance,8,82.57,Month-to-Month,Bank Transfer,True,46.0,7,0,-33.4,4,0.8744,1
CUST-4143,Omni Group,40,281.16,One-Year,Electronic Check,True,83.4,6,1,-8.0,6,0.1071,0
CUST-4144,Quantum Cloud,60,271.1,Month-to-Month,Electronic Check,False,93.8,2,0,-21.9,10,0.0492,0
CUST-4145,Nexus Group,23,341.07,One-Year,Electronic Check,False,72.1,1,1,23.3,8,0.1044,0
CUST-4146,Quantum Analytics,19,84.8,Month-to-Month,Manual Invoice,False,73.4,0,1,-18.0,8,0.2124,0
CUST-4147,Aero Networks,38,104.18,One-Year,Credit Card,False,79.5,1,0,2.6,8,0.0186,0
CUST-4148,Vanguard Logistics,5,253.97,Month-to-Month,Electronic Check,False,6.6,3,1,-27.6,5,0.9866,1
CUST-4149,Krypton Enterprises,23,89.89,One-Year,Bank Transfer,True,62.1,3,1,-5.0,10,0.0495,0
CUST-4150,Omni Enterprises,8,231.76,Month-to-Month,Credit Card,True,21.5,11,0,-53.8,0,0.9987,1
CUST-4151,Hyperion Analytics,1,352.99,Month-to-Month,Bank Transfer,False,65.5,4,0,-27.2,6,0.805,1
CUST-4152,Pulse Labs,24,64.16,Month-to-Month,Electronic Check,False,20.3,0,0,62.4,8,0.106,0
CUST-4153,Veritas Logistics,18,76.88,One-Year,Credit Card,False,56.8,8,0,2.1,8,0.3938,0
CUST-4154,Veritas Networks,7,693.31,Month-to-Month,Credit Card,False,68.1,0,0,14.2,9,0.3691,0
CUST-4155,Solace Healthcare,35,258.76,Two-Year,Bank Transfer,False,43.1,6,0,-0.1,5,0.1397,0
CUST-4156,Lumina Group,45,880.05,Two-Year,Bank Transfer,True,87.7,8,0,-11.4,1,0.3607,0
CUST-4157,Veritas Group,3,77.08,Month-to-Month,Credit Card,True,66.0,1,1,-5.2,10,0.2465,0
CUST-4158,Acro Global,28,363.64,One-Year,Electronic Check,False,71.0,0,2,13.9,6,0.1135,0
CUST-4159,IronClad Ventures,43,230.89,Month-to-Month,Credit Card,False,81.9,0,0,-15.7,9,0.066,0
CUST-4160,Lumina Dynamics,72,780.49,Month-to-Month,Manual Invoice,True,69.4,3,0,35.9,10,0.0138,0
CUST-4161,IronClad Ventures,34,65.61,One-Year,Credit Card,False,68.2,1,0,5.0,10,0.0176,0
CUST-4162,Apex Solutions,11,95.52,One-Year,Bank Transfer,False,58.5,4,0,13.0,6,0.3658,0
CUST-4163,Krypton Enterprises,16,84.6,One-Year,Credit Card,False,59.5,6,0,26.3,5,0.5294,1
CUST-4164,DataCore Logistics,28,722.09,Month-to-Month,Credit Card,True,50.0,3,0,8.3,6,0.4278,0
CUST-4165,Pulse Healthcare,72,963.93,Month-to-Month,Credit Card,False,51.7,1,0,-18.3,6,0.146,0
CUST-4166,Veritas Finance,14,632.22,Month-to-Month,Bank Transfer,False,52.5,4,0,23.5,4,0.5558,1
CUST-4167,Cobalt Technologies,32,855.57,One-Year,Bank Transfer,True,56.8,4,0,35.4,10,0.0425,0
CUST-4168,Vanguard Technologies,7,65.78,Month-to-Month,Credit Card,False,42.4,10,0,-73.7,1,0.9976,1
CUST-4169,Skyline Global,32,87.82,One-Year,Credit Card,False,81.6,6,1,-20.5,5,0.3159,0
CUST-4170,Pulse Group,12,55.11,Month-to-Month,Electronic Check,False,35.2,3,0,3.3,8,0.5104,1
CUST-4171,DataCore Labs,26,68.44,Month-to-Month,Electronic Check,True,59.4,2,1,-12.6,10,0.1536,0
CUST-4172,Hyperion Dynamics,17,735.21,Month-to-Month,Manual Invoice,False,83.4,0,1,-31.1,5,0.7931,1
CUST-4173,Synthetix Finance,1,1076.64,Month-to-Month,Electronic Check,True,73.5,8,0,-41.1,4,0.9888,1
CUST-4174,Apex Group,6,87.52,Month-to-Month,Bank Transfer,False,81.1,2,3,-62.2,3,0.9169,1
CUST-4175,Hyperion Ventures,39,379.28,Two-Year,Bank Transfer,False,54.9,3,0,19.9,8,0.0077,0
CUST-4176,Pulse Logistics,37,789.66,Two-Year,Bank Transfer,True,81.8,0,0,39.3,10,0.0012,0
CUST-4177,Nexus Analytics,34,256.77,Month-to-Month,Manual Invoice,False,43.9,1,1,31.0,8,0.108,0
CUST-4178,Solace Logistics,1,123.48,Month-to-Month,Credit Card,False,49.8,2,1,-6.7,8,0.6394,1
CUST-4179,Cobalt Logistics,4,306.22,Month-to-Month,Bank Transfer,False,52.6,7,1,-14.2,5,0.9721,1
CUST-4180,IronClad Networks,55,68.93,Two-Year,Electronic Check,False,60.0,1,1,23.7,8,0.0126,0
CUST-4181,Cobalt Group,11,308.23,Month-to-Month,Credit Card,True,51.1,3,3,-24.8,6,0.8021,1
CUST-4182,Omni Labs,25,77.69,Two-Year,Bank Transfer,True,52.6,3,2,-37.7,3,0.3008,0
CUST-4183,DataCore Global,4,35.27,Month-to-Month,Electronic Check,True,36.6,1,0,-12.3,5,0.7728,1
CUST-4184,Vanguard Technologies,3,918.48,Month-to-Month,Bank Transfer,False,73.0,2,1,-1.6,6,0.8003,1
CUST-4185,IronClad Technologies,44,345.7,Two-Year,Bank Transfer,False,64.6,0,0,-12.8,6,0.0105,0
CUST-4186,Lumina SaaS,5,390.28,Month-to-Month,Bank Transfer,False,60.5,9,0,-10.2,3,0.9708,1
CUST-4187,DataCore Networks,9,825.99,One-Year,Electronic Check,True,61.0,3,0,-37.9,6,0.5399,1
CUST-4188,Pulse Group,25,78.78,One-Year,Credit Card,False,63.6,3,0,-10.1,7,0.2476,0
CUST-4189,Omni Labs,1,105.87,Month-to-Month,Electronic Check,True,57.2,3,0,6.1,8,0.566,1
CUST-4190,Nexus Labs,19,902.97,Month-to-Month,Bank Transfer,False,54.6,9,2,-28.7,4,0.9847,1
CUST-4191,Vanguard Solutions,32,125.96,One-Year,Credit Card,True,93.0,7,1,-39.4,4,0.3079,0
CUST-4192,Solace Ventures,37,277.32,One-Year,Credit Card,True,81.3,2,0,17.4,9,0.0059,0
CUST-4193,DataCore Group,5,80.86,Month-to-Month,Credit Card,False,56.9,4,1,-5.4,5,0.6569,1
CUST-4194,DataCore Dynamics,28,67.11,Two-Year,Electronic Check,True,54.5,3,1,-61.2,3,0.5647,1
CUST-4195,Acro Analytics,12,312.25,Month-to-Month,Electronic Check,False,56.2,4,0,4.4,6,0.7921,1
CUST-4196,Skyline Networks,21,46.29,Month-to-Month,Electronic Check,False,69.7,1,0,-8.6,6,0.4629,0
CUST-4197,Skyline Networks,37,326.57,Month-to-Month,Credit Card,False,96.1,9,0,-35.1,0,0.9234,1
CUST-4198,Krypton Enterprises,5,315.27,Month-to-Month,Bank Transfer,False,29.0,3,1,-29.7,7,0.9284,1
CUST-4199,Krypton Group,6,855.31,Month-to-Month,Electronic Check,True,70.0,4,1,-37.1,3,0.9826,1
CUST-4200,DataCore Finance,53,288.29,Two-Year,Electronic Check,False,93.4,1,2,-2.8,10,0.0049,0
CUST-4201,Krypton Networks,33,123.32,Month-to-Month,Credit Card,False,35.2,3,0,9.7,8,0.4042,0
CUST-4202,Cobalt Labs,2,906.96,Month-to-Month,Bank Transfer,False,52.0,0,0,8.8,5,0.6422,1
CUST-4203,Pulse Analytics,2,243.58,Month-to-Month,Electronic Check,True,34.3,2,0,22.7,9,0.3591,0
CUST-4204,Pulse Systems,25,244.65,One-Year,Electronic Check,False,71.1,9,1,-12.5,4,0.8901,1
CUST-4205,Omni Labs,32,591.66,Two-Year,Electronic Check,True,57.4,1,1,-53.2,7,0.095,0
CUST-4206,Cobalt Group,6,313.08,Month-to-Month,Credit Card,True,54.2,2,0,-23.9,6,0.5008,1
CUST-4207,Stratum Analytics,3,219.99,Month-to-Month,Electronic Check,True,47.7,0,1,29.7,7,0.3674,0
CUST-4208,Skyline Healthcare,15,345.0,Month-to-Month,Electronic Check,True,73.9,4,1,-43.7,2,0.9411,1
CUST-4209,Acro Labs,42,118.07,Month-to-Month,Bank Transfer,True,72.2,2,2,-79.4,2,0.6914,1
CUST-4210,Solace Finance,72,63.02,Month-to-Month,Credit Card,True,81.2,5,0,35.8,5,0.0428,0
CUST-4211,Veritas Enterprises,7,268.87,Month-to-Month,Electronic Check,False,60.3,0,1,7.4,8,0.354,0
CUST-4212,Crest Enterprises,13,85.42,Month-to-Month,Credit Card,True,70.3,1,2,-25.1,7,0.3796,0
CUST-4213,Cobalt Networks,28,107.1,Month-to-Month,Credit Card,True,58.2,0,1,-21.2,4,0.5447,1
CUST-4214,Apex Enterprises,2,125.23,Month-to-Month,Manual Invoice,False,89.6,2,1,9.7,9,0.2268,0
CUST-4215,Skyline Healthcare,43,178.87,Two-Year,Electronic Check,True,43.2,2,0,10.9,8,0.0264,0
CUST-4216,Synthetix Global,34,77.05,Two-Year,Bank Transfer,True,30.7,0,1,8.2,10,0.0102,0
CUST-4217,DataCore Networks,42,264.04,One-Year,Bank Transfer,True,31.4,1,2,-12.7,7,0.1088,0
CUST-4218,Lumina Systems,4,49.98,Month-to-Month,Electronic Check,True,14.6,0,0,-27.0,10,0.6486,1
CUST-4219,Nexus Labs,8,250.89,Month-to-Month,Manual Invoice,True,70.9,7,1,-21.9,6,0.8918,1
CUST-4220,Pulse Cloud,2,95.69,Month-to-Month,Credit Card,False,66.6,0,0,31.6,5,0.3313,0
CUST-4221,DataCore Networks,15,263.28,One-Year,Credit Card,False,83.7,0,2,-18.5,5,0.3341,0
CUST-4222,IronClad Cloud,6,46.38,Month-to-Month,Electronic Check,False,35.7,0,0,20.0,9,0.3611,0
CUST-4223,Acro Enterprises,54,1267.33,Two-Year,Electronic Check,False,86.1,4,2,-27.1,2,0.3419,0
CUST-4224,Acro Group,72,797.91,Two-Year,Credit Card,False,77.7,8,0,1.0,3,0.2414,0
CUST-4225,Quantum Dynamics,12,770.1,Month-to-Month,Electronic Check,False,61.9,0,0,-19.5,4,0.7922,1
CUST-4226,Solace Systems,23,552.37,One-Year,Credit Card,True,74.4,2,0,-0.7,10,0.0291,0
CUST-4227,Synthetix Global,8,91.52,Month-to-Month,Electronic Check,False,42.3,1,0,13.4,10,0.1519,0
CUST-4228,Solace Enterprises,3,270.15,Month-to-Month,Credit Card,True,98.0,2,0,-17.9,6,0.402,0
CUST-4229,Skyline Solutions,20,166.69,Month-to-Month,Credit Card,False,87.6,1,1,6.1,10,0.0994,0
CUST-4230,Hyperion Global,2,215.78,Month-to-Month,Electronic Check,False,45.0,4,1,-12.7,9,0.7388,1
CUST-4231,Omni Dynamics,47,893.09,Two-Year,Credit Card,False,47.3,2,0,-2.1,10,0.0103,0
CUST-4232,Krypton Dynamics,4,396.64,Month-to-Month,Credit Card,False,54.4,5,0,-26.9,4,0.9141,1
CUST-4233,DataCore Networks,6,816.09,Month-to-Month,Electronic Check,False,60.4,3,1,15.9,7,0.7446,1
CUST-4234,Quantum Enterprises,20,112.58,One-Year,Electronic Check,True,82.3,7,0,-39.6,2,0.7858,1
CUST-4235,Lumina Logistics,1,721.96,One-Year,Electronic Check,True,31.9,5,1,-8.0,6,0.8349,1
CUST-4236,Veritas Systems,18,274.81,Month-to-Month,Electronic Check,False,66.1,4,1,-33.2,4,0.9272,1
CUST-4237,Cobalt Ventures,28,345.46,Two-Year,Manual Invoice,False,32.8,1,1,-4.7,6,0.1815,0
CUST-4238,Stratum Logistics,40,126.57,One-Year,Credit Card,False,75.7,6,0,3.1,8,0.0859,0
CUST-4239,Krypton Logistics,18,358.07,Month-to-Month,Electronic Check,False,58.2,6,0,-20.2,7,0.8455,1
CUST-4240,Aero Ventures,5,558.05,Month-to-Month,Electronic Check,False,95.2,3,0,-80.9,3,0.963,1
CUST-4241,Cobalt Finance,6,83.33,Month-to-Month,Electronic Check,False,25.9,3,2,-47.6,7,0.9694,1
CUST-4242,Skyline Technologies,59,296.65,Two-Year,Credit Card,False,98.0,10,0,-78.9,2,0.5105,1
CUST-4243,Quantum Global,7,78.51,One-Year,Electronic Check,False,23.0,0,1,1.7,8,0.2706,0
CUST-4244,Veritas Labs,37,819.81,Two-Year,Credit Card,False,39.6,6,0,-13.1,9,0.1332,0
CUST-4245,Lumina Labs,59,329.23,Month-to-Month,Electronic Check,False,39.2,2,0,-9.8,8,0.2258,0
CUST-4246,Omni Global,24,110.07,Month-to-Month,Bank Transfer,False,67.2,6,1,-33.7,8,0.7132,1
CUST-4247,DataCore Group,3,127.15,Month-to-Month,Electronic Check,False,32.4,6,0,-7.5,7,0.9322,1
CUST-4248,Krypton Finance,1,260.23,Month-to-Month,Credit Card,False,28.3,6,1,-54.2,5,0.9859,1
CUST-4249,Veritas Cloud,26,50.9,One-Year,Bank Transfer,False,66.9,0,2,18.9,7,0.0463,0
CUST-4250,Skyline Networks,15,301.49,One-Year,Credit Card,True,68.5,0,1,1.9,7,0.0728,0
CUST-4251,Crest Enterprises,28,1089.09,Month-to-Month,Bank Transfer,False,64.2,4,0,-30.6,9,0.4076,0
CUST-4252,IronClad Solutions,19,664.14,Month-to-Month,Credit Card,False,57.5,2,2,-21.5,9,0.7259,1
CUST-4253,DataCore Systems,4,102.17,Month-to-Month,Credit Card,True,92.8,4,1,-15.3,5,0.485,0
CUST-4254,Synthetix Healthcare,8,875.23,Month-to-Month,Credit Card,False,60.3,6,2,-57.5,1,0.9986,1
CUST-4255,Crest Logistics,10,291.49,Month-to-Month,Manual Invoice,False,74.1,1,1,13.8,10,0.3476,0
CUST-4256,Lumina SaaS,24,85.17,Month-to-Month,Credit Card,False,65.1,5,0,14.1,9,0.2447,0
CUST-4257,Lumina Dynamics,26,61.91,Month-to-Month,Manual Invoice,False,40.8,2,0,1.9,5,0.5597,1
CUST-4258,Crest Systems,34,29.0,Month-to-Month,Electronic Check,False,76.2,4,0,16.5,5,0.4396,0
CUST-4259,Acro Healthcare,10,549.87,Month-to-Month,Credit Card,False,44.9,3,1,57.3,10,0.2035,0
CUST-4260,Aero Networks,17,75.24,Month-to-Month,Manual Invoice,True,58.3,0,2,-52.0,6,0.7497,1
CUST-4261,DataCore Technologies,27,112.44,One-Year,Electronic Check,True,69.2,2,1,-4.7,6,0.2336,0
CUST-4262,Nexus Ventures,5,273.81,Month-to-Month,Manual Invoice,False,17.7,2,3,-49.6,5,0.9684,1
CUST-4263,Apex Analytics,32,248.86,Two-Year,Electronic Check,False,32.4,3,0,35.0,9,0.0166,0
CUST-4264,Lumina Analytics,8,226.54,Month-to-Month,Manual Invoice,True,75.6,1,0,8.2,5,0.413,0
CUST-4265,Cobalt Networks,15,319.41,Month-to-Month,Credit Card,True,46.2,0,1,-17.5,8,0.368,0
CUST-4266,Quantum Technologies,5,118.96,Month-to-Month,Electronic Check,False,44.2,4,2,-23.5,3,0.9781,1
CUST-4267,Acro Global,1,941.42,Month-to-Month,Bank Transfer,True,58.6,5,0,23.4,4,0.7826,1
CUST-4268,Aero Dynamics,34,100.15,Two-Year,Electronic Check,False,57.5,3,0,7.3,4,0.0714,0
CUST-4269,Vanguard Cloud,61,191.46,Month-to-Month,Electronic Check,False,81.7,2,0,13.5,5,0.0741,0
CUST-4270,Skyline Analytics,35,258.9,Two-Year,Electronic Check,False,64.5,3,0,33.2,9,0.0073,0
CUST-4271,Aero Analytics,35,133.68,Two-Year,Credit Card,True,69.5,1,1,20.9,10,0.0076,0
CUST-4272,Cobalt Enterprises,22,951.95,One-Year,Manual Invoice,False,47.6,8,0,9.1,5,0.7333,1
CUST-4273,Veritas Dynamics,37,187.75,One-Year,Electronic Check,False,70.0,7,0,-19.2,4,0.5413,1
CUST-4274,Aero Ventures,27,83.61,One-Year,Credit Card,False,85.2,4,0,-63.3,7,0.3153,0
CUST-4275,Omni Labs,16,815.36,Month-to-Month,Electronic Check,False,48.4,5,1,-12.4,7,0.9704,1
CUST-4276,IronClad Enterprises,31,234.27,One-Year,Bank Transfer,True,82.6,0,0,-11.6,5,0.0206,0
CUST-4277,Quantum Solutions,18,141.45,Month-to-Month,Electronic Check,True,59.4,1,1,16.7,9,0.0913,0
CUST-4278,Lumina Logistics,19,285.93,Month-to-Month,Electronic Check,True,75.4,1,0,-42.3,7,0.4196,0
CUST-4279,Omni Global,16,608.2,Month-to-Month,Electronic Check,True,62.4,5,2,0.7,8,0.584,1
CUST-4280,Omni Logistics,8,65.4,One-Year,Credit Card,False,56.7,0,1,4.7,10,0.0573,0
CUST-4281,Stratum Analytics,24,76.13,Two-Year,Bank Transfer,False,69.2,1,0,10.8,6,0.0307,0
CUST-4282,Cobalt SaaS,15,271.98,Month-to-Month,Credit Card,True,83.8,1,2,7.5,9,0.2995,0
CUST-4283,Solace Ventures,66,84.77,Two-Year,Electronic Check,False,79.5,2,0,-1.7,10,0.0011,0
CUST-4284,Quantum SaaS,24,226.96,Month-to-Month,Credit Card,False,71.8,3,2,-22.3,10,0.3085,0
CUST-4285,Acro Group,1,79.49,Month-to-Month,Bank Transfer,False,47.9,10,1,-1.6,5,0.9747,1
CUST-4286,Nexus Finance,68,41.06,Month-to-Month,Electronic Check,True,98.0,3,2,0.8,4,0.1876,0
CUST-4287,Krypton Networks,3,92.78,Month-to-Month,Electronic Check,False,68.7,2,0,16.2,4,0.7577,1
CUST-4288,Synthetix Ventures,9,108.62,Month-to-Month,Electronic Check,False,59.3,1,0,-0.1,9,0.4739,0
CUST-4289,Pulse Cloud,29,697.89,Month-to-Month,Bank Transfer,False,61.2,5,0,-7.3,7,0.587,1
CUST-4290,Skyline Solutions,42,107.98,Two-Year,Credit Card,True,87.2,3,0,-4.3,7,0.0094,0
CUST-4291,Aero Finance,2,216.44,Month-to-Month,Credit Card,False,43.5,5,0,-53.6,5,0.9766,1
CUST-4292,Hyperion Global,8,102.91,Month-to-Month,Electronic Check,False,21.7,1,0,-32.5,9,0.7224,1
CUST-4293,Crest Technologies,25,349.34,Two-Year,Electronic Check,False,63.9,5,1,-18.1,7,0.2929,0
CUST-4294,Crest Solutions,21,29.0,One-Year,Manual Invoice,False,85.1,6,2,-69.9,4,0.817,1
CUST-4295,Solace Networks,7,270.92,Month-to-Month,Electronic Check,True,88.9,8,0,-21.8,3,0.9393,1
CUST-4296,Acro Dynamics,70,107.45,Month-to-Month,Manual Invoice,False,73.9,6,1,-40.4,7,0.1699,0
CUST-4297,Solace Logistics,30,728.72,Two-Year,Credit Card,True,64.9,1,1,-4.9,6,0.089,0
CUST-4298,Nexus Enterprises,21,84.82,One-Year,Electronic Check,True,71.7,1,0,6.3,10,0.0134,0
CUST-4299,IronClad SaaS,4,131.05,Month-to-Month,Credit Card,False,50.9,0,0,-41.5,6,0.6285,1
CUST-4300,DataCore Logistics,11,395.49,Month-to-Month,Manual Invoice,True,68.6,1,2,0.1,9,0.1464,0
CUST-4301,Solace Networks,39,801.48,Two-Year,Credit Card,True,65.0,1,1,-14.2,10,0.0101,0
CUST-4302,Aero Labs,12,63.77,Month-to-Month,Bank Transfer,False,78.8,0,1,-58.1,8,0.3226,0
CUST-4303,Acro Enterprises,52,121.63,Two-Year,Electronic Check,False,85.1,2,1,-17.5,10,0.0095,0
CUST-4304,Aero Ventures,6,426.79,Month-to-Month,Credit Card,True,73.0,6,0,-3.5,5,0.6684,1
CUST-4305,Synthetix Solutions,18,54.27,One-Year,Bank Transfer,False,56.3,0,1,-10.1,8,0.0671,0
CUST-4306,Nexus Ventures,36,29.0,Month-to-Month,Manual Invoice,True,98.0,5,1,-26.7,5,0.3463,0
CUST-4307,Cobalt Analytics,15,130.03,Month-to-Month,Credit Card,True,69.2,3,1,-5.2,4,0.4779,0
CUST-4308,Aero Analytics,60,809.82,Two-Year,Credit Card,False,77.9,1,5,-35.0,9,0.0837,0
CUST-4309,Lumina SaaS,24,101.49,Month-to-Month,Electronic Check,True,47.0,1,1,-9.7,9,0.2731,0
CUST-4310,Apex Ventures,22,804.18,One-Year,Electronic Check,False,59.7,1,0,-31.2,8,0.2433,0
CUST-4311,Synthetix Systems,5,314.43,Month-to-Month,Electronic Check,True,58.8,7,1,-34.0,7,0.956,1
CUST-4312,Omni Finance,6,86.95,Month-to-Month,Electronic Check,False,41.0,4,2,30.1,5,0.8971,1
CUST-4313,Veritas Logistics,39,91.77,Month-to-Month,Electronic Check,False,60.9,8,0,-14.5,2,0.8998,1
CUST-4314,Skyline Logistics,39,87.69,One-Year,Electronic Check,False,63.4,5,1,-8.3,8,0.2494,0
CUST-4315,Lumina Dynamics,21,243.48,Month-to-Month,Manual Invoice,False,62.4,2,2,-27.1,6,0.723,1
CUST-4316,Krypton Networks,36,277.2,Month-to-Month,Credit Card,False,30.5,1,0,-7.9,8,0.229,0
CUST-4317,Hyperion Logistics,11,296.42,Month-to-Month,Credit Card,False,55.6,2,2,-16.7,4,0.9228,1
CUST-4318,Hyperion Systems,23,87.76,One-Year,Manual Invoice,True,54.4,6,0,8.9,9,0.073,0
CUST-4319,Crest Enterprises,27,191.33,One-Year,Electronic Check,False,62.7,3,0,26.0,9,0.0805,0
CUST-4320,Acro Systems,22,507.9,Month-to-Month,Credit Card,True,82.3,0,2,-16.4,7,0.3389,0
CUST-4321,IronClad Logistics,2,344.97,Month-to-Month,Credit Card,False,96.6,3,0,-4.6,10,0.3771,0
CUST-4322,IronClad Labs,33,694.74,Two-Year,Electronic Check,False,78.5,1,0,-3.9,5,0.0616,0
CUST-4323,Skyline Systems,3,99.62,Month-to-Month,Bank Transfer,True,31.2,1,3,6.1,7,0.8065,1
CUST-4324,IronClad Labs,44,553.42,Two-Year,Electronic Check,False,61.3,1,0,13.7,10,0.0037,0
CUST-4325,Synthetix Ventures,42,48.17,Two-Year,Electronic Check,True,79.5,2,0,-3.2,10,0.0081,0
CUST-4326,IronClad Networks,29,63.91,One-Year,Electronic Check,False,73.4,2,1,19.2,5,0.1808,0
CUST-4327,Krypton Group,57,709.94,Month-to-Month,Manual Invoice,True,91.8,3,1,4.0,7,0.0606,0
CUST-4328,Skyline Labs,52,630.27,Two-Year,Credit Card,False,68.7,3,1,-28.3,8,0.0611,0
CUST-4329,Pulse Cloud,20,357.64,One-Year,Credit Card,True,53.7,0,2,-4.8,10,0.0395,0
CUST-4330,DataCore Finance,35,89.49,One-Year,Credit Card,True,98.0,3,0,-8.4,10,0.008,0
CUST-4331,Quantum Labs,51,131.22,Month-to-Month,Electronic Check,False,71.5,2,0,-25.7,8,0.1029,0
CUST-4332,Vanguard Group,5,304.26,Month-to-Month,Credit Card,True,36.2,0,1,-5.6,8,0.6036,1
CUST-4333,Pulse Logistics,31,315.74,Month-to-Month,Credit Card,False,93.8,3,1,19.5,7,0.2641,0
CUST-4334,Omni Group,30,111.4,Month-to-Month,Electronic Check,False,34.1,8,2,-1.6,6,0.9289,1
CUST-4335,Vanguard Healthcare,29,478.28,One-Year,Credit Card,True,5.0,14,3,-29.2,5,0.9856,1
CUST-4336,Stratum Ventures,2,90.76,Month-to-Month,Electronic Check,False,71.0,4,0,12.5,7,0.5008,1
CUST-4337,Veritas Group,11,610.56,Month-to-Month,Electronic Check,True,76.5,3,2,-8.8,6,0.7967,1
CUST-4338,Acro Finance,7,1135.69,Month-to-Month,Bank Transfer,True,65.4,1,0,-13.0,10,0.2531,0
CUST-4339,Acro Networks,41,120.99,One-Year,Credit Card,True,41.3,2,2,3.1,10,0.0387,0
CUST-4340,Apex Dynamics,51,66.45,Two-Year,Credit Card,False,69.1,6,0,-54.2,3,0.2058,0
CUST-4341,Lumina Solutions,34,727.08,Month-to-Month,Credit Card,True,59.6,6,1,-34.8,2,0.9686,1
CUST-4342,Solace Technologies,1,294.68,Month-to-Month,Credit Card,False,44.6,6,0,14.6,3,0.9224,1
CUST-4343,Crest Enterprises,24,331.8,Month-to-Month,Credit Card,False,90.4,1,1,-15.3,8,0.1594,0
CUST-4344,Omni Global,33,281.75,One-Year,Bank Transfer,True,44.0,0,2,11.0,6,0.1329,0
CUST-4345,Pulse Cloud,26,59.38,One-Year,Credit Card,False,69.1,2,1,-15.1,9,0.0701,0
CUST-4346,Lumina Dynamics,41,620.84,Two-Year,Manual Invoice,False,91.2,1,0,15.8,5,0.0182,0
CUST-4347,Aero Ventures,14,84.89,Month-to-Month,Manual Invoice,True,66.8,1,0,-36.5,10,0.1344,0
CUST-4348,Lumina Ventures,43,972.2,Two-Year,Credit Card,True,92.7,3,1,22.8,7,0.0177,0
CUST-4349,Veritas Healthcare,6,95.7,Month-to-Month,Bank Transfer,False,68.1,2,0,-28.9,5,0.7332,1
CUST-4350,Veritas Dynamics,27,233.6,One-Year,Credit Card,False,71.7,0,0,-29.0,6,0.0645,0
CUST-4351,Quantum Dynamics,14,101.21,Month-to-Month,Credit Card,False,66.5,1,2,22.5,7,0.3259,0
CUST-4352,Cobalt Networks,40,75.33,Two-Year,Electronic Check,True,79.3,3,2,-14.1,10,0.0141,0
CUST-4353,IronClad Solutions,39,107.26,One-Year,Credit Card,True,59.0,0,1,-7.7,9,0.0161,0
CUST-4354,Cobalt Dynamics,35,431.62,One-Year,Manual Invoice,False,39.5,1,1,36.2,9,0.0749,0
CUST-4355,Aero Global,48,258.47,Two-Year,Bank Transfer,True,88.5,1,0,20.3,6,0.0032,0
CUST-4356,Krypton Enterprises,10,894.29,Month-to-Month,Bank Transfer,False,81.2,9,3,-48.2,3,0.9977,1
CUST-4357,Veritas Ventures,4,66.37,Month-to-Month,Electronic Check,True,61.2,1,2,-11.4,6,0.8521,1
CUST-4358,Aero Enterprises,36,273.26,Two-Year,Electronic Check,False,54.8,0,3,16.8,3,0.3074,0
CUST-4359,Skyline Cloud,4,281.77,Month-to-Month,Electronic Check,False,25.0,2,0,-25.1,5,0.9615,1
CUST-4360,IronClad Dynamics,5,80.16,Month-to-Month,Electronic Check,True,58.2,0,0,41.1,10,0.1226,0
CUST-4361,Pulse Healthcare,12,146.58,Month-to-Month,Credit Card,True,31.6,9,1,-38.1,3,0.9949,1
CUST-4362,DataCore Ventures,29,261.6,One-Year,Electronic Check,False,33.9,1,0,-19.8,7,0.2804,0
CUST-4363,Nexus Analytics,8,99.67,Month-to-Month,Credit Card,True,57.0,2,0,26.2,10,0.1502,0
CUST-4364,Veritas Dynamics,16,36.75,Month-to-Month,Credit Card,True,44.5,5,1,3.4,8,0.6429,1
CUST-4365,Apex Healthcare,1,305.92,Month-to-Month,Electronic Check,False,62.2,2,0,-45.4,10,0.6073,1
CUST-4366,Vanguard Systems,2,113.55,Month-to-Month,Electronic Check,True,52.4,4,0,-9.7,2,0.9523,1
CUST-4367,Pulse Networks,18,248.34,Two-Year,Bank Transfer,True,48.3,16,0,-70.6,0,0.9943,1
CUST-4368,Omni Cloud,43,298.16,Two-Year,Electronic Check,False,33.8,3,2,6.0,9,0.0658,0
CUST-4369,Omni Logistics,22,277.68,One-Year,Electronic Check,False,44.5,4,2,26.0,8,0.2501,0
CUST-4370,Krypton Group,32,281.03,Month-to-Month,Bank Transfer,True,48.3,1,0,15.4,8,0.0624,0
CUST-4371,Hyperion Dynamics,41,103.1,Two-Year,Manual Invoice,False,42.8,1,2,-27.0,6,0.2162,0
CUST-4372,DataCore Networks,17,1111.96,Month-to-Month,Bank Transfer,False,53.5,2,0,21.2,8,0.3087,0
CUST-4373,Aero Finance,2,75.5,Month-to-Month,Electronic Check,False,32.7,3,3,-20.3,7,0.936,1
CUST-4374,Aero SaaS,34,228.62,Two-Year,Electronic Check,True,61.9,2,0,-2.8,4,0.0479,0
CUST-4375,Crest Logistics,43,539.95,One-Year,Manual Invoice,True,72.7,4,0,-19.1,6,0.0706,0
CUST-4376,Krypton SaaS,36,291.88,One-Year,Bank Transfer,False,49.3,0,1,2.6,7,0.0408,0
CUST-4377,IronClad Finance,34,308.76,One-Year,Credit Card,False,73.7,2,1,-7.8,9,0.0287,0
CUST-4378,Solace Finance,22,71.36,Month-to-Month,Electronic Check,False,34.4,6,0,-73.1,4,0.984,1
CUST-4379,Krypton SaaS,10,104.47,Month-to-Month,Electronic Check,True,35.8,1,0,2.6,10,0.2509,0
CUST-4380,IronClad Dynamics,23,307.92,One-Year,Electronic Check,False,59.6,6,0,-16.4,5,0.6643,1
CUST-4381,Cobalt Labs,37,86.08,Month-to-Month,Credit Card,False,79.8,9,0,-13.3,2,0.6959,1
CUST-4382,Vanguard Logistics,13,225.86,Month-to-Month,Electronic Check,True,76.2,4,0,-57.2,0,0.9777,1
CUST-4383,Veritas Global,25,72.95,One-Year,Manual Invoice,True,94.7,2,0,11.8,6,0.0276,0
CUST-4384,Krypton Ventures,32,312.64,One-Year,Electronic Check,False,57.1,3,0,-3.3,8,0.1468,0
CUST-4385,Stratum Technologies,25,90.89,Month-to-Month,Bank Transfer,False,59.9,1,1,9.4,9,0.2241,0
CUST-4386,Skyline Enterprises,21,281.58,One-Year,Electronic Check,True,40.6,0,0,-35.7,6,0.305,0
CUST-4387,Skyline SaaS,40,291.31,Two-Year,Credit Card,False,41.9,8,1,-54.9,2,0.9354,1
CUST-4388,Solace Logistics,23,310.26,One-Year,Electronic Check,False,66.5,4,1,-58.9,5,0.5623,1
CUST-4389,Nexus Labs,55,94.65,Month-to-Month,Bank Transfer,False,56.0,0,1,3.7,9,0.0301,0
CUST-4390,DataCore Group,5,273.38,Month-to-Month,Credit Card,False,81.1,1,0,-6.6,10,0.0879,0
CUST-4391,Lumina Solutions,29,86.22,Month-to-Month,Electronic Check,False,34.5,2,1,-9.6,6,0.7259,1
CUST-4392,Vanguard SaaS,1,49.89,Month-to-Month,Bank Transfer,True,65.0,3,1,-43.8,4,0.8763,1
CUST-4393,Vanguard Cloud,1,70.41,Month-to-Month,Credit Card,True,35.2,3,0,-34.2,10,0.4781,0
CUST-4394,Omni Networks,9,283.03,Month-to-Month,Manual Invoice,False,41.3,3,1,-71.4,8,0.966,1
CUST-4395,Krypton Global,4,66.6,Month-to-Month,Manual Invoice,True,67.0,2,1,-39.6,5,0.7681,1
CUST-4396,Omni Ventures,51,904.83,Two-Year,Manual Invoice,False,56.8,8,1,-40.3,6,0.2232,0
CUST-4397,Omni Labs,2,240.48,Month-to-Month,Electronic Check,False,45.3,5,1,-30.0,10,0.9017,1
CUST-4398,Krypton Global,44,90.41,One-Year,Electronic Check,True,52.0,3,2,-15.7,9,0.1407,0
CUST-4399,Pulse Ventures,22,286.99,One-Year,Manual Invoice,False,97.3,1,1,16.0,7,0.0342,0
CUST-4400,Pulse Solutions,3,884.33,Month-to-Month,Credit Card,False,43.6,2,1,-23.2,7,0.9166,1
CUST-4401,Stratum Technologies,30,107.52,Two-Year,Electronic Check,True,65.0,3,0,8.2,4,0.0518,0
CUST-4402,Synthetix Logistics,22,321.64,One-Year,Bank Transfer,False,57.6,0,0,24.5,7,0.029,0
CUST-4403,Skyline Healthcare,2,153.64,Month-to-Month,Electronic Check,False,60.0,10,0,3.8,4,0.9776,1
CUST-4404,Cobalt Enterprises,39,114.85,One-Year,Bank Transfer,False,54.4,6,1,-5.8,6,0.3453,0
CUST-4405,Krypton Enterprises,10,1024.92,Month-to-Month,Bank Transfer,False,54.0,1,0,3.8,7,0.4639,0
CUST-4406,Aero Logistics,31,72.95,One-Year,Bank Transfer,True,72.2,3,1,-36.0,0,0.4883,0
CUST-4407,IronClad Technologies,37,90.92,Month-to-Month,Electronic Check,True,48.8,5,0,-3.2,6,0.4874,0
CUST-4408,Acro Logistics,39,589.65,Two-Year,Credit Card,True,88.5,6,2,-32.4,6,0.086,0
CUST-4409,Krypton Ventures,25,163.1,Month-to-Month,Credit Card,False,86.2,7,1,13.4,7,0.47,0
CUST-4410,Aero Cloud,13,617.03,One-Year,Credit Card,True,71.0,2,0,1.3,7,0.0504,0
CUST-4411,Skyline Finance,12,247.59,Month-to-Month,Electronic Check,True,60.0,0,1,-4.0,8,0.2665,0
CUST-4412,Pulse Labs,17,258.71,One-Year,Credit Card,False,5.0,2,1,29.4,9,0.129,0
CUST-4413,Crest Logistics,34,577.4,One-Year,Credit Card,True,73.7,4,1,-24.1,7,0.2171,0
CUST-4414,Aero Healthcare,27,66.66,Month-to-Month,Credit Card,True,55.3,0,2,-5.1,8,0.1764,0
CUST-4415,DataCore Enterprises,31,279.34,One-Year,Bank Transfer,False,59.4,7,0,34.2,2,0.5245,1
CUST-4416,Synthetix Enterprises,16,233.79,Month-to-Month,Credit Card,True,21.9,5,1,-8.3,9,0.5302,1
CUST-4417,Stratum Solutions,44,98.59,Two-Year,Electronic Check,False,78.1,3,1,19.1,7,0.0198,0
CUST-4418,Krypton Dynamics,35,320.9,Month-to-Month,Credit Card,True,36.5,1,1,34.6,6,0.2203,0
CUST-4419,Pulse Healthcare,51,144.51,Two-Year,Bank Transfer,True,72.7,4,1,-25.8,5,0.0542,0
CUST-4420,Krypton Group,32,347.54,Two-Year,Electronic Check,False,82.7,0,0,27.7,9,0.0131,0
CUST-4421,Lumina Logistics,12,294.59,Month-to-Month,Credit Card,False,49.2,11,0,-36.3,1,0.9881,1
CUST-4422,DataCore Solutions,9,638.35,Month-to-Month,Electronic Check,False,82.0,3,2,37.0,7,0.5077,1
CUST-4423,Lumina Ventures,30,92.34,Month-to-Month,Electronic Check,False,49.1,1,0,38.1,8,0.251,0
CUST-4424,Stratum SaaS,36,299.6,Two-Year,Manual Invoice,False,77.8,1,0,20.6,9,0.0033,0
CUST-4425,Aero Dynamics,2,72.17,Month-to-Month,Manual Invoice,False,29.5,8,2,-2.9,3,0.993,1
CUST-4426,Synthetix Enterprises,34,327.02,One-Year,Credit Card,False,85.8,3,1,-26.4,7,0.0932,0
CUST-4427,Synthetix Networks,34,196.11,Two-Year,Bank Transfer,False,82.7,2,0,41.9,6,0.0038,0
CUST-4428,Krypton Enterprises,2,265.34,Month-to-Month,Bank Transfer,False,65.0,8,0,-41.6,8,0.8462,1
CUST-4429,Veritas SaaS,16,850.05,One-Year,Manual Invoice,True,51.9,4,2,-6.8,9,0.592,1
CUST-4430,Pulse Labs,14,698.23,Month-to-Month,Credit Card,False,31.2,11,1,-50.8,2,0.9973,1
CUST-4431,Vanguard Technologies,3,79.83,Month-to-Month,Credit Card,False,48.1,1,0,23.5,9,0.2236,0
CUST-4432,Skyline SaaS,10,81.56,One-Year,Credit Card,False,80.2,4,2,26.6,5,0.3231,0
CUST-4433,Lumina Analytics,28,229.86,Month-to-Month,Electronic Check,True,66.0,2,2,0.3,9,0.3751,0
CUST-4434,Krypton Labs,9,350.43,Month-to-Month,Credit Card,True,26.6,7,0,-8.1,7,0.9239,1
CUST-4435,Nexus Analytics,43,59.55,Two-Year,Bank Transfer,True,45.4,7,0,-18.8,5,0.1394,0
CUST-4436,Krypton Technologies,5,299.09,Month-to-Month,Bank Transfer,False,81.6,2,1,-3.5,9,0.0933,0
CUST-4437,Cobalt SaaS,54,95.34,Two-Year,Bank Transfer,True,81.0,9,0,-30.4,4,0.0766,0
CUST-4438,Omni SaaS,32,61.28,Two-Year,Electronic Check,True,39.9,3,0,36.8,8,0.0118,0
CUST-4439,Skyline Logistics,7,763.16,Month-to-Month,Credit Card,True,21.8,2,1,13.8,6,0.8742,1
CUST-4440,Skyline Dynamics,13,62.26,Month-to-Month,Electronic Check,True,46.4,0,1,-8.7,9,0.2463,0
CUST-4441,Omni Networks,26,119.78,One-Year,Electronic Check,False,25.8,3,0,-2.5,5,0.6487,1
CUST-4442,Skyline Dynamics,5,56.53,Month-to-Month,Manual Invoice,False,53.4,0,0,77.9,10,0.049,0
CUST-4443,Nexus Systems,3,632.3,Month-to-Month,Credit Card,True,98.0,0,1,6.8,9,0.2196,0
CUST-4444,Skyline Technologies,22,529.64,One-Year,Bank Transfer,False,29.7,3,1,27.3,10,0.2361,0
CUST-4445,Apex Healthcare,40,198.54,Month-to-Month,Electronic Check,True,63.3,2,1,-20.4,8,0.1795,0
CUST-4446,Solace Cloud,52,124.78,Two-Year,Credit Card,True,96.8,1,2,3.8,4,0.0074,0
CUST-4447,Aero SaaS,6,847.7,Month-to-Month,Credit Card,False,71.8,8,0,-34.6,3,0.9823,1
CUST-4448,Krypton Networks,15,288.42,Month-to-Month,Electronic Check,False,56.5,8,0,-32.4,3,0.9852,1
CUST-4449,Synthetix Healthcare,2,631.82,Month-to-Month,Electronic Check,False,52.7,6,1,1.8,4,0.9623,1
CUST-4450,Stratum Healthcare,53,334.46,Two-Year,Electronic Check,False,47.8,10,0,-47.4,5,0.5931,1
CUST-4451,Cobalt Logistics,18,64.39,One-Year,Credit Card,False,55.0,4,1,-41.8,1,0.9251,1
CUST-4452,Crest Systems,53,327.62,Two-Year,Manual Invoice,True,75.8,1,0,19.1,10,0.0021,0
CUST-4453,DataCore SaaS,8,63.19,Month-to-Month,Bank Transfer,True,79.5,3,2,-26.2,8,0.4446,0
CUST-4454,DataCore Group,29,68.89,Month-to-Month,Manual Invoice,True,51.3,5,1,-22.0,6,0.7076,1
CUST-4455,Stratum Finance,9,325.5,Month-to-Month,Bank Transfer,False,53.9,3,1,-54.0,6,0.8355,1
CUST-4456,IronClad Analytics,55,905.49,Month-to-Month,Bank Transfer,True,52.5,2,0,-32.7,7,0.1095,0
CUST-4457,Pulse Dynamics,26,315.85,One-Year,Credit Card,True,67.3,0,2,0.5,9,0.0795,0
CUST-4458,Krypton Dynamics,25,217.02,One-Year,Credit Card,False,78.2,0,0,-0.8,10,0.0059,0
CUST-4459,Quantum Technologies,31,73.83,Month-to-Month,Credit Card,True,76.9,7,0,6.7,5,0.48,0
CUST-4460,Omni Finance,47,88.92,Two-Year,Bank Transfer,True,45.7,2,0,-23.5,8,0.0115,0
CUST-4461,Vanguard Dynamics,27,63.77,Month-to-Month,Electronic Check,True,66.0,1,0,-2.2,6,0.2832,0
CUST-4462,DataCore Solutions,50,362.26,Two-Year,Electronic Check,True,56.5,1,0,3.2,9,0.0049,0
CUST-4463,Hyperion Analytics,2,135.88,Month-to-Month,Manual Invoice,False,75.8,2,1,-11.1,7,0.7174,1
CUST-4464,IronClad SaaS,26,65.53,Month-to-Month,Electronic Check,False,59.6,1,0,16.9,9,0.1141,0
CUST-4465,IronClad SaaS,3,658.28,Month-to-Month,Manual Invoice,True,25.5,2,2,-38.1,5,0.9818,1
CUST-4466,Krypton Analytics,2,29.0,Month-to-Month,Bank Transfer,True,51.2,7,1,-8.2,6,0.881,1
CUST-4467,Crest Group,13,498.68,One-Year,Electronic Check,False,68.1,2,1,22.5,8,0.1066,0
CUST-4468,Crest Group,8,317.52,Month-to-Month,Credit Card,False,62.3,0,0,-15.6,10,0.2697,0
CUST-4469,Stratum Cloud,13,85.76,Month-to-Month,Bank Transfer,False,48.7,3,0,6.0,8,0.397,0
CUST-4470,Vanguard Healthcare,19,374.39,One-Year,Electronic Check,False,49.0,2,0,7.9,9,0.1148,0
CUST-4471,Veritas Healthcare,25,372.71,One-Year,Bank Transfer,True,42.7,3,0,10.7,6,0.0898,0
CUST-4472,Stratum Global,48,305.98,Two-Year,Bank Transfer,False,61.5,3,0,-4.0,8,0.0195,0
CUST-4473,Cobalt Labs,9,298.79,Month-to-Month,Electronic Check,False,40.6,4,0,28.5,8,0.4869,0
CUST-4474,Hyperion Group,41,86.65,One-Year,Electronic Check,True,86.7,0,2,47.8,9,0.0041,0
CUST-4475,Crest Group,26,120.7,One-Year,Electronic Check,True,44.8,4,2,-1.4,6,0.5137,1
CUST-4476,Quantum Cloud,6,498.98,Month-to-Month,Electronic Check,True,59.2,0,2,2.8,7,0.5945,1
CUST-4477,Krypton Ventures,20,87.52,Month-to-Month,Electronic Check,True,62.1,3,0,-3.7,7,0.205,0
CUST-4478,Hyperion Systems,11,100.4,Month-to-Month,Bank Transfer,False,77.2,1,0,-30.8,6,0.3187,0
CUST-4479,Stratum Analytics,30,802.14,Month-to-Month,Electronic Check,False,85.8,1,0,-33.7,7,0.4355,0
CUST-4480,Acro SaaS,11,62.69,Month-to-Month,Bank Transfer,True,72.2,4,2,-45.8,4,0.8761,1
CUST-4481,Acro Cloud,4,336.24,Month-to-Month,Electronic Check,True,63.3,2,1,0.6,7,0.6101,1
CUST-4482,Acro Solutions,6,368.95,One-Year,Credit Card,False,35.8,4,0,-11.8,4,0.7821,1
CUST-4483,Veritas Systems,27,336.28,One-Year,Credit Card,True,41.7,6,0,25.2,9,0.1184,0
CUST-4484,Skyline Solutions,57,109.74,Two-Year,Bank Transfer,False,55.2,2,0,-63.6,6,0.0481,0
CUST-4485,Aero Analytics,31,71.02,One-Year,Credit Card,False,79.3,5,0,-9.0,6,0.0388,0
CUST-4486,Solace Logistics,7,111.9,Month-to-Month,Electronic Check,False,58.6,4,1,-1.2,8,0.7213,1
CUST-4487,Lumina Group,29,288.75,Two-Year,Bank Transfer,False,81.1,5,1,7.4,10,0.0168,0
CUST-4488,Apex Dynamics,42,310.69,Two-Year,Electronic Check,False,87.7,1,2,-4.4,8,0.0248,0
CUST-4489,Krypton Systems,19,301.93,Month-to-Month,Electronic Check,False,46.2,13,1,-29.9,0,0.9992,1
CUST-4490,Acro Ventures,37,272.71,One-Year,Credit Card,True,66.7,1,0,6.4,10,0.0059,0
CUST-4491,Crest Logistics,41,63.5,Two-Year,Bank Transfer,False,67.0,1,0,13.0,5,0.0139,0
CUST-4492,Synthetix Labs,17,82.95,One-Year,Electronic Check,True,53.5,4,1,-12.5,5,0.5753,1
CUST-4493,Vanguard SaaS,38,927.62,Two-Year,Credit Card,True,55.7,2,0,51.9,10,0.0037,0
CUST-4494,Cobalt Networks,6,253.51,Month-to-Month,Credit Card,True,80.5,2,2,3.4,7,0.3444,0
CUST-4495,DataCore Healthcare,15,107.33,Month-to-Month,Manual Invoice,False,60.5,0,2,-0.1,7,0.3315,0
CUST-4496,Hyperion Labs,20,103.43,Month-to-Month,Electronic Check,True,61.3,1,1,-21.5,8,0.3794,0
CUST-4497,Skyline Global,18,77.53,One-Year,Electronic Check,False,44.3,14,1,-50.6,1,0.9951,1
CUST-4498,IronClad Global,44,119.72,Two-Year,Credit Card,False,81.7,2,0,36.8,7,0.002,0
CUST-4499,Omni Healthcare,63,686.0,Two-Year,Electronic Check,True,53.8,0,2,-67.1,8,0.0413,0
